rainfall_72h,slope_degrees,soil_moisture_percent,risk_label
260.1383811,59.78333192,14.3732154,2
510.2955469,15.15308414,26.6484492,1
297.7302658,13.13538426,12.942605700000001,0
231.64061,10.67473411,24.0198166,0
330.2782491,48.83926893,34.5723604,2
202.5405773,54.82117331,47.8377013,2
35.38021616,6.06307551,32.998575200000005,0
142.3158542,12.44329219,48.8978417,1
364.1998156,17.05540178,49.590438199999994,1
431.3470882,50.1481523,16.5302975,2
48.749749,7.412904402,28.002894499999996,0
220.5370951,17.70945118,27.2973392,0
263.083504,62.61598072,19.8596729,2
161.8568,75.63245655,34.7318748,2
268.6042073,77.27816193,34.0150758,2
560.4140287,8.414488037,23.5641189,1
231.4049262,16.16628881,40.3010923,1
335.6907827,15.91446707,19.765204699999998,0
274.0082736,63.92531319,39.098636,2
363.2571955,8.240471606,11.773011499999999,0
534.4545005,10.79431558,39.1651426,1
12.11433546,53.82030188,18.9484933,2
94.60398725,77.3850693,12.1252025,2
203.7881161,18.91687219,32.900128099999996,0
339.9197794,55.03025514,45.0698242,2
533.8923908,9.228943276,36.5368162,1
574.8242545,9.001918242,36.859439,1
579.2137722,7.247941983,40.2051442,1
141.6828837,9.183078894,42.3507338,1
325.276229,70.94176739,26.9110255,2
199.498253,73.47064441,49.1970432,2
526.8195101,16.16074177,38.814476799999994,1
298.8788731,46.77038097,48.319168000000005,2
477.3453287,9.725124128,25.5654587,1
563.7004499,50.37490134,48.8674194,2
539.07595,58.30396523,32.6980203,2
51.47218824,41.27039155,24.8115054,2
452.9651818,19.48655666,13.3325343,1
378.2231936,15.79939309,13.1878098,0
463.8725951,10.50760722,27.8011363,1
230.3811708,9.050876992,27.928916799999996,0
322.0690252,5.954021546,29.7865417,0
376.8762517,66.35586822,36.7320444,2
523.1844383,56.15068362,23.6083455,2
127.8066114,72.02848237,24.2554628,2
184.6071394,49.69219979,22.6223699,2
174.5524503,51.80280907,47.429116799999996,2
143.065537,63.13729752,40.034897400000006,2
382.6223145,14.69070416,13.398322700000001,0
347.9671047,5.013587529,33.043334200000004,0
235.8576659,14.49015552,18.6845965,0
547.5725059,56.01815235,25.464771400000004,2
482.837156,16.74401259,12.987220599999999,1
345.6962466,51.65044158,40.375347700000006,2
147.8670838,18.46932824,19.030362,0
85.96735674,15.00063283,37.2519846,0
65.40479172,42.6795837,31.165346900000003,2
545.8121658,12.38550573,33.8228188,1
178.4082966,53.53305081,11.2819377,2
421.2606513,10.19399076,35.8637317,1
337.0274318,16.40696909,44.445194,1
135.6942921,68.82737001,29.678220500000002,2
232.2217728,53.96929164,12.043272100000001,2
219.7276791,77.53141661,24.642189300000002,2
438.4652167,10.20438426,44.1331212,1
577.4480412,73.88861627,30.5819986,2
331.8437276,15.73453326,48.8854354,1
285.7872057,15.0140257,25.801753599999998,0
155.2752604,6.138074618,34.2033441,0
585.4863024,8.060965828,16.34582,1
105.9410394,60.02978433,18.244031,2
538.7169038,13.11240596,11.778488,1
96.75490558,61.64400207,29.5436023,2
533.8046588,42.98211899,42.7883927,2
265.286053,50.35045891,42.522358100000005,2
523.5462364,41.94623128,32.3583168,2
71.77804739,50.96916684,13.2037128,2
440.1014991,74.42842093,23.4076754,2
166.0411769,6.837221253,42.1355576,1
126.7166585,58.05324853,19.740062599999998,2
65.71696066,10.06954969,34.4173744,0
322.2921746,63.09073974,17.200612800000002,2
224.4033693,16.86506111,43.4977297,1
215.3597419,68.24669372,27.987560000000002,2
459.2659491,11.56672216,36.8729319,1
413.410181,6.085358866,22.062474700000003,0
61.93848937,48.64160898,10.200097099999999,2
396.0782334,11.83198358,44.7767062,1
150.6558942,19.06221759,21.259798099999998,0
293.1831409,6.338332521,39.876945,1
119.4259678,19.35253501,18.4544893,0
146.6831065,17.31547921,20.2412484,0
415.7643923,6.288655823,16.2863781,0
400.4753709,9.811003735,31.153335300000002,0
408.910247,9.697730761,40.151329600000004,1
598.4140068,8.20605032,29.334174400000002,1
52.67437543,8.871614648,49.8503698,1
251.739315,77.97003279,16.8204372,2
271.90556,5.578873429,25.306475699999996,0
97.89537551,60.32890807,34.9116536,1
4.614621586,15.37580171,12.2708695,2
415.7358624,17.59112056,39.1093871,2
501.5735397,5.658569204,24.6008427,2
152.2830032,67.07542067,33.8869282,1
388.8602022,13.21417976,32.4020067,2
472.9658653,67.99864048,35.9227597,1
407.8033602,62.85281006,16.5265582,1
81.14565538,48.12830373,19.8246175,0
582.8367479,15.57594926,25.5324447,2
16.45134924,70.4906809,42.6782022,1
89.7594535,16.96703558,37.3121376,2
48.63451585,64.7444784,25.6284364,1
314.2061832,52.33068012,40.3239424,1
591.7528501,10.54606716,37.8563045,2
309.6812616,13.03021652,41.1048923,2
471.4065559,16.47659887,23.390731000000002,2
592.186363,16.07443266,24.9542568,2
156.6740811,15.89127277,18.5868892,2
261.4896714,53.83056871,44.2288979,1
336.8284789,10.10412473,19.6447972,2
143.4932394,11.74915511,36.723522800000005,2
535.0596848,14.1556409,34.9488676,2
462.37859,68.97178029,41.7817608,1
208.8896086,51.65806591,23.5814124,0
311.0709202,66.80778435,40.3999665,1
276.3465376,10.73544997,42.3968161,2
143.8096088,7.995046071,18.4356015,2
579.130186,15.65527251,41.3045502,2
237.5733307,14.72385431,12.029073799999999,2
349.8601592,73.50340892,33.2481109,1
60.51046054,12.94750833,43.3457885,2
190.0802062,78.46945081,35.047024799999996,1
330.5357162,71.55338614,22.393045100000002,1
597.4177241,55.16995563,31.0615661,1
76.06860401,9.749036522,15.2911258,2
371.7915131,74.05089548,36.541564300000005,1
79.38226959,13.69304554,33.8928717,2
410.0765952,12.98130236,45.9284889,2
477.1435307,49.76162135,42.7010486,1
481.0622947,19.3696903,23.0147454,2
159.2373152,19.48276877,23.9609275,2
6.400446417,15.07668905,44.6118717,2
154.4529266,12.88147997,16.0612256,2
166.1752001,47.22410025,14.2366346,0
555.5212145,56.17918781,18.6028734,1
239.3135559,19.83825025,35.362116900000004,2
87.49150791,12.82399269,31.2549628,2
409.6151762,9.024308006,28.3356335,2
312.3510719,62.48941287,27.0560782,1
34.62401773,9.113193337,18.8966085,2
466.856637,15.42231095,45.892935699999995,2
109.0183444,41.75319382,47.743060199999995,1
409.8048905,75.49462062,32.739900999999996,1
371.6031787,54.22467321,25.3901944,0
342.0511857,12.87711278,27.832853,2
141.0861059,76.83446261,28.933721499999997,1
13.28389905,75.01046431,14.4108048,1
447.0510409,13.67112574,20.9180327,2
176.4865177,60.85064954,21.6204365,1
26.18790219,70.21525155,28.8751584,1
493.9891853,10.74604055,26.3488206,2
220.2380651,15.00391171,14.5111268,2
119.4410463,10.06038618,13.719455499999999,2
217.8210298,69.14462716,16.4307806,1
381.8152201,61.84249987,40.142304499999995,1
5.323973992,75.14361698,27.0360447,1
541.9416472,49.49196144,33.665737299999996,1
90.07677157,50.66039349,26.6157739,0
357.4135184,19.00119691,20.3992969,2
353.9149915,5.78499286,41.5487092,2
118.7505275,9.695380321,37.7935432,2
514.6206732,16.59310905,48.0414244,2
277.9839412,6.639191681,35.6493931,2
264.7849147,9.426632903,18.516137099999998,2
206.6728131,69.14675527,11.4470852,1
203.8582886,70.74591343,34.6998969,1
40.27159463,61.63744973,23.2100749,1
222.0553267,55.25455901,15.209496,0
589.6804361,18.97869099,34.102093599999996,2
209.342364,60.56252986,33.413160600000005,1
43.74443383,42.96679795,42.6489611,1
488.3620231,9.319011411,11.5483122,2
92.76385064,12.78121771,24.875587699999997,2
9.815843706,5.140174302,13.418661400000001,2
273.0734092,74.75236287,43.9566989,1
481.119944,19.10959999,21.7435705,2
285.6167567,76.49899943,42.5613959,1
132.9660019,60.76986711,35.618744400000004,1
144.1209155,16.43318087,33.189812,2
223.9736635,13.17625119,31.7480697,2
374.1178197,16.3239881,31.0181178,2
320.2246847,14.65655912,27.4549812,2
194.9564996,47.58007901,13.6210372,0
40.3031175,11.36277584,14.060552200000002,2
389.8535699,6.582704696,24.265861,2
214.6318317,64.4057218,27.491728900000002,1
172.0613763,19.03091735,29.448315800000003,2
78.38172289,8.840317596,24.105041399999998,2
451.6224867,42.09227414,38.3272062,1
12.80765966,16.87029085,25.7965597,2
324.9044318,19.99025451,17.691166799999998,2
495.1362948,68.23307581,35.9936848,1
594.7836489,58.40701655,21.5979752,1
48.7409372,42.95789178,47.9274638,1
27.09348726,11.50585554,45.1952567,2
26.85905123,5.768364446,33.217876600000004,2
9.488478367,8.852473619,27.7665086,2
402.3425092,60.92611597,43.5681374,1
19.51785437,16.324103,22.3167946,2
263.4806565,14.23101132,39.1062671,2
113.9495118,8.044903388,22.992136799999997,2
118.9771095,13.26035817,11.028675400000001,2
497.6882854,41.39511331,45.8669509,1
51.49856101,6.90550364,23.7400474,2
250.0935003,55.57443365,33.5017871,0
537.5138776,73.35153325,47.8497554,1
42.13647456,7.045566575,39.2537593,2
198.9600185,50.42766193,44.6435416,1
422.7386377,18.64895237,28.0881888,2
52.17921931,71.42728327,21.5737908,1
368.6195039,8.734152872,33.3669992,2
79.31453928,50.13711848,26.954085100000004,0
582.8275292,13.96523503,20.4437086,2
358.7547241,18.42650044,22.5329062,2
71.17096463,18.95247804,18.3199982,2
188.7429964,17.07761596,24.593977,2
248.0091843,11.97274706,41.2229615,2
549.8613133,5.110367444,48.1963747,1
111.1267023,55.77548399,35.766814000000004,2
301.6247425,8.448775563,16.2504405,0
530.766783,51.05523284,11.382355299999999,2
110.6591411,11.9102746,46.2253176,1
367.3911736,44.79440214,23.660159,2
258.9593002,15.63944191,20.262514,0
32.3829819,12.91369434,25.4071081,0
550.9503769,66.61125573,34.954559,2
455.8624185,15.04416885,28.3638004,1
452.7498705,13.84751592,33.0921801,1
445.5647814,13.89733993,44.3343985,1
123.8294788,15.63350009,28.413372199999998,0
350.8830886,12.42474192,21.879843299999997,0
338.2103003,79.69793281,37.8180382,2
220.317605,14.23436595,31.8717914,0
10.64324455,9.238254013,30.648744900000004,0
60.27929396,53.17560367,28.874674900000002,2
95.01671057,76.5829472,24.0565495,2
592.8651924,17.01757255,43.6047607,1
214.5485212,9.345919756,13.7778564,0
469.9841928,17.04046108,49.9031128,1
228.489214,53.1624514,10.4610756,2
561.7908938,5.338545449,37.4897443,1
404.5612138,18.52446844,46.6746683,1
546.1184285,5.590428197,23.545945200000002,1
162.6715626,72.10287621,42.5037261,2
197.6815788,66.14824419,12.7753496,2
447.0837375,56.86304949,12.3851577,2
416.1000917,15.25549319,17.6927403,0
27.32919844,51.43471343,29.93828,2
440.5810999,66.30327547,48.9928505,2
365.425008,66.16582369,42.295984,2
69.65401464,10.54073971,35.0938181,0
64.77490575,11.03234573,37.1951352,0
92.36961279,69.10262566,47.415707600000005,2
448.7681638,11.72256271,45.6592292,1
131.4465839,71.20166983,33.331436599999996,2
48.7295304,11.71957485,29.524746699999998,0
302.7459216,5.138013464,46.580839600000004,1
543.0566226,41.77977707,24.3861087,2
337.928374,77.71861983,22.2886241,2
568.4388218,46.02941934,19.3549755,2
416.0091295,73.46985327,39.8011569,2
213.7221588,5.137483253,12.432871299999999,0
426.4257974,55.76523395,42.2884257,2
551.2999753,5.923145512,47.276256700000005,1
402.5373974,66.33203514,32.2669121,2
201.8678769,5.160051905,43.4748632,1
293.2040944,46.37593363,41.3607037,2
528.6471195,55.91418703,45.1413165,2
127.8229885,5.922586047,42.8970132,1
340.5721365,15.78048899,29.7717029,0
491.052228,49.87955981,21.0836312,2
142.3894554,57.84512038,48.505048,2
48.60848681,40.00963536,42.9749923,2
400.9271157,5.00361507,24.3048596,0
490.4128202,64.02451908,49.7961075,2
238.2503151,44.18097086,30.611331600000003,2
133.4719013,56.33144479,35.457771799999996,2
97.09716202,15.90696795,17.151903299999997,0
18.85908389,44.10139925,20.3064067,2
403.9406385,74.68407004,49.774893399999996,2
197.6795123,17.915501,28.413207800000002,0
141.9429164,71.7813681,25.1585114,2
219.5148518,55.10603803,41.7395292,2
28.05884984,17.82664133,13.8207947,0
532.5119516,10.18742855,40.3634876,1
371.530408,6.193822211,31.766760100000003,0
529.4936282,49.65443419,32.5975978,2
91.85843679,62.10279008,26.3085163,2
30.26262122,16.96130831,29.827389,0
487.9387023,6.020153479,29.2881861,1
148.9995305,13.46451597,31.1952823,0
139.6434676,58.31607142,11.4432028,2
478.0232992,16.96997053,15.661244599999998,1
275.2081673,66.30842677,11.5929409,2
309.7989454,7.306239682,23.688076,0
245.2023461,56.95494024,14.9629651,2
84.00723369,62.90363656,34.8169846,2
438.7299913,52.31765038,12.003863200000001,2
252.9027563,55.2974034,21.8273147,2
488.5325525,45.95074305,15.6108051,2
597.3414478,5.224249567,31.8613527,1
333.5829953,8.373301703,31.2975724,0
548.5773809,46.47256562,42.7383839,2
333.292665,48.81144671,43.7553083,2
425.3766218,14.0691907,12.9882948,1
28.5199619,55.22883525,18.7513765,2
35.54835765,72.17434045,30.755728100000002,2
428.1837761,68.39599191,31.0212245,2
431.2073674,48.1679625,13.802909199999998,2
353.3340722,51.42836979,33.060130900000004,2
443.5718433,61.09945515,18.9758682,2
297.9495155,12.01081003,32.900211,0
54.32025502,11.7635548,37.164370600000005,0
341.9742679,8.844385631,31.2703183,0
24.32737224,68.91656729,11.7898649,2
91.50856998,59.02238219,19.8988888,2
384.9582636,40.92776562,49.1277769,2
330.6603636,17.49906923,24.8000576,0
466.7821256,68.7439926,37.313469999999995,2
554.3451785,66.45328643,43.4289831,2
555.904452,72.97159502,18.0666228,2
420.8482645,49.19573962,30.5565863,2
465.715183,5.468203405,44.9915607,1
189.3807201,18.97302574,29.2668143,0
84.72920089,43.8306144,15.839694200000002,2
319.6160158,19.49032189,47.1556574,1
109.5608591,5.110295668,17.0333979,0
81.11170923,14.40249357,33.7378838,0
347.9584744,11.95714737,41.429044399999995,1
30.81832947,62.42154352,41.202108100000004,2
34.69334953,74.23358502,36.715514500000005,2
460.2508997,73.54234571,34.874496799999996,2
31.90326465,51.10948594,48.4579295,2
48.42049281,5.948801133,22.682928099999998,0
450.8661981,57.55360531,26.8767366,2
463.6726835,19.61658966,12.910257999999999,1
421.5366891,69.78592964,33.5586958,2
591.2916346,19.09886559,49.1883852,1
539.2496022,57.7753444,27.655436,2
533.717541,63.18097736,39.628104,2
469.3478582,75.38008325,32.884275099999996,2
545.2385232,62.69606328,19.1903789,2
87.23019297,6.320090413,20.072557999999997,0
246.0385696,6.30409341,16.623423600000002,0
500.1777597,10.27474809,19.914708,1
467.0803656,52.97032003,36.6384947,2
67.01979928,64.79449051,25.979603299999997,2
202.5364683,14.05689136,43.6658759,1
504.8433928,57.6311061,41.6960298,2
144.667961,7.5325041,15.155333100000002,0
524.8073423,7.520300783,47.8287685,1
456.0345213,61.91001837,16.1939713,2
108.9738942,41.62420888,32.0547979,2
204.1547998,69.99344894,49.8608843,2
210.5382285,8.7887901,25.898541299999998,0
506.7275708,77.86382366,23.432112999999998,2
196.1675654,13.05302327,23.3032838,0
351.4273296,62.5012119,28.090544499999996,2
476.7850068,54.57291029,49.2267915,2
4.845197263,48.54045472,42.2266319,2
55.55082337,57.18181795,35.8215066,2
367.9471407,72.76275299,29.360124300000003,2
357.4393575,49.31542045,34.6377077,2
139.6742569,10.04485091,23.1710538,0
424.2504607,18.6623633,37.868642200000004,1
310.3666218,17.89151874,33.4622732,0
103.9237374,50.60174115,39.457818,2
79.40340738,46.69932344,17.6391626,2
81.64794262,15.66682726,35.7409104,0
364.0534087,7.836164807,11.2236445,0
379.0869982,6.006405989,31.1001902,0
257.6896494,76.27235859,19.368317299999998,2
464.9955249,10.52443201,39.8851426,1
347.7421219,17.89498321,25.7072543,0
106.6168133,17.51687379,33.7689936,0
193.3105887,17.03984366,40.3966626,1
574.8414332,6.59195029,36.8644735,1
413.2814534,64.66903797,34.636501800000005,2
78.43341248,45.90561711,22.8092349,2
287.8458559,58.72002804,32.4046379,2
361.6355673,13.88852274,18.146537,0
56.21569272,45.37624508,33.988798700000004,2
81.54813063,61.49266781,25.2450717,2
372.5843291,77.99699884,14.2455377,2
356.9428121,15.50521833,47.298687900000004,1
127.0304676,12.44442688,18.7187045,0
17.242381,15.11288175,35.480126899999995,0
519.8373481,19.93703552,16.0184205,1
79.61453307,15.98356871,46.152611300000004,1
260.6383495,11.34415316,43.8417611,1
303.8404378,78.05587825,26.4892069,2
72.44467482,67.20881615,24.1470943,2
136.7464303,11.10213937,20.7714328,0
137.5592578,13.55468762,46.230705,1
482.6374809,70.77869099,15.8550079,2
227.6279938,10.20932711,46.7450404,1
69.68111286,10.31096844,39.5671951,1
94.20243686,11.75804809,20.1811479,0
463.0454176,75.93692971,22.354981300000002,2
363.4553704,19.15347826,29.9761157,0
413.4210619,10.19160861,39.5394906,1
584.7735238,11.77803567,19.2559592,1
407.7369466,49.54503795,47.6378943,2
122.2988735,44.26452345,20.347258500000002,2
529.2634143,19.45726492,33.6610935,1
501.6639806,68.42682396,14.3987487,2
521.5518408,9.864704958,11.5180564,1
377.2833611,65.72695181,34.674842,2
396.1206411,42.73483517,25.4110967,2
149.6210698,19.55859999,27.110124400000004,0
242.965145,19.25890949,25.8011027,0
359.5844276,69.71614412,26.4147139,2
44.77436333,50.54654452,28.0162948,2
590.5855391,41.28447163,24.1320899,2
143.6526529,51.88554478,49.2293497,2
526.7228566,16.85124875,34.8612433,1
445.040417,8.141100709,47.169358300000006,1
192.245295,6.248345993,41.23265,1
502.0406004,5.057454358,41.7354222,1
135.6426466,57.98632898,32.8349779,2
516.5902195,40.04971515,29.265592,2
285.8910711,40.75865539,21.53821,2
110.7805769,11.7099864,16.0069241,0
331.2587922,5.595668114,39.137862,1
512.9499549,8.968956678,43.4411766,1
593.8404914,15.82173736,11.080528900000001,1
265.8490093,69.15224796,20.855962899999998,2
68.42998205,41.329613,44.2448845,2
170.8565408,43.12524172,42.3638164,2
143.1956128,17.29802221,45.5224437,1
463.1959174,18.99669832,32.2305189,1
164.9558683,5.948940077,48.2418705,1
142.3639843,54.61334454,14.3343911,2
581.480659,75.77966179,41.882189600000004,2
85.22087554,12.62608965,45.236398799999996,1
271.0622144,13.94065393,19.034590400000003,0
239.7054466,43.03415143,31.039055700000002,2
463.4102527,13.36533037,32.8539381,1
10.4255782,12.35673645,46.2407156,1
101.9645164,75.21370966,40.690200999999995,2
437.3711875,16.62287603,10.2818206,1
11.64382374,78.87703187,43.2578959,2
91.16808633,67.59131005,44.6912957,2
226.4530367,14.21279366,49.1918553,1
162.4130404,52.95867731,38.684638,2
292.1770602,5.406599785,20.6080036,0
231.8923326,5.006154342,34.5165097,0
130.006348,47.48935358,28.3685982,2
345.4236513,55.5867328,42.5672899,2
376.1993371,12.68922866,28.7904942,0
283.9190286,16.54597127,24.1583674,0
224.0196294,7.552141103,35.3618537,0
435.9679675,16.52631607,43.059362,1
530.9357554,57.80750183,28.740103500000004,2
100.9543612,44.31182087,49.6124566,2
156.6418558,14.69611063,11.444169,0
363.1100537,9.571413692,35.3035629,0
69.31215242,42.6041877,47.082131700000005,2
417.8820904,68.54772189,35.1712925,2
403.0177709,50.05863882,29.7074889,2
481.1875434,67.03418951,45.8333537,2
519.370787,8.142788365,17.3573038,1
292.4542191,11.13773881,22.7951802,0
541.1178067,70.51315466,25.668738400000002,2
490.4876837,56.95498974,45.9952164,2
432.1969808,17.95684434,35.5628526,1
332.5907781,14.31248949,12.6680588,0
175.6762535,18.77782296,44.173276099999995,1
183.6383693,12.04152293,12.7176192,0
422.8058901,17.00546283,23.8695519,1
297.7037484,78.56995364,44.1645993,2
177.9047942,19.07671461,25.2882883,0
523.8289655,56.4305376,33.0974683,2
342.8895082,5.269367956,46.518664,1
368.5271127,6.3444766,37.3817574,0
149.0937521,60.45954352,19.392979699999998,2
304.8968819,64.68851912,25.285362900000003,2
411.9678876,15.11329449,20.8974563,0
73.26287558,9.293885531,18.424939000000002,0
405.5332545,15.53598082,27.8153657,0
549.6296038,53.11678205,43.1324694,2
75.35164118,17.24050253,17.803518099999998,0
22.84000984,10.39008486,31.535804499999998,0
116.7679864,14.3481556,10.7705653,0
584.3853188,55.52474763,30.596068300000002,2
367.1842503,52.56766522,22.1043627,2
64.95505847,64.0082743,12.2852583,2
591.3034889,65.95184659,21.2391602,2
43.33840399,12.43575515,38.6071285,1
72.60073001,19.42326098,26.3549614,0
450.9916108,43.10849848,12.7908611,2
62.33865472,61.15373497,39.8964493,2
63.72845588,17.5286609,28.1387389,0
540.7823917,10.99579326,25.5298872,1
15.72438295,10.35862952,21.983034,0
509.6870673,7.006672175,16.8814296,1
522.3593956,5.192324743,19.3174806,1
11.57606221,57.73145934,31.676402799999998,2
394.319692,78.8575552,18.2238532,2
28.3249899,74.11100817,40.7709548,2
75.80018485,12.27845684,38.9848888,1
450.2465392,10.60475445,47.5285889,1
462.1147783,12.20275273,21.8902419,1
68.38395128,17.95147367,16.0454568,0
198.6051221,15.1027518,46.076644300000005,1
433.1102641,69.26451277,19.2163946,2
143.6123611,42.39388759,39.5747832,2
249.2300404,40.5556054,18.581677199999998,2
99.13786859,40.43153985,33.499953500000004,2
196.6037378,11.8093825,30.979100300000002,0
429.0619071,9.91825991,13.0445641,1
227.4495128,10.0311022,19.4989767,0
505.3063977,12.04481385,22.677530400000002,1
323.5532162,6.987059845,33.860670999999996,0
132.2255916,73.05226509,42.6199619,2
162.0170339,65.73684261,24.890699299999998,2
582.8742407,58.43480821,38.2087611,2
133.0916061,57.76531403,39.0169224,2
136.4674389,11.34302614,13.554978100000001,0
144.0640275,72.47858435,22.6321171,2
125.0686594,57.95055554,36.1519016,2
175.8816596,17.96345903,32.0419659,0
256.5164564,17.11553554,27.2284321,0
319.9126982,6.352935503,44.4976116,1
93.30093104,61.45525143,37.119908699999996,2
565.9451182,41.41364178,39.342321600000005,2
528.6974068,11.39887852,31.680153100000002,1
364.1105119,51.7028237,23.956142,2
389.8492193,15.6301508,41.285786200000004,1
301.6192968,64.13362518,38.3003335,2
536.3811517,14.8135367,25.7787019,1
421.2259513,5.956918344,11.7922179,1
379.5558913,65.56562624,21.9989316,2
571.5282648,44.79901233,44.1564067,2
137.4656293,70.39857033,11.7884406,2
34.76423317,49.03089051,38.6643521,2
120.0531665,7.437476232,34.4726009,0
560.6962656,47.48180655,47.773679800000004,2
220.3029426,64.53870402,24.9457707,2
505.3717007,55.57804714,22.557337,2
85.62869084,11.85332108,28.5354226,0
113.3843345,14.09768338,41.3211655,1
308.7007666,5.780356325,37.3015571,0
589.3594976,49.32279335,26.1289418,2
438.5141225,11.58695991,19.8776365,1
485.5450901,12.60395174,26.8269564,1
473.3640018,42.77868118,24.4725601,2
27.72275859,72.06517582,19.6530607,2
67.38643744,12.0353741,43.0792825,1
431.349916,10.69606107,43.846994900000006,1
318.9219122,19.6775895,43.8441835,1
247.6008125,6.344783469,49.0357681,1
24.34776834,54.64598549,13.265141999999999,2
2.295284668,12.5663156,29.932546199999997,0
369.3617628,7.95774473,27.381053100000003,0
133.1437685,13.44689891,33.2152113,0
71.43379473,6.940709255,40.825077199999996,1
437.8058263,71.36132945,39.3123161,2
582.6547591,5.450303386,27.1328707,1
51.4898824,65.67550309,26.8665327,2
157.3481303,65.84932859,43.0649016,2
242.7294073,10.07831041,17.4303676,0
560.3711324,6.744105204,48.7779777,1
93.33612027,69.63657845,17.9656486,2
199.6869625,73.6168677,39.1853192,2
105.2730336,18.1919404,43.4831085,1
592.1710118,19.88138281,10.6363563,1
597.3196635,14.82163627,44.373004,1
256.3100563,19.17477178,19.4475086,0
508.4568486,48.32739512,30.8478498,2
13.62937479,8.120368441,36.921536599999996,0
433.2843902,46.13954229,10.2246329,2
348.0060106,14.47583627,33.9290164,0
509.4805782,56.45771067,28.8049911,2
466.998563,11.73277048,25.831707799999997,1
521.5780425,77.90349599,13.1086758,2
231.7884105,74.55250229,15.2661616,2
322.9540327,65.4525136,34.1075599,2
247.2818574,19.9835705,13.282347999999999,0
160.3112335,18.42550788,20.4602478,0
161.2921691,19.19113427,41.4419325,1
225.9110106,14.98920749,19.269294000000002,0
50.12857221,54.01945136,36.1464715,2
133.3477933,44.98270191,43.1214382,2
271.9826666,55.30825141,25.5877232,2
189.9769956,41.2411377,47.7099038,2
448.6532087,65.315436,24.603439899999998,2
325.1112784,42.19039725,37.6511074,2
567.1244176,5.901097525,33.909158700000006,1
200.5464416,14.19674359,37.4514384,0
24.00408814,19.06830464,14.103652199999999,0
272.9337975,19.35702249,21.569850900000002,0
531.4709114,79.7015228,25.0791997,2
92.93934705,48.23082088,43.8576331,2
139.3265461,76.7243588,21.0210155,2
15.85342506,79.24719813,27.899622800000003,2
514.0458489,58.51358809,39.3072096,2
153.7506955,60.09608879,24.7267518,2
566.3609212,67.99675099,44.130463199999994,2
356.7707119,11.95978126,41.010165799999996,1
404.4775375,19.42417163,15.119941,0
208.8022613,65.4007628,15.715748800000002,2
570.9716459,16.55656704,20.420447799999998,1
107.5672933,12.80345734,36.6771461,0
232.597634,18.92558828,33.564942800000004,0
177.4586124,17.84230433,33.7613842,0
569.2546005,12.76444743,30.227211999999998,1
442.2028039,62.02454831,11.6362147,2
334.1924373,14.51364636,48.0148137,1
320.0769612,43.76559043,33.651832999999996,2
122.2867365,14.55039372,19.821060300000003,0
49.84047421,49.14484232,16.3842195,2
292.3978534,52.22980777,17.5543143,2
198.4866689,8.102556659,26.202794899999997,0
86.94105102,52.37604402,41.3244513,2
520.81808,14.73620903,18.000958400000002,1
347.0466906,5.588975775,25.0366128,0
401.7136521,68.35803697,17.419725,2
312.682917,45.65428973,12.662025700000001,2
456.6057782,40.53839812,13.3213162,2
559.3435658,46.44073331,35.967421,2
510.6162197,40.91525096,38.1677381,2
116.9516206,72.68185018,41.5467297,2
164.9632348,53.23793579,34.628748599999994,2
585.1270323,8.684473611,38.5681443,1
131.7386351,17.55828714,33.2247641,0
117.6603914,8.421505669,28.720132,0
525.5652434,59.42264015,26.134373300000004,2
365.9154363,15.94282133,24.189302100000003,0
83.00652681,16.26185347,32.930520800000004,0
53.15892175,10.67037424,21.8158885,0
220.8541974,11.11841355,11.8638367,0
569.8100564,65.48137636,32.987169300000005,2
342.361268,79.23229714,48.3813999,2
132.8023248,7.410700238,10.6312144,0
585.7561083,62.7215801,47.26669,2
429.9845166,48.866187,36.3442353,2
292.9865317,76.45629133,42.2893214,2
345.3384249,12.70813752,28.490849299999997,0
114.4163392,62.53608704,12.4162274,2
131.2094573,75.65007253,31.3492991,2
511.4789633,16.34465145,39.2566808,1
65.41979245,45.72910231,25.1841757,2
146.1972281,45.20911785,43.893106700000004,2
555.9070478,17.88479587,16.5237463,1
49.91337473,15.4404711,31.3790916,0
391.5423292,47.29862699,25.5423267,2
216.3740849,10.93233614,47.806611700000005,1
42.83826276,5.138787837,49.3358378,1
156.6464017,12.3250237,26.4897059,0
383.8610712,57.1678425,16.926237999999998,2
105.9535863,10.47227144,39.7915454,1
386.7108547,15.30151693,19.1496736,0
412.9360998,16.80463699,22.2610176,0
475.4008181,73.25767119,13.243233400000001,2
510.1567192,15.53145783,12.778979500000002,1
599.2545288,9.463560747,38.6101154,1
347.4094374,16.88004689,18.0627447,0
339.5812342,11.02927887,23.1626,0
400.8361744,6.709488307,22.3310973,0
519.8218052,45.88123762,44.333923600000006,2
445.7923529,11.08207514,49.7358417,1
502.7486984,15.65314772,25.608107800000003,1
203.1584125,12.04110263,28.6645224,0
113.4799874,65.23651706,20.0842213,2
134.9800337,72.30584512,45.8956795,2
486.0094196,16.72193133,17.5539378,1
579.8045114,52.23824568,31.249242,2
4.288222962,40.8722825,31.875609599999997,2
222.5588389,17.7899923,32.891568,0
571.0190241,16.23444726,24.9153699,1
185.7962878,58.15399108,18.1790731,2
129.6696734,65.750478,18.4622841,2
74.2632583,64.03369519,19.4529501,2
36.56724745,19.43087748,19.3951795,0
421.3536163,57.22783747,12.7649102,2
573.005595,62.3765904,25.038007699999998,2
259.1823807,12.90882725,31.3842913,0
557.185058,5.896434113,46.5242688,1
61.19733133,11.10746448,39.4407554,1
82.78990283,50.87971905,16.9942816,2
174.570641,6.495893058,45.7511357,1
195.054504,41.37958879,47.1247647,2
361.9758168,10.97375352,21.3120336,0
495.828077,7.751868271,16.8416646,1
424.1404739,7.254659337,36.3153717,1
254.2350241,18.25996665,16.8128261,0
42.02354912,74.98725813,22.0795332,2
108.5596367,9.949623429,34.782477099999994,0
367.6909129,15.77102242,27.684190800000003,0
498.1301298,18.84929032,19.8857098,1
541.996753,72.51602391,40.2666774,2
163.003233,10.9437102,49.889972300000004,1
138.9066267,6.464150572,32.806513100000004,0
95.43055716,14.09022504,38.0393786,1
371.8023709,53.95664781,33.0976255,2
206.8340536,14.85678259,20.0665486,0
327.7227621,74.91517253,24.7837457,2
161.3148501,13.9052693,36.4677852,0
513.6471589,60.7311905,38.3004208,2
108.9833339,11.64691018,38.9123709,1
26.90918908,11.93492746,26.6966108,0
489.043496,7.696967202,32.5089491,1
385.8378254,14.62369522,19.201810299999998,0
534.3905065,19.19280341,14.6094837,1
486.3154706,10.92210924,35.7672457,1
384.2593148,45.92931009,20.1040898,2
97.99973311,14.19755541,36.634424599999996,0
306.2660538,7.024677291,18.5810978,0
511.865531,17.99893533,31.046710500000003,1
553.8219582,15.15230065,28.7503937,1
486.1020999,18.8862754,46.1019101,1
336.4095159,12.72788339,45.0895079,1
239.4818419,8.416675124,46.4369417,1
521.4724857,63.18376794,18.546800599999997,2
124.9121214,19.8255585,35.6844391,0
122.1049874,66.81735376,46.4653373,2
145.2065932,10.10334492,16.7563929,0
326.2164405,14.33863097,26.2300425,0
143.8237561,76.56346695,40.1872429,2
254.2249615,8.424968786,34.9802039,0
331.7215223,7.562205595,16.185993,0
282.2134418,9.53960511,13.619051400000002,0
95.56023638,7.362508221,10.9972006,0
121.6321645,5.712766358,23.3538534,0
202.8864771,14.56106918,30.840285499999997,0
48.27062537,50.86468211,40.600318800000004,2
293.6464086,75.21457638,26.481747700000003,2
419.9820661,10.66952533,44.3009226,1
489.5832647,10.00664896,49.9118731,1
283.0136938,10.32195934,26.4701044,0
30.60732751,10.20078142,42.7399863,1
474.9590793,11.07501648,49.4948333,1
86.96960149,55.49610882,34.9482384,2
154.129595,13.66419621,26.4549161,0
101.8360336,9.241481856,23.0822998,0
268.5294207,11.41503629,18.762066,0
310.789781,59.22051945,19.792519,2
15.61801692,67.68745154,26.5313079,2
392.8745522,17.965494,39.731724299999996,1
153.9744167,65.84760678,37.0402551,2
170.1283359,66.77937443,10.620441,2
126.2545262,68.80444475,48.8007339,2
91.47736452,6.300598514,36.1425169,0
342.9627566,45.441057,28.6906522,2
522.7522344,56.97906007,14.2161553,2
583.6498569,43.92506386,14.522985299999998,2
395.5997222,14.94966064,18.7103695,0
399.0845261,62.95692107,37.6158407,2
429.8792264,45.12992823,34.773679800000004,2
157.8894501,51.33768958,37.2065875,2
138.975787,11.23679093,33.507249,0
213.4929386,10.34838382,27.400459700000003,0
126.8659616,72.96397159,37.796171,2
162.3407569,18.08306793,41.959806,1
287.4126339,10.95331967,31.5184187,0
579.2531531,15.47175386,43.8026199,1
432.7207539,51.32784023,14.458803000000001,2
522.0221809,10.81959132,13.562782400000001,1
161.3574156,7.100672182,44.4735105,1
596.4891537,16.15029343,28.481171900000003,1
268.1193445,17.17951614,14.7547121,0
165.2342699,59.10654569,33.563009300000004,2
224.9911878,72.39442531,21.3604034,2
160.3541278,70.96428482,31.4373085,2
231.892018,65.63345173,12.0936984,2
232.4942931,50.37655004,13.3884685,2
361.6894932,66.83723172,20.3346036,2
466.483562,14.35630077,30.533082900000004,1
190.7447945,58.9899595,48.091322,1
114.9833174,42.33569522,10.6386237,0
264.9464405,12.13038602,47.4264331,1
0.514934297,79.15657293,21.165420400000002,2
268.7394975,8.574345058,28.210003099999998,0
386.8793591,65.36360137,34.5964463,2
344.5400722,41.22096864,26.603378,0
477.7913738,17.15905772,26.623489700000004,1
272.0068489,54.71110372,16.1891691,2
32.08707603,57.14612871,11.1905476,2
490.6996672,17.58259005,14.0482962,1
129.4379396,78.08143639,35.6872664,1
138.4629267,59.88003833,22.8526566,2
177.6724383,50.45387653,22.316595799999998,0
310.2678642,67.74344329,31.992188799999997,2
68.84001645,64.50623581,23.939850200000002,2
574.0391343,62.49391556,28.5122217,2
48.03015915,6.229076586,13.2849323,0
339.9565621,10.79076403,18.8549997,0
468.397667,42.94996195,36.1605939,2
141.9954171,14.67284065,26.6773728,0
26.68230538,45.29182099,26.6585605,2
353.0754737,79.37423954,29.0023268,2
397.8755406,18.31136803,19.2938537,0
482.9602152,6.369886015,11.8894872,1
33.02363624,7.856854955,24.774053300000002,0
286.530069,76.25785274,49.2954388,2
168.787788,12.61846124,25.8188099,0
376.9179662,50.91145883,12.9478392,2
539.5424411,19.74032359,19.0906753,1
313.8919641,8.242037185,28.755982600000003,0
566.6057267,6.345513785,32.8031019,1
585.9992593,73.09459485,22.9140095,2
84.91847931,56.89037044,35.4443496,2
92.89224567,13.00425397,10.2903789,0
107.9978085,19.06325506,37.8770216,1
37.73912946,11.63982272,33.799449599999996,0
566.3063241,10.50754439,39.126567699999995,1
212.1875856,12.807808,39.5840817,2
355.4018881,17.02760253,31.6971414,2
54.73651284,15.83560261,40.5604724,2
431.6838726,79.89705518,40.4135533,2
505.4311048,69.99069303,46.6775107,2
247.6617903,18.69808943,32.1031052,0
497.8617499,19.1939674,36.8444512,1
337.2386305,51.97280437,15.982474199999999,2
397.1051909,13.74527971,36.927278,0
367.0678453,13.32943738,47.491795599999996,1
491.8186049,61.14944539,28.8807195,2
332.3966174,12.69615828,20.3185738,0
177.7146383,19.59568024,21.1892569,0
567.0999384,43.14110766,43.4186477,2
322.2239058,58.95659002,27.579110099999998,2
311.7223056,6.922821092,18.2802239,0
337.3903198,6.802388881,13.1273418,0
264.8065479,15.45636707,21.841538399999997,0
37.34358427,76.3204651,11.268483999999999,2
143.9485819,12.22074068,37.8566739,1
190.9373713,57.80798585,16.7392874,2
522.7172412,15.63771056,22.8604815,1
239.1312679,13.56819377,33.1777588,0
162.7886476,42.03907054,36.653650999999996,2
485.7841298,54.12525634,14.685482799999999,2
197.6250452,67.03886102,29.2866442,2
436.5413569,47.88770769,31.1954684,2
167.288097,14.07652433,48.5899683,1
478.7027216,73.50695274,28.2697017,2
418.4449644,6.746682861,38.9165749,1
6.144852594,76.72834404,13.087744100000002,2
27.86043637,79.64792041,14.6189964,2
279.194037,7.986401299,14.332432,0
19.51192556,10.63731829,48.9901752,1
354.3427721,77.82174249,28.130600500000003,2
269.9295138,65.22549156,36.2144674,2
360.695618,50.38941322,45.0673195,2
289.6943908,69.15268131,22.5808131,2
256.5675342,40.12991713,36.1648084,2
110.0262928,9.60631615,18.1664717,0
319.1164335,57.80304568,37.2271695,2
85.91924276,19.49933331,32.85902,0
578.9212846,78.02511708,41.377483399999996,2
520.8142326,72.59997559,44.914973,2
443.838844,48.33891116,29.3720362,2
407.9743287,14.92954759,26.8267181,2
370.8942606,13.86307884,28.373586200000002,2
275.1759364,78.99231069,34.1364638,2
490.4282373,48.82495633,41.9255212,2
436.5836915,66.44665237,36.7180544,2
34.47997781,68.38729292,32.8207325,2
587.6642951,15.43232689,23.101456000000002,1
22.17677043,7.074132915,40.342554,1
542.0004383,42.22249891,18.7907713,2
97.24159544,58.46339996,30.935815100000003,2
8.752094555,12.06058921,41.0262859,1
205.6546882,72.26978974,46.7696828,2
348.9627277,75.72607275,49.0595499,1
325.3149192,53.45055519,15.5912484,2
279.5431092,13.4948432,21.2812219,0
142.1199023,58.20047144,10.1841972,2
308.7567676,48.95056082,30.9917862,2
25.7007609,8.089822763,29.0531227,0
116.015313,44.53468265,37.953112100000006,2
473.5680254,71.36076215,21.3694776,2
238.3601412,9.123434874,47.399007999999995,1
369.2084238,5.065393699,26.1545631,0
200.1678593,6.687546958,18.2173112,0
289.5931151,64.80456049,31.9659651,2
249.367702,15.44760775,49.100650699999996,1
115.1950693,43.22243198,21.2421037,2
505.6889122,11.14341391,40.7393515,1
568.3083899,19.9784121,27.969793399999997,1
329.5779778,52.97893833,39.1448611,2
493.3224905,62.62590254,29.330573700000002,2
574.0112956,9.022148444,49.799219900000004,1
527.3269672,53.42344841,40.4211918,2
496.9684912,70.73261192,26.1601435,2
246.7749653,62.43630112,14.348729299999999,2
279.2015171,6.593207414,20.7615537,0
220.2560007,19.25316809,34.3463355,0
289.982322,45.82117847,12.6443894,2
365.5732252,73.26558504,41.1841686,1
408.9614789,69.08720592,49.5137643,2
332.3526292,63.79759756,12.8010064,2
104.6422798,6.096276365,11.109229299999999,0
589.6906341,7.727264793,42.2143949,1
388.223043,48.70124695,28.392025500000003,2
272.3337003,59.7820076,48.3891486,2
588.704654,6.43631298,22.2891336,1
466.3185939,75.63405549,32.880197300000006,2
379.870347,74.49786506,28.8328535,2
497.0628016,12.9306098,36.748949800000005,1
512.2522973,10.4757135,28.9449373,1
515.9821546,7.800994911,12.2541621,1
505.6619022,79.14513025,22.799479,2
461.88319,18.06195759,21.174008,1
548.2799211,17.60522266,11.7209773,1
65.34422119,9.70673215,40.8250109,1
403.0688553,47.95009909,34.491224700000004,2
153.7110692,66.00134737,49.1065141,2
347.641698,10.01156978,36.7735768,0
186.1684977,9.824937071,21.6703948,0
556.0266036,13.92915262,37.5459519,1
402.5967468,16.56837223,38.3773953,1
200.8579041,9.562328817,32.7815884,0
336.079285,79.09005581,30.0120585,2
230.5738479,17.73151378,12.9222636,0
497.0050018,70.23078023,18.2718139,2
577.7137477,11.26074413,39.183840599999996,1
31.84191937,51.22188093,19.6805166,2
141.1361718,67.23909691,42.0627643,2
151.9174071,7.546377473,33.427722599999996,0
7.851530306,17.41887432,22.7531988,0
296.3309366,70.3420299,26.094079199999996,2
394.7605045,77.8284546,18.835381,2
329.0959432,53.6525044,36.6427045,2
288.6876908,54.36750214,30.2673534,2
525.1670699,43.90103961,31.533187899999998,2
594.7291768,52.41912932,39.72484,2
294.9307619,63.00677367,19.9684068,2
245.4790307,56.37090915,32.201072200000006,2
381.2600482,14.58444533,11.3135371,0
436.3839255,50.72970773,18.4754475,2
251.6227612,9.646479712,19.559377,0
295.0610841,47.72508975,44.871743699999996,2
11.64001771,54.71754447,37.0393274,2
253.1467873,70.27587508,21.1100895,2
292.0989863,68.23067077,49.8437888,2
138.6079002,12.47194511,22.3429994,0
309.2226689,19.89205967,14.802342600000001,0
271.0252306,15.98451156,42.5991366,1
543.9539046,59.68408423,18.104103,2
467.8559312,17.72707662,41.4311553,1
519.7492385,50.44161333,39.8496936,2
538.1319844,13.78228907,23.906927,1
156.7952951,14.51082584,16.976747,0
540.0490961,42.57206124,42.934727900000006,2
411.0978733,12.9138196,20.1602236,0
54.96029946,8.103078131,34.8617654,0
47.28737982,13.58611589,47.785965000000004,1
328.023458,44.03260856,39.541316,2
455.409292,67.15417775,22.8827046,2
88.83817271,57.2225562,25.492985899999997,2
410.246695,8.93825345,25.7426794,0
263.3634642,11.91303103,42.491276500000005,1
313.5955938,10.32934465,37.0746301,0
127.6564648,14.01435792,22.6978617,0
218.8608191,10.99974527,14.194168800000002,0
16.92821179,60.38117787,30.493843,2
78.54000478,16.62009406,20.0676533,0
562.4691364,11.92709722,25.9851263,1
47.42470644,10.2234596,44.929916600000006,1
543.4866494,66.69772705,27.677964799999998,2
445.3040425,12.32907389,40.4396089,1
158.0649628,14.74795883,35.2107863,0
502.577412,52.01079343,46.9918667,2
46.99519146,17.81773154,43.2353837,1
383.818668,73.36161639,22.3301036,2
500.1257005,6.342096842,36.249956100000006,1
7.738597442,48.96268188,49.1523168,2
67.27783061,46.19325273,39.1247835,2
201.945625,68.51243028,37.3302228,2
203.2259255,57.72609094,47.8819179,2
305.9888849,11.15898046,46.8913104,1
194.7249779,66.6882822,36.152229000000005,2
427.1187899,10.25964037,32.010251000000004,1
0.062826479,43.0304202,43.9986163,2
115.6853537,56.22824883,10.140525,2
21.08120224,76.14849727,47.2313579,2
434.1971569,43.17632977,45.5672419,2
206.4960178,71.49514414,23.4340836,2
283.2464331,72.43443878,24.1700013,2
145.0408803,16.22052109,49.1092266,1
267.744817,17.30439441,34.7295197,0
109.606729,12.80124025,28.971399599999998,0
457.1397631,18.99168687,47.2138496,1
355.2841541,64.26775854,31.7420493,2
48.56754947,56.32189324,33.4667784,2
173.5213812,60.00029437,38.6471719,2
459.6026734,66.55217148,45.015126300000006,2
71.65036355,53.68356165,29.955007500000004,2
70.87978054,14.32260967,34.1740244,0
559.4122766,61.01648284,17.095732299999998,2
230.8623872,62.08173827,23.961859999999998,2
250.2671161,12.39474066,49.7306993,1
384.2839502,13.55842107,40.3615783,1
529.7524634,66.79370035,49.0237867,2
130.4208145,44.42782383,47.3953503,2
539.0118503,56.97902244,37.579599800000004,2
230.9076709,11.99561892,13.3196896,0
233.2934711,72.21484135,42.2465081,2
512.6886572,16.1499937,24.8118813,1
562.1303993,17.95365505,21.9114869,1
421.8401264,63.1802977,18.5744459,2
168.450241,17.37962604,13.125083700000001,0
188.9775277,68.26798356,19.396474899999998,2
418.3929649,67.87960617,27.3880126,2
147.8140642,61.30448859,42.2362354,2
2.681361557,64.54425352,48.057924299999996,2
278.9684489,75.58457872,49.336043000000004,2
82.05374625,43.92504213,22.1599981,2
500.1827259,7.458803931,31.177978099999997,1
186.1953726,17.95854974,36.0944612,0
98.66312096,13.00384595,36.687237499999995,0
563.6546453,63.44565733,35.068079000000004,2
214.0471191,18.83905636,31.6333048,0
502.4887204,14.97211638,13.6860515,1
418.9574232,17.47360889,20.841216300000003,0
31.49771228,11.43984149,42.520933500000005,1
249.9697302,19.93406303,35.1560478,0
22.61033217,13.08790691,24.3850552,0
176.4997941,7.827497792,18.1090864,0
9.405137086,57.67569968,38.903834599999996,2
264.9705025,77.59423836,37.4007286,2
525.4225982,7.798851453,45.5499705,1
526.8355346,44.85010849,33.9351409,2
508.9946111,67.95730507,24.3284856,2
429.4398682,63.37989056,36.5523252,2
229.6057003,10.69850783,31.1489344,0
256.628317,72.00073926,47.2890643,2
471.0453047,12.79252782,19.9501004,1
140.4723088,56.69223676,41.079304,2
544.390032,17.57932694,24.11292,1
191.8134281,58.10919974,14.1817354,2
227.2975865,69.81401153,25.640828900000002,2
416.3901984,69.61313939,49.8990573,2
286.8183138,56.9577234,40.583117099999996,2
333.0427375,64.99364976,25.6103048,2
194.0572723,17.13466624,30.505976299999997,0
319.8814872,45.13581262,38.4640097,2
269.447607,59.13929583,18.837050599999998,2
305.2804519,7.166547262,31.444136900000004,0
14.14011665,18.52228777,27.4944646,0
377.3208956,18.40264957,14.0508296,0
118.698303,70.49261567,42.370924,2
179.8269417,6.56469631,41.549094399999994,1
487.4946826,11.49150623,10.7154424,1
429.6725341,79.96548305,21.011,2
141.7823262,13.67812727,37.746650599999995,0
175.8202478,57.64166089,18.6809001,2
312.259638,15.8226767,43.5029875,1
57.54562954,17.16523062,26.698359,0
385.6718528,5.792400295,27.481285300000003,0
179.1033539,19.31671542,23.7961694,0
120.0809848,12.57399206,34.6295393,0
427.9584376,75.80523879,13.5525641,2
451.4471731,11.48174355,44.040142599999996,1
184.3711364,40.94378855,42.979801,2
598.8218748,6.954769821,49.902413499999994,1
310.0150299,17.1564937,47.095349600000006,1
569.3932886,69.2903713,21.5396447,2
430.1445571,57.12716152,45.4371978,2
387.874331,8.289806018,45.1232135,1
578.5791411,6.180478651,16.8725059,1
135.0497301,5.464559051,47.5089066,1
45.44784136,67.85765084,12.281668799999998,2
285.0453413,62.3627091,18.4953859,2
4.594582592,13.78794576,31.447300700000003,0
307.2944888,11.15757232,26.9955308,0
452.933827,54.541163,10.7297351,2
94.47804643,19.35222006,47.753353399999995,1
555.8375808,44.34846957,10.7798578,2
411.6056969,52.15807627,17.4495221,2
184.1043618,6.698468349,45.2238547,1
65.46292486,19.73978617,41.3200089,1
243.3556381,19.23185747,38.922658999999996,1
274.1350088,5.768951888,37.6680114,0
329.2481817,16.20836968,17.5992777,0
360.2133305,74.82494254,13.364064,2
395.0442176,5.918249872,38.7857073,1
339.5800943,17.61177608,39.4163686,1
511.6038984,19.21435488,46.1436627,1
292.0751044,12.53197461,42.0300697,1
56.84338096,44.25179442,33.1619728,2
233.5332789,16.85197061,14.9052145,0
537.7631402,71.22154771,38.7023371,2
384.5676378,76.09649994,20.486597800000002,2
16.25273418,74.38369565,16.016951,2
551.2309033,16.14232252,23.288353400000002,1
591.2534946,70.4212546,19.5553266,2
391.8923371,5.975011834,18.116039400000002,0
448.5618869,8.939504185,39.245651599999995,1
133.3199623,48.84874624,15.115983499999999,2
143.168272,19.7539595,40.0498111,1
580.3069638,12.20972042,31.4483308,1
329.2000682,55.71051924,18.3988491,2
247.7522008,65.88570717,21.2853472,2
331.7524901,11.54072447,24.6070008,0
410.9545369,53.28955464,21.1438813,2
514.5924261,19.14474176,34.2529172,1
554.46869,11.22496638,49.9766327,1
378.5817013,17.84427692,17.034990699999998,0
592.4973908,42.15204488,13.3229887,2
561.4958801,73.00465484,20.3850439,2
210.0567698,13.06371707,22.6730129,0
28.3543202,16.58783888,17.506438499999998,0
256.5528442,72.77867006,22.1006288,2
75.99168343,5.501353587,43.8131901,1
199.1980889,15.14597553,31.2257008,0
555.8702488,9.782259843,42.6904021,1
198.6240105,6.597226449,10.5389868,0
189.8973852,13.16162936,10.7857613,0
246.4149855,5.628205908,31.32685,0
14.36367994,70.07248305,25.9383164,2
332.6625459,18.9723558,24.3580346,0
47.255604,53.07198019,45.7547189,2
331.0053202,50.30762099,36.0563274,2
447.6466563,63.27660621,24.7646758,2
172.0361538,17.02463885,42.9328703,1
47.29433727,12.21412412,31.5445714,0
289.6085573,15.64507015,22.9200631,0
384.5077397,52.25030706,47.528884999999995,2
458.9750369,45.69195987,27.5092137,2
190.688624,5.567302048,22.1900206,0
156.7548058,5.85699079,48.601676,1
351.1822132,13.4812391,17.5608182,0
516.0533222,41.41403284,46.0304059,2
305.3019958,16.41138963,29.5569577,0
570.4684349,16.09344872,29.2817345,1
100.4819975,40.34012567,46.0458945,2
54.10842445,56.58198213,14.5231837,2
419.8018639,66.32699038,14.8792629,2
166.6091453,64.50700227,32.8888688,2
187.1271984,70.59428196,46.7647056,2
392.0390433,7.900088504,28.829751799999997,0
448.58372,7.199124505,25.7969442,1
380.5855628,13.02201465,39.675302200000004,1
318.138003,71.88728114,30.8222146,2
461.7791015,40.70772645,10.185827699999999,2
158.5137065,64.82452976,28.427964100000004,2
82.64956597,8.535238019,41.029908,1
42.54176215,19.71544234,24.874415499999998,0
165.097743,51.20480786,23.9901516,2
275.2142646,10.04248008,18.576706700000003,0
286.4430369,61.23774924,17.4701479,2
203.073905,75.9774985,34.600881900000005,2
10.88390034,49.14700474,28.4146686,2
450.1268239,72.43168289,15.905397399999998,2
389.8173106,67.70350559,26.0673414,2
35.31389086,9.995114496,12.1435436,0
210.9374506,13.77792178,20.2222524,0
379.5451452,75.87129475,44.6852842,2
591.468199,52.90345785,18.991634700000002,2
132.3657856,14.22354522,46.294292,1
50.47590241,6.96931958,40.2876348,1
504.3315294,71.14389118,25.609910499999998,2
70.32693032,51.89034188,29.095720800000002,2
259.4401322,55.57444658,14.1284355,2
141.4882751,18.61641865,30.2753498,0
176.3051377,62.17538823,49.1647882,2
599.9832884,7.021786774,24.3004931,1
554.8166711,77.21966488,10.6560907,2
116.2945814,51.18451594,39.3877424,2
538.0342451,13.43983134,41.6074062,1
182.7479987,14.0645663,47.481174599999996,1
214.9858098,11.8114489,15.069966,0
2.222877793,10.33294696,17.138398,0
150.7912442,41.73453201,39.3125609,2
314.037188,17.04613464,36.0159113,0
355.8055368,9.042350752,41.7727268,1
503.0204591,5.121622953,48.0818091,1
223.0266635,47.76415069,35.0586653,2
141.1479592,78.13249984,41.966041999999995,2
66.95946343,72.92862603,18.5504591,2
24.88637217,13.65404185,16.4160549,0
510.733162,52.07325191,13.492622400000002,2
569.2847856,5.253691999,42.1422435,1
497.4989496,5.866822955,12.5609022,1
308.7256795,64.76441751,22.5094018,2
566.9341158,11.84190813,29.0626909,1
174.8971877,46.49882546,13.984011599999999,2
95.27448095,16.03903088,40.971664000000004,1
240.5679466,51.51361172,21.1389977,2
96.84250806,44.82265398,31.1594266,2
401.2417705,53.87957275,16.7145599,2
10.35390333,19.51796849,42.7106029,1
353.5848867,7.638354251,41.420449500000004,1
337.2199594,19.25909557,44.1629271,1
156.6003414,10.14540069,49.392326600000004,1
232.4587808,64.6565128,23.5266807,2
49.09112662,64.90686337,23.323323300000002,2
473.971583,8.411325931,39.594526099999996,1
568.0907509,11.89912927,18.4900087,1
464.7546187,14.06733473,49.1848903,1
28.90078101,8.104794545,30.859605000000002,0
245.6760985,7.81020187,40.7944245,1
92.18847173,44.15308344,22.3176858,2
433.3006102,47.25859413,14.675034700000001,2
136.6694308,56.48449388,42.27765,2
402.8585765,79.37925933,38.6305758,2
414.714652,43.78297945,19.4404349,2
374.882488,9.641938647,31.8970217,0
333.2542521,8.052666625,46.5962312,1
77.87116642,17.54930316,32.898315700000005,0
217.7286206,10.1675884,25.4308462,0
132.8042712,66.0322097,27.6748518,2
217.0901637,9.35425516,31.7952399,0
101.7351308,76.38498118,39.8828621,2
339.0376924,16.72034328,18.837646799999998,0
178.1780118,19.94019175,17.3791003,0
505.5393465,13.59155415,15.7509827,1
142.1684466,8.263819099,35.0057014,0
449.3734287,71.40217736,27.785102600000002,2
204.9415344,49.34361033,13.2114165,2
469.6449031,69.06093888,44.0130355,2
515.327138,43.46480916,26.5506774,2
274.2795869,77.13682844,44.7108202,2
106.2903995,60.07280463,32.5367855,2
217.1585254,18.72708231,34.275103,0
270.4857454,45.89017848,33.0129485,2
456.617294,18.06907776,27.5138909,1
168.3966282,53.25752276,49.1429654,2
90.14841875,7.552289617,47.247891800000005,1
150.2768214,10.24421598,26.5620012,0
84.75477192,55.14831635,44.8911781,2
32.55381929,18.44354374,22.5031981,0
290.2633748,64.88794343,38.7618325,2
555.8781219,9.46239005,36.7184318,1
143.2890462,13.94519746,14.592743899999999,0
369.0323184,13.16189003,20.6539502,0
136.8791595,64.21811065,12.479942099999999,2
493.2554402,47.85886603,18.4161038,2
17.60648459,7.924141535,25.2718669,0
197.4660007,18.06915482,13.565262,0
25.77009861,57.33026255,24.1480864,2
264.075465,44.46220316,31.4522723,2
544.567271,6.550924049,37.1077661,1
379.3326746,14.95437081,22.6777013,0
582.8183149,11.09624805,17.899889899999998,1
457.2442338,58.91949844,21.9976001,2
7.688790353,58.18301836,25.7221789,2
257.5370469,5.294772241,21.6957771,0
515.0923764,12.20839911,25.0867361,1
114.8241271,7.127665964,49.549295,1
159.5844396,6.084075635,27.484227500000003,0
170.9054578,75.85937975,29.654771800000002,2
49.63590459,53.74658245,28.802492299999997,2
167.2995307,73.74495154,24.4634577,2
302.6223973,41.74358309,24.038489900000002,2
164.6518312,46.09445137,23.539484299999998,2
1.214802589,8.782729727,13.2906475,0
130.3017942,76.89593993,31.962583300000002,2
329.3486719,60.86172131,10.1484758,2
570.4754867,56.41767561,17.2415828,2
531.738827,8.936241225,30.124018600000003,1
287.5020784,76.11918596,19.6630483,2
445.0671221,54.40075833,35.9773758,2
211.3238472,15.96654475,41.900585,1
120.3846854,19.16142179,48.408951099999996,1
259.9338218,44.22196547,26.167310399999998,2
183.2640794,6.55662063,17.2576016,0
179.3822926,14.04211298,24.317720400000002,0
224.3978437,18.43723597,16.0992532,0
221.0721034,55.53091963,48.4719047,2
559.1104681,17.23933684,47.8898964,1
301.055504,8.952101685,39.0391454,1
231.5538219,7.337773048,28.7822547,0
261.2743486,13.93033584,45.596699,1
380.066837,67.93147707,31.4068248,2
276.965613,76.39403899,14.1438485,2
301.8352742,57.04315967,23.968930999999998,2
274.0936059,16.19678193,18.8675301,0
338.869077,5.754843994,46.4469035,1
581.276908,66.88149515,33.4621363,2
346.8917647,7.727126985,10.572189,0
556.9677604,17.16025356,17.4653597,1
134.9322058,73.28591149,31.2892179,2
207.4513362,69.14568757,19.0002907,2
269.6493529,18.8017072,42.4065398,1
162.3484276,55.46169001,36.1787417,2
230.6458783,69.71635384,20.4099739,2
64.63182088,67.61656564,45.7380524,2
55.05216128,55.6853373,37.7106069,2
204.7515957,9.675549822,30.5234492,0
5.73059728,55.98703562,36.9482967,2
308.4645247,73.46549089,17.7442136,2
454.3860563,8.937629064,47.289031,1
316.7549675,54.81019136,43.7127476,2
506.087969,44.20462713,14.807775000000001,2
596.3883507,71.67585807,35.5261663,2
444.2841031,63.35574855,43.020100500000005,2
296.372084,46.80199572,30.046758899999997,2
139.2324518,56.21408136,28.3640082,2
65.51007764,63.89932535,13.9101467,2
159.3226061,15.05380964,28.082531900000003,0
461.151603,6.313618445,43.4076806,1
1.344283844,15.15556722,26.1343601,0
472.1805385,78.51890503,40.465102200000004,2
473.0123574,7.987353464,41.6321805,1
247.1887237,7.349192223,37.5238282,0
177.6693389,5.315553537,45.715899799999995,1
593.5918761,47.74393911,48.9461815,2
156.1596309,5.737225855,40.516213,1
295.4538513,17.30691935,16.8276664,0
214.579316,11.65399552,18.3113444,0
120.0168408,72.69035244,23.209204,2
238.7977174,55.29364521,13.3648348,2
316.0191227,7.497553206,43.5163726,1
388.9028515,9.901083359,45.3757464,1
154.5907155,14.22604631,22.076168,0
254.6554329,71.22498181,15.7141123,2
132.4308646,10.15969454,48.2483486,1
82.39370552,12.7917318,47.8571062,1
7.037773396,53.55241681,16.9990887,2
53.27705309,52.41010745,24.8660655,2
455.8493674,46.45836379,42.0285481,2
581.4985564,18.68311357,49.6724265,1
173.5608048,6.804064447,28.2101592,0
151.6461946,64.41548722,27.431141999999998,2
267.9784909,50.6780803,20.4990908,2
4.902655445,19.63806294,26.841528599999997,0
219.26857,14.10074303,47.9779496,1
547.2963298,65.7207073,37.8198452,2
557.4659975,18.58635186,40.3450943,1
267.7487936,12.57131485,40.410931500000004,1
592.0929702,11.95513709,35.0010284,1
474.1700015,19.66569219,20.113752700000003,1
100.0127209,10.49826781,21.9119301,0
283.317119,15.80500054,16.7070505,0
530.9364449,18.35331006,14.5291829,1
419.9224695,72.11396428,18.6414968,2
491.7576881,14.56895734,19.439229,1
211.5668963,12.47499542,46.7186367,1
581.9549068,5.826523027,26.3104045,1
287.0823725,45.11845846,42.562954600000005,2
573.9186354,65.91676189,37.1376224,2
557.5397973,77.59131786,10.336986,2
175.7717443,17.39326064,19.0535408,0
454.7665213,46.75922357,38.7719347,2
440.6015268,74.47456065,25.051728400000002,2
250.2220872,40.13124516,39.2325876,2
575.4106259,18.63471338,18.722645800000002,1
200.073197,17.42278804,20.4770434,0
64.7367129,72.34126703,10.0901246,2
591.6611059,19.70077914,26.8429486,1
495.3717278,13.74999365,20.1110676,1
107.453545,5.224417974,46.1092564,1
204.295791,61.08727345,47.4459765,2
413.7001437,56.94309542,27.908227600000004,2
544.377852,8.377415363,43.1055574,1
192.3493661,15.6192174,39.166578200000004,1
200.882466,19.29960751,34.8618962,0
53.83180948,19.92739115,43.8155495,1
319.7104891,40.44550306,10.506754899999999,2
241.7958534,12.99582935,28.064889700000002,0
243.5001022,62.41505064,40.654179299999996,2
212.4604342,73.3225796,16.3519203,2
493.4343051,78.40179365,41.855298600000005,2
256.7100904,74.30256562,35.7582172,2
196.1060939,63.45409871,10.159461499999999,2
370.0849807,53.36313767,11.4185948,2
575.4630552,57.04241679,12.9077068,2
305.3924903,72.67208092,31.652109699999997,2
586.4364125,47.21906784,44.6745661,2
459.0074176,8.646867956,40.6502409,1
452.9804386,54.30255515,14.7178482,2
410.8181574,17.1066053,46.700583800000004,1
349.9872084,6.906657363,20.4327623,0
285.9321491,70.83852098,13.5016309,2
590.0269813,65.10531289,31.6722364,2
348.3514538,16.86966071,29.7443677,0
563.9381892,50.05259672,36.366047800000004,2
585.7585035,10.28346463,41.5651516,1
459.1980437,68.75914989,10.652495400000001,2
268.3279453,60.0976717,33.861286,2
248.0188485,54.90925712,41.986368299999995,2
565.560164,8.689996105,16.360925100000003,1
88.29307931,15.98328809,36.636128899999996,0
353.7700619,76.10867739,15.202923900000002,2
439.8428221,6.238582371,48.613783500000004,1
490.0123063,76.60107122,24.8741917,2
203.3830905,41.85472675,29.9482388,2
189.857282,13.84593554,39.8544824,1
70.92285824,57.30244963,27.2109896,2
224.115747,11.83252543,27.1759812,0
194.7737346,10.85357824,32.086153499999995,0
435.2004884,10.54832938,22.5859122,1
287.5883629,8.074688492,17.4601051,0
311.5958952,8.285887596,27.063890400000002,0
392.4722192,77.06654238,25.728031400000003,2
590.2401784,69.13906736,47.5786005,2
351.7142129,42.1821246,10.698026800000001,2
451.3513537,19.63115552,23.373376200000003,1
2.70047129,42.27122957,37.2748342,2
100.6253311,14.16419789,30.1500004,0
31.47290287,18.86987914,29.006726399999998,0
336.6029122,11.14017381,15.840326099999999,0
168.2620903,53.24245306,46.143772399999996,2
463.4136516,64.12965286,33.6385773,2
79.75724199,72.84920851,45.2088442,2
540.7747426,15.69521438,21.0659931,1
96.77138488,57.88613697,41.0159612,2
280.9078898,14.02529913,41.9173413,1
73.61072282,6.322133651,37.9262893,1
544.8191914,11.73556641,37.4741987,1
121.0139758,12.01637346,39.1185442,1
439.8796145,15.77690267,25.4624223,1
149.4264252,47.43631341,48.4136522,2
203.5027794,78.55555472,17.2587992,2
476.6755283,14.75445461,22.1780288,1
127.5841417,9.027501143,31.0074471,0
417.3629426,13.15816882,18.8447465,0
466.552321,14.29167611,38.4228228,1
438.7719825,41.89789899,29.754188,2
49.64685762,61.11886039,31.028087,2
582.3415669,19.46529851,37.879091599999995,1
97.79658472,46.51920385,28.670642200000003,2
334.6300711,16.26909675,24.276482299999998,0
188.7338732,18.10450734,38.8930535,1
337.6803133,19.05280145,49.7824551,1
498.5717184,14.4275585,16.9745921,1
533.5897459,15.5529251,29.621965799999998,1
288.1913263,45.2161554,38.212874,2
567.4664479,10.32492674,36.3881848,1
527.7864052,13.97459114,39.864242700000005,1
386.804138,71.21694676,19.491703599999997,2
100.8104922,40.39151555,43.689057,2
3.370349397,13.52478727,19.989906700000002,0
95.38574854,59.55611355,17.504819899999998,2
220.541415,6.626005591,21.6602712,0
178.8477329,52.38718006,21.7161959,2
533.3117332,18.83858607,32.2760919,1
171.9347671,12.68864324,10.3594633,0
146.0440956,59.96165831,34.8300566,2
505.1896367,15.95771981,28.739300699999998,1
326.3807608,16.28603681,35.4822617,0
30.42036703,55.93409219,12.729480700000002,2
320.3540682,50.2917027,34.1411163,2
75.31234922,11.79892659,20.4225668,0
493.7729252,7.034922007,47.4494635,1
96.53721363,47.46424871,38.4295093,2
505.7135437,60.30595319,46.6300437,2
445.2668152,12.43480881,10.195442400000001,1
423.9137779,19.76134196,35.9182145,1
524.7032415,46.23728385,33.6491852,2
377.3527111,40.93354731,39.7559061,2
556.3324763,74.30158791,46.4898494,2
286.8014876,9.847178259,36.145592,0
398.5093917,67.47639915,19.9980629,2
379.9818238,54.34088715,36.263170099999996,2
217.1771617,15.77021267,41.8430698,1
143.7683038,67.47386149,43.8514489,2
42.87331486,53.36630903,29.1257006,2
187.3712811,70.72548518,10.625305899999999,2
422.1634456,52.1008837,37.2830953,2
386.3861826,68.03626737,35.573626000000004,2
312.4558652,79.2515864,43.739508199999996,2
496.1791183,13.277431,45.2269218,1
451.7010505,71.26092604,37.716627200000005,2
529.8467766,56.87125939,23.522592200000002,2
154.7844161,52.90219724,17.970011,2
340.4606829,16.43194431,29.7920565,0
316.1058216,68.61414185,35.3577505,2
245.7414008,70.53265552,44.646366,2
437.0306606,53.84068297,20.8367321,2
292.8218297,46.36255362,37.161857999999995,2
571.5048935,17.95237176,28.198461899999998,1
338.2705776,19.48479762,18.098814,0
5.353683049,53.19012369,39.4104758,2
270.7089262,70.14597129,29.1825518,2
515.649136,79.4273161,28.6705078,2
596.6065114,45.84041468,12.9239416,2
487.7989432,51.64997018,25.2363216,2
388.8759099,45.62239587,26.666153599999998,2
172.7658778,65.38978075,15.7211925,2
184.2521586,6.200951038,40.532036399999996,1
452.2980471,7.013036395,30.675015700000003,1
302.4236449,19.78901253,11.472359899999999,0
406.572214,64.26003452,11.1571058,2
383.1580108,11.87545219,29.9147191,0
346.8827308,65.59271438,14.4212815,2
474.5665423,16.40600101,24.5221421,1
306.1500793,42.12207064,16.9811376,2
165.9261767,66.49750987,46.7136715,2
433.6957555,62.18242855,45.579022699999996,2
189.0557136,8.977561118,48.1124411,1
400.9604221,10.69192071,31.2039168,0
177.6849883,12.94153611,31.6008523,0
384.0809541,7.289872468,31.8545885,0
492.7244216,7.545578587,25.653137100000002,1
284.4028529,18.30247309,20.158049899999998,0
330.381608,12.23635402,45.465113,1
573.6064682,44.43246411,40.955352,2
222.5173964,16.65232051,23.1473181,0
572.7439913,63.01472809,41.7058188,2
349.6374956,17.19276457,18.753750099999998,0
91.65350878,62.2000989,22.754901399999998,2
395.2216237,5.305116228,20.694009899999998,0
385.7412649,10.36269993,15.485934400000001,0
457.8001491,18.45947744,40.858268599999995,1
38.13958771,44.13833135,13.046631,2
372.0483107,11.86850443,19.279311099999997,0
578.0797461,53.39726212,37.2450108,2
242.6724416,71.89501499,39.2334926,2
444.6198613,72.4259519,43.4156858,2
114.0590808,6.788156643,19.2772732,0
184.4245963,69.64542061,14.5800243,2
256.4048747,15.42844484,41.6077845,1
316.7097095,73.60552658,19.7049939,2
16.22330001,12.2302601,45.8467311,1
230.2542861,10.8408467,28.438003699999996,0
287.6078108,65.91548997,44.7878725,2
498.1933149,19.22981121,14.634767400000001,1
195.795639,6.304505304,34.6748474,0
412.278635,41.74401461,32.9198564,2
319.3632463,11.91550352,37.5522831,0
246.7745722,5.283213179,21.538632999999997,0
140.5481714,68.26360236,27.3493904,2
75.76442916,17.19039565,19.190739400000002,0
139.7400206,61.86303643,21.5666735,2
244.690085,16.23498526,32.0482799,0
138.1885642,6.744975907,18.203318099999997,0
276.1569716,66.45888222,44.98292,2
34.97734503,16.69297523,31.7774688,0
115.038202,13.6034492,14.408770700000002,0
487.0877504,69.56418145,42.9186877,2
251.304585,16.38302202,31.6983747,0
94.89812905,51.32733087,48.5506335,2
256.8483075,63.50303911,39.3442945,2
356.6747428,6.807227337,49.0266201,1
443.0239628,14.67916633,22.0420317,1
18.81011069,53.11754636,37.638002,2
517.8806636,9.34374057,21.1312871,1
455.9086998,8.484344811,12.201392,1
124.6541314,74.08112559,15.1120115,2
404.9853704,6.008609511,27.589607100000002,0
553.2491885,43.64992108,24.4698757,2
400.1281549,72.14296342,46.8043471,2
510.1578067,6.56723593,24.986756399999997,1
433.5634762,8.514875985,36.8393541,1
217.7663002,65.38742457,26.1291496,2
148.592419,6.29373757,35.2022791,0
576.3253679,66.19506955,30.741968800000002,2
464.3586421,47.84217406,43.4146227,2
47.74229115,75.80177151,15.3953233,2
529.9913242,47.1756141,41.8784086,2
582.6828272,8.017628484,15.1083078,1
434.5505743,71.45195264,42.1391029,2
491.5801945,12.64977619,11.647192500000001,1
209.2865302,42.85761202,40.8530205,2
587.8553364,48.78551966,21.705405,2
297.9400505,19.79265196,26.5337192,0
15.0041822,8.322907279,11.5390762,0
565.4386334,55.76458305,12.5642964,2
40.20519326,5.35826287,26.3650691,0
72.83539529,19.42460738,24.5708851,0
242.2986416,13.44746583,17.6197862,0
312.575977,41.09266291,17.3615504,2
396.1829365,67.81210843,36.6725013,2
32.0670417,5.849383361,34.8851707,0
9.634282938,59.4561502,27.829148399999998,2
277.9436084,7.471010133,21.0037336,0
377.7330852,65.77715299,15.772778400000002,2
576.3184904,16.4952082,16.9083143,1
12.72548115,5.654913931,40.4426653,1
222.2051447,49.6319724,20.3360686,2
273.5520523,5.588795796,42.3056927,1
146.5051176,6.685744624,17.3024853,0
563.2345711,40.86130401,41.0078106,2
252.2361378,61.67582067,12.2200329,2
387.3013331,14.96018342,20.191408499999998,0
52.48023339,51.45080739,13.468435900000001,2
511.6811601,74.3797316,13.3413218,2
547.1686684,17.02057303,42.2511433,1
54.46395863,8.024828169,17.727119599999998,0
485.5345148,45.63056875,31.7618057,2
423.468175,7.86658434,35.6670082,1
19.85078067,71.25789515,37.638373,2
569.7433774,44.68348669,19.414533,2
158.3582135,63.54167943,21.570180699999998,2
250.7282708,7.501810028,40.5384563,1
153.9121201,68.15873467,44.3143898,2
426.751436,69.61137361,17.5329244,2
192.8598834,13.63280325,26.058633599999997,0
187.8576201,63.85782358,20.2110984,2
300.9282444,8.172601239,33.1880414,0
7.341013728,16.909027,26.9910266,0
275.7744622,9.739037336,47.1305088,1
531.4051327,55.12433218,14.9764624,2
582.3177604,19.01049487,46.0593741,1
456.7471214,5.843208582,28.5924344,1
585.1013713,61.56630893,44.3591239,2
14.43410804,12.66640732,43.4287899,1
152.1805923,18.98968576,25.668279,0
526.8928293,13.79902606,34.9320383,1
458.539717,47.97437878,45.0462229,2
399.4699045,18.10333364,45.9525876,1
565.6687059,46.67353167,36.9929926,2
518.8337794,11.40657568,38.0504062,1
535.5864657,5.170845021,44.1846273,1
13.49575103,61.89588591,25.9051339,2
414.7231981,77.05280195,18.5482185,2
239.1633605,43.37561984,12.972109000000001,2
75.43093976,45.66325408,31.0200099,2
162.0889642,14.42045697,20.5272583,0
170.3751982,73.02985929,44.7077374,2
395.1751327,56.0947198,10.0365724,2
128.1895505,15.28307931,29.6119205,0
285.6924431,11.31344793,11.948309799999999,0
6.451660322,62.53325015,24.0500145,2
184.185639,43.99431298,29.194972800000002,2
183.4489547,78.83648281,42.1799682,2
597.5327441,17.76279136,26.029045299999996,1
554.820095,15.30851515,13.5395559,1
162.454886,44.10806765,47.592928699999995,2
428.8305388,52.710975,30.1966379,2
448.6702051,13.07141996,23.0093046,1
271.5420272,19.60538202,41.148865099999995,1
561.5506825,58.79375281,22.391399500000002,2
378.4783919,16.71935971,17.1702236,0
451.3519661,16.32308793,39.4613407,1
137.4835233,69.38953903,40.6483795,2
135.1639095,6.083440224,39.092751199999995,1
528.862305,76.45128689,35.6515553,2
566.5518411,8.426387785,20.1397015,1
317.7482703,65.88140098,47.3055031,2
57.76232575,10.79354593,39.7686574,1
41.47116687,16.89055109,44.2655744,1
412.2029089,15.74488015,39.4973062,1
562.117958,18.49179627,23.124293100000003,1
47.07540032,6.464281408,29.7034651,0
456.6996067,15.1595103,48.1944564,1
227.9902472,73.55270289,33.0059579,2
497.672642,66.59343625,21.6668855,2
323.611081,48.23728601,13.471180599999999,2
111.7425677,46.9157658,42.3427914,2
290.1731478,6.557590792,44.5544793,1
18.22734501,48.69972731,49.965088200000004,2
526.7585341,55.87437065,49.3741299,2
44.58146028,59.85110636,48.6832972,2
312.5751937,44.53496326,25.0905228,2
9.656826904,10.22716964,25.438949,0
137.8847044,16.04419848,20.2106621,0
281.6670172,15.90469807,21.9079607,0
311.1866514,41.02739501,48.8127745,2
131.6001853,15.92740901,32.1184597,0
179.9180698,7.641339319,20.5514584,0
512.9485081,59.33774394,16.6176797,2
191.9834895,12.58613448,16.4121131,0
365.4771062,79.02842265,14.3835552,2
244.3666944,8.558815455,42.147021099999996,1
502.532445,7.109800089,23.4057674,1
117.4673979,63.9831464,13.4682526,2
455.8690764,69.89298274,48.3622619,2
449.628396,61.90152268,13.8672722,2
43.34895758,58.9031174,39.6106047,2
249.6456841,51.37380408,26.8820602,2
235.7397218,64.78598726,23.3858247,2
36.39797636,43.65339754,45.2919677,2
160.1164625,12.07634464,31.768191899999998,0
126.3127005,48.13812202,47.0431037,2
369.5143055,43.77712319,42.7090418,2
400.6058956,67.7314749,36.845363,2
172.5366534,46.34260918,10.0005843,2
517.0097594,13.81693108,12.407875,1
366.120792,14.95043916,19.454721,0
573.2774328,15.35934113,30.1564149,1
201.2042868,14.89235087,22.891471199999998,0
544.822987,63.20935294,35.9286042,2
204.5007765,17.65520794,10.8387411,0
550.5290307,51.90484008,30.2793327,2
261.2227207,62.95937682,28.511673599999998,2
154.3629934,58.58561242,23.2383174,2
534.0852269,56.80412126,38.771728100000004,2
181.6977365,40.36878377,49.1828566,2
75.97025792,51.93054772,41.9270467,2
107.8555581,51.08571366,31.773066300000004,2
423.4726398,65.64447106,33.7222907,2
399.6248115,7.37424576,17.511561,0
158.7367113,58.65289856,39.7644904,2
15.700883,17.40091473,40.891356,1
567.3730867,16.06147162,28.508348,1
576.1524065,53.17738953,18.8816767,2
183.9993526,64.16767803,23.8530272,2
198.3122996,76.88624371,26.888373100000003,2
518.4676845,61.50710467,27.9755609,2
227.3018286,13.20691464,16.765638799999998,0
584.8009844,56.36953588,47.9934808,2
78.6981915,15.34731607,23.7460458,0
154.9101659,7.536558506,34.411480100000006,0
208.679168,12.82826693,13.490528399999999,0
375.6348854,76.81033,12.977390399999999,2
143.4425616,43.14286329,12.4274061,2
285.3784533,18.52874162,34.6357313,0
156.1167845,73.34166812,40.2791852,2
402.2121747,60.15592818,14.302180100000001,2
87.85475012,66.34822171,44.5526239,2
176.3378914,69.89075953,19.3275184,2
70.34965414,9.270121083,26.3018643,0
173.6206311,63.6268494,10.0854862,2
210.2594555,47.5791848,23.925712299999997,2
554.6869631,58.29388104,18.0655504,2
132.3393963,11.98588367,47.4353483,1
544.508387,52.55264778,32.95674,2
386.4900748,56.12129338,42.5678856,2
389.7090186,43.39054641,28.914913399999996,2
366.5626719,74.11651681,16.852686,2
381.577008,75.8126102,21.6628032,2
7.779756539,11.86646919,34.1122399,0
438.2049823,54.78209683,15.908850099999999,2
534.4652705,66.9412504,13.1978066,2
391.128043,19.64105879,14.214681400000002,0
71.89937755,63.72429431,10.0645165,2
393.786888,13.36715189,49.917898300000004,1
17.29700109,7.480556383,24.1976434,0
388.5740322,72.62397748,26.682141599999998,2
337.6401834,68.19679265,29.3426063,2
341.5621336,73.81265918,23.5786145,2
175.2680475,79.7785588,17.428356100000002,2
199.5898669,77.05837749,23.2931684,2
467.2727496,18.15691343,44.8072516,1
370.2883086,77.1997673,46.2598548,2
521.6529887,78.87950728,33.7706004,2
72.942904,60.11552227,30.0692925,2
316.4387789,41.76440638,45.892424,2
449.0022895,11.37191272,17.611998500000002,1
86.88988793,6.196836855,47.0989418,1
366.4491581,64.18138504,21.9869967,2
136.8744152,72.90908885,10.684824299999999,2
415.0076056,40.17917908,25.9281877,2
595.2036329,48.39423202,48.6959923,2
192.841195,19.17525641,19.6346742,0
134.5554615,15.21923166,32.0572613,0
220.0847973,52.99180262,20.3744892,2
286.4582954,17.83112243,15.183777300000001,0
326.9014458,8.493187192,25.4679058,0
388.7543211,18.68312355,18.070560099999998,0
37.89497033,48.45125754,49.056574600000005,2
434.242467,11.55722158,17.6278772,1
305.4958881,5.672908364,20.8305,0
199.6046566,51.5023826,35.0219522,2
456.6437443,47.87872412,41.4246338,2
320.357382,47.59726669,48.619734799999996,2
268.1527751,17.33986203,31.249928,0
368.3875351,11.22660765,26.821823099999996,0
211.8448126,6.141270901,27.376874400000002,0
285.8538427,75.23693196,10.1756978,2
50.22430901,43.30936254,29.201769,2
394.0437761,65.79042861,27.556099699999997,2
384.0958785,55.49378927,37.528233900000004,2
14.46150405,11.0995479,39.322503,1
223.6064165,10.82199622,43.1439333,1
554.4053536,12.75697838,19.561262,1
386.5163554,5.019266383,29.2168439,0
165.3768114,6.331599004,38.6322574,1
491.0327878,52.13843939,34.8024641,2
143.6189215,19.13451407,35.7568658,0
140.2610167,54.89618253,46.1764187,2
182.3035845,15.1429362,25.382966699999997,0
510.3154109,60.14208604,36.5289669,2
459.1378987,18.42600084,24.169100399999998,1
377.5361272,42.83724273,45.855251200000005,2
242.4585151,17.47912313,34.3795435,0
259.1358972,45.70801439,45.1084738,2
542.0583914,60.84384276,45.3219335,2
76.82361043,53.91575764,49.275903,2
65.54884989,18.86327652,49.4634433,1
438.6123112,7.462774461,34.808408,1
13.7134617,10.97753043,16.2101076,0
207.6766176,48.82563359,20.5029619,2
490.8701435,68.69483573,36.854629,2
128.7565639,51.51563096,32.0730263,2
473.6802673,74.52192174,27.574444599999996,2
365.1434705,6.592405303,36.4444488,0
563.8054749,18.58915952,12.042737500000001,1
387.0794555,5.784145584,40.591729300000004,1
285.9415317,79.81369266,10.0177973,2
330.4392874,14.90704582,11.280921600000001,0
467.0296788,15.79082233,13.9335515,1
448.7868413,43.64158677,14.296282099999999,2
38.62104301,13.58472778,46.988557899999996,1
184.7108123,8.854284493,49.5777356,1
553.662155,9.747031761,19.5464512,1
196.4752648,19.14965168,19.448338200000002,0
21.71357836,67.333831,33.0980848,2
191.5902398,55.75041602,35.6885927,2
315.5095674,55.32416667,29.848032800000002,2
139.6701428,43.53784588,31.686128099999998,2
220.5243176,48.32736102,48.5138781,2
453.1776917,6.222108466,24.424493899999998,1
259.2033284,13.4879461,32.4950253,0
221.0343685,12.72391263,37.777491600000005,0
89.93092128,12.25389572,13.3156804,0
303.9167715,18.62125531,11.8424148,0
501.129956,16.65419583,14.0493876,1
153.2760174,11.6948954,41.257451,1
259.4680457,8.695223709,40.8104827,1
495.1784466,6.327834728,32.0554158,1
37.36548631,8.252214139,21.3113842,0
155.821956,41.95032395,11.4589871,2
259.1779414,61.50070948,35.0463146,2
342.9623103,17.67559473,25.534916600000003,0
302.916467,10.68433865,31.024516000000002,0
265.9761173,7.950328373,49.2928702,1
312.5194782,6.168184836,26.0367807,0
99.44420007,41.67710068,45.189170000000004,2
54.60054341,15.6470707,29.0359315,0
459.3334326,6.610416777,13.0709372,1
530.7277721,10.79665026,32.0278263,1
591.1482705,12.588887,13.333268100000002,1
333.9572178,16.05698621,37.817816900000004,0
487.7120639,77.39123165,42.790463,2
233.0536254,73.67041633,48.2236781,2
462.9548129,18.72263225,47.9624185,1
186.3783625,54.15525405,17.0504542,2
511.6374137,59.43265145,26.190398300000002,2
589.4212597,61.32710375,44.7855786,2
297.4128877,6.933538776,40.5208711,1
372.0090004,60.70289672,28.2131354,2
128.2946267,8.265496983,29.5234276,0
164.0512675,10.49042399,41.6678252,1
302.9785498,12.96125904,45.9072441,1
143.4932553,48.44496777,14.908179899999999,2
30.51385424,74.96378081,40.1478246,2
418.0499905,8.562741809,19.198227000000003,0
576.5688276,53.55708773,16.8517672,2
249.1890052,75.8156664,13.8511301,2
557.6949415,11.73617771,48.3288915,1
243.0006196,48.72270542,30.575938200000003,2
493.7787122,47.13500008,12.996425200000001,2
122.598854,48.56433647,20.0546239,2
171.001638,47.1926228,27.642207000000003,2
535.4126297,59.85843514,38.984110300000005,2
407.6706703,19.38853153,22.785103,0
276.397569,59.01825385,11.116368,2
198.7019093,49.93014126,48.221934,2
167.7848274,40.78414272,23.7786758,2
77.18110314,7.75369441,43.7081599,1
225.5304843,71.64746749,24.777892100000003,2
402.7326141,69.28248388,17.7824914,2
476.0188852,53.9823245,23.3314803,2
418.8730678,16.12526193,30.9641575,0
56.14915146,8.339738528,25.6357917,0
278.0661336,42.80863691,35.9012607,2
493.5631025,13.67845898,39.5544052,1
589.5038863,15.81339829,37.22063,1
514.8145689,59.38149371,26.5396188,2
76.38014168,5.035212108,34.9579211,0
203.8640562,75.4752114,38.727116499999994,2
271.3908633,52.6083597,35.8026865,2
545.6655183,60.50978972,43.041363700000005,2
520.7528954,65.24573157,48.6258772,2
582.5524327,74.05007867,48.723854100000004,2
159.7412445,7.271156659,42.3845673,1
573.9186798,43.39734887,17.3933788,2
171.6696127,49.40293642,19.7631808,2
571.3825641,61.21341395,23.1407218,2
224.2066021,8.230389243,44.8164423,1
440.3231526,17.62035157,10.8515975,1
78.02820313,46.10485231,40.6714699,2
261.7703347,69.00636605,26.978986,2
485.605305,69.84325067,38.0996944,2
376.3590991,13.65530603,45.0120572,1
485.4839642,68.03417911,18.2845344,2
331.7238719,63.43595883,29.3811145,2
324.763828,14.72153191,46.0695998,1
32.51893733,53.65558888,47.9693387,2
508.4462235,16.29090707,46.2529674,1
234.5042454,77.44504084,25.8793991,2
171.3559581,14.67079966,12.0006937,0
460.4361273,14.47662265,18.6284074,1
458.2116059,73.91537669,37.7921172,2
464.6212723,18.71510664,34.5571511,1
454.7820315,12.56754386,23.626420200000002,1
567.5913803,8.517260102,14.325992000000001,1
548.9898571,16.02842777,10.2137808,1
74.11436317,13.54245888,46.3244648,1
168.2051036,65.59359062,15.989619399999999,2
487.9942476,55.06789037,47.8811122,2
136.4618335,65.93991005,49.685916,2
505.2091012,17.48586563,43.2047972,1
257.2276734,71.73776171,49.1494615,2
389.3435727,52.44606313,29.1334296,2
390.6483502,46.81019531,19.8911974,2
436.2749065,55.94997237,15.0408782,2
303.1397097,65.49142587,46.531660800000004,2
475.5648819,42.40090404,26.1166906,2
323.2976367,72.72246241,21.4389945,2
599.8942501,61.71579925,31.6846666,2
275.1675451,68.10365728,44.3715136,2
562.3297043,61.39839664,17.4410421,2
437.9027951,74.60483217,46.4123607,2
304.5752373,19.11035282,43.6034606,1
131.5568263,17.41371826,47.5127616,1
70.39616632,67.06742534,32.5746639,2
137.7801633,73.17338367,46.3071405,2
286.3409747,8.849925348,10.264779,0
249.293142,10.06621995,21.5639551,0
174.2924995,11.91068257,47.128906,1
29.13913894,11.31951322,13.822236199999999,0
298.0126626,72.35204425,36.6014436,2
599.4659888,9.808042502,24.5042942,1
403.032317,13.35218215,22.442642300000003,0
167.5366412,5.05484467,34.9381309,0
423.8255555,53.45207094,33.4123851,2
294.4626094,78.26540054,40.3397139,2
260.5550065,13.97273668,10.0419178,0
208.2914161,14.40175726,40.237376000000005,1
561.3321831,16.26003521,31.954409099999996,1
549.6309788,16.75957776,32.5219973,1
366.7491927,5.04531307,28.577948600000003,0
412.9876995,44.1671229,18.9168622,2
362.8487769,5.014151229,23.0958914,0
239.1966399,9.378667602,18.2590985,0
85.12418292,64.02393529,14.9768984,2
246.3272161,69.37583505,38.8421247,2
432.1428456,11.72813824,18.6884444,1
445.2476474,46.92159065,41.7867956,2
239.5459228,15.26313613,48.5740309,1
266.2892507,8.779973325,34.450778799999995,0
537.0912752,13.94387863,10.2617682,1
245.2768038,45.74078657,48.5212323,2
363.3616349,55.20371783,12.1092139,2
481.9605963,58.59489776,47.458693499999995,2
483.9218331,19.06556923,23.1507772,1
271.0361504,19.369566,23.9441218,0
41.31745152,10.81646493,39.1863501,1
229.2115283,48.03193057,28.3073484,2
161.3430458,53.25484185,19.9822032,2
441.7306293,10.32268585,47.3114994,1
207.5839357,8.408915803,35.826925700000004,0
127.7793529,54.14472117,35.427696,2
570.6676305,13.95084485,36.750754,1
360.0504671,19.3830781,23.9961605,0
21.52637783,53.66332209,32.899613,2
287.9423061,47.51365154,23.2993253,2
108.8688085,16.27134976,15.6742516,0
295.0717047,54.01027579,39.3801056,2
212.058179,18.43333611,13.0871221,0
227.5459783,15.32439498,32.7970222,0
355.6426837,16.44942368,13.1481901,0
335.4429545,15.88084402,15.340553600000002,0
61.09588856,57.24653973,30.5073374,2
144.038978,59.24250581,41.6262143,2
166.8861654,64.11549556,33.569315100000004,2
465.1786126,71.48224383,49.8280783,2
361.8448225,77.15383904,27.9323858,2
272.5306549,18.98400326,10.338228200000001,0
285.3817184,19.76981716,24.9742943,0
387.6653307,57.99899838,14.622400999999998,2
484.5175282,71.13449055,45.8251017,2
142.4612156,65.41036555,45.0805809,2
359.8560167,6.904040865,37.9619234,1
540.0348946,68.3284335,36.383091,2
188.1730977,57.01741171,47.0787777,2
566.479525,54.06401875,37.3312938,2
536.5504883,76.75658388,43.4794802,2
507.268763,19.87436514,15.749051699999999,1
22.88236368,9.46969692,11.810633399999999,0
307.3335839,9.534150507,25.509900000000002,0
129.5756457,45.23927615,33.754917400000004,2
195.4096989,16.45415719,18.4942555,0
141.1425165,12.23337846,20.819188699999998,0
432.6713595,19.2360409,33.8937589,1
480.6238381,12.57748567,42.1514459,1
135.2522734,6.725164052,40.286919999999995,1
125.3810485,51.30619329,43.3302807,2
25.77953152,73.98770613,10.0440972,2
436.749639,40.29350501,43.6759985,2
206.4111901,47.70390733,19.9361745,2
169.6722975,15.00028478,17.9928996,0
51.09074451,12.70151746,28.751206699999997,0
236.2863282,49.55866134,42.086809099999996,2
390.6622017,8.002313169,22.221176800000002,0
265.5080122,53.96374927,25.981024899999998,2
285.0539273,8.798017451,30.8259481,0
249.9413971,77.56849973,48.8543564,2
221.577939,11.89422128,21.411655399999997,0
230.0553329,14.00874795,38.5936034,1
30.22450285,19.5005921,40.1441297,1
471.1859055,61.6785915,30.283256800000004,2
320.1142275,8.749384719,34.9936214,0
263.9397058,16.0388061,33.558422300000004,0
593.6727082,5.291018684,40.118412,1
40.82238651,79.19923226,32.3538279,2
438.3783649,41.47329966,20.450806399999998,2
221.5843122,6.141499835,27.2233622,0
187.7814361,16.82052724,28.1092483,0
305.189317,9.501006244,22.2473183,0
217.7337336,62.49882454,35.6972891,2
519.0172104,68.50731264,49.1421783,2
318.7007607,63.75524949,42.1318161,2
55.43694792,71.91611036,20.518435500000002,2
217.3194845,15.51212627,22.7521887,0
386.7042471,68.19106916,14.415362100000001,2
341.5461023,9.363152813,22.8516633,0
316.0456282,15.15610569,19.734596,0
72.66692322,18.68381842,45.0669815,1
462.927505,78.59223679,32.5019824,2
414.2875688,42.1290914,36.3213238,2
523.1232716,41.07616615,43.728415999999996,2
448.3227378,75.89690285,19.4453203,2
362.7352546,13.74658636,19.107513400000002,0
142.691099,11.13390854,26.464190199999997,0
458.9703679,11.64371147,22.0748382,1
538.996394,7.145929291,34.9572329,1
133.7558944,13.19714542,40.8056769,1
365.7228919,17.6242319,12.778416,0
252.0959384,10.12773563,29.608386799999998,0
273.7090927,65.32475821,28.664897900000003,2
316.8459279,12.98706362,27.982666699999996,0
320.1041034,7.038991211,40.5822634,1
488.4815274,41.09715075,38.2005095,2
267.2046544,9.196503963,24.2980792,0
58.45618199,12.84929374,42.0483435,1
471.5656772,75.93853394,29.2084068,2
75.60370313,13.32894984,40.1505393,1
563.5938837,77.74431287,12.7998679,2
281.4165377,8.139316423,37.1723979,0
572.7757079,12.64589113,18.0330737,1
428.2585607,72.01361631,20.024372800000002,2
506.0443751,16.22913063,13.0150819,1
386.0400774,41.86273945,43.4374302,2
27.8137598,44.46824489,18.3444993,2
56.03639973,19.2755361,40.600137,1
271.3065966,59.76344173,32.5978931,2
479.6260189,59.22237417,12.0220551,2
312.3150828,72.08972872,18.0114429,2
519.8919261,11.81406087,17.6049116,1
592.931897,7.43850603,13.5814417,1
533.273753,9.104995774,21.255074,1
458.7161614,5.913583149,24.1842995,1
10.16370115,74.82800444,41.9274053,2
545.884031,19.89745608,41.2445065,1
484.1477291,65.70989138,40.570569299999995,2
334.6235042,11.6309932,23.7812044,0
271.2438887,6.782788677,44.2390606,1
66.40968722,61.77087577,49.991273899999996,2
233.2047994,13.72582291,44.8717991,1
247.1954549,56.80466088,15.120698099999998,2
486.0516502,12.50929299,22.3370913,1
146.4846747,14.37415656,25.1429048,0
547.8405006,19.10805952,15.0253563,1
229.1201084,17.14511387,48.855377100000005,1
41.75465666,44.96953587,47.8605071,2
525.5411559,44.77534015,42.336396199999996,2
245.3405972,69.96154621,13.849741400000001,2
230.7904034,5.30602416,18.9359104,0
441.0274839,11.00232909,14.904173700000001,1
565.9671627,15.36051559,43.5352565,1
167.2038916,18.34623485,49.6294252,1
418.1802642,50.96709759,25.4339659,2
48.8337094,68.52956608,26.4689108,2
282.2344539,7.443539817,38.6770181,1
480.4768754,15.30428662,33.3227879,1
27.12099839,7.982427954,44.6273456,1
72.67711024,16.92517305,10.3489499,0
511.9544756,78.89326714,32.072084600000004,2
52.82221701,47.95647165,27.6157824,2
256.6314164,12.7759944,13.7851642,0
211.7650796,45.69497862,37.3892734,2
327.5132606,7.782889629,44.782789,1
567.9698638,5.747902196,11.8201398,1
597.6750117,15.72044134,36.5088944,1
234.1273446,59.09459534,35.9624559,2
555.9857033,65.67145191,29.0194253,2
181.2444528,14.01188224,20.416015100000003,0
331.0648015,7.07596379,16.4887604,0
493.5822919,12.86382081,15.6251319,1
539.8550438,71.18484544,11.0328049,2
538.2767143,76.46372694,17.3584703,2
540.653917,8.900720604,31.582641099999996,1
334.3899222,13.15108778,37.763706400000004,0
208.0765315,53.16710757,34.9853909,2
513.9141372,18.8928948,40.8404712,1
175.962073,55.60465909,23.9207645,2
190.0913224,12.54175163,40.4863901,1
463.4523828,43.57278085,24.6179791,2
68.70396226,47.67404571,18.6558015,2
423.6882754,67.61037447,48.4794899,2
530.3845792,17.98467555,18.3664294,1
3.866081,49.04447643,14.323052,2
311.8708548,49.96371418,31.4298858,2
138.141512,51.49662468,12.716100699999998,2
387.8759209,11.40357981,29.9450601,0
122.6542744,74.05508821,13.647767499999999,2
72.08593611,6.286914273,36.3090745,0
171.7824189,78.1619904,38.4119304,2
173.6421846,41.1117116,40.5342273,2
182.8752805,8.401379261,17.1491104,0
360.0764082,76.34818097,36.034920799999995,2
478.8735135,56.8255863,28.579065999999997,2
56.40933018,43.69539628,37.3195059,2
63.91640026,64.36644852,48.8384667,2
322.9748445,11.44171846,46.305054,1
125.9312651,6.954859201,13.88963,0
85.95772351,40.92744047,46.0013907,2
202.7837799,13.60102439,14.5864196,0
372.2266117,17.70177503,48.7517449,1
61.97491064,9.75026534,32.7217121,0
88.56056713,7.507014723,18.084863900000002,0
46.58464653,15.57366699,34.5695775,0
236.3531452,59.42639502,41.6590079,2
482.2896478,11.00494803,26.2551615,1
552.1225689,8.755380944,12.730768600000001,1
421.9412318,68.28824586,18.8893223,2
103.2705206,62.63587853,28.1907121,2
489.1033822,13.16270174,15.582566,1
509.5825696,48.6651235,43.7675916,2
481.1641408,46.84742894,32.3984995,2
173.2389903,51.57068291,46.515312599999994,2
369.1913186,62.37032052,22.4392469,2
393.0320481,7.947239786,10.4707634,0
595.6860082,14.76796568,14.046280699999999,1
52.96126227,9.483892251,21.5429991,0
581.7482124,75.64243349,48.0579564,2
176.4644584,58.53586586,27.4504664,2
246.7272009,73.60931918,12.9275058,2
167.5609993,76.28741287,49.7653262,2
311.1541704,79.07336683,36.6435185,2
597.9533731,51.31486631,29.095643199999998,2
114.5348792,18.01584729,47.0783717,1
378.5934281,8.089700538,38.960745,1
187.8540436,52.1085624,45.630995,2
313.7394502,8.530748928,20.0348298,0
383.972753,6.585868406,16.3513532,0
389.689912,59.40955876,39.0389417,2
293.8627544,79.30471015,49.1021151,2
250.1937481,54.99716205,43.5253742,2
334.1767262,6.887035045,26.539632899999997,0
514.6138001,68.3088664,49.7484399,2
162.2621557,51.77521436,20.4131653,2
21.98773429,14.39367234,25.6614324,0
461.9889798,8.995664621,20.4859546,1
267.9276913,44.5548001,21.8254594,2
443.7081641,49.38463828,46.275293899999994,2
69.0898267,69.47608046,44.4413569,2
132.1952721,57.96705585,29.6178896,2
53.11191745,10.71720323,22.595979699999997,0
275.0937751,18.88682824,12.6814333,0
570.9866089,11.04335047,11.4307202,1
399.5359247,46.34996773,37.068472899999996,2
289.3668164,15.3194426,16.3234235,0
444.1166515,10.32925961,46.3592096,1
368.6538727,64.84959571,41.9832808,2
151.6037169,19.79524884,23.8418581,0
275.0058105,17.93651195,16.3703894,0
77.23038368,48.48522303,30.224977400000004,2
144.4343012,63.74200358,46.0488883,2
191.6082888,18.36248222,49.1773102,1
69.42889701,53.76654107,29.268953800000002,2
515.9398182,14.32196634,22.559761,1
57.25555239,50.25851167,18.8099274,2
15.66247594,12.37606915,44.1797887,1
410.5625511,14.54158452,17.7513569,0
392.6906344,5.506837264,15.2299633,0
396.2035901,9.03679629,12.711539,0
490.7518586,43.25232293,14.599336500000001,2
572.7166318,71.89707722,25.8228636,2
530.7894584,14.62513565,33.868194,1
109.2141127,14.76241926,22.8076307,0
203.5537665,64.6576057,24.4323174,2
426.8163545,79.43064282,43.6722575,2
591.7979876,13.01041596,15.326564600000001,1
254.54932,7.42171529,30.367851299999998,0
581.8416494,6.12918075,32.4234515,1
594.468756,43.45636639,40.1672066,2
513.733444,68.87653397,48.3340324,2
296.4919342,8.603675277,17.3231625,0
217.4811416,10.40213171,31.164747999999996,0
589.7412457,44.03161483,23.033224699999998,2
550.7655911,6.04792881,36.1074497,1
99.92353926,13.7145288,43.1387045,1
593.1448397,77.33204193,39.3883979,2
37.81731172,15.64605627,39.7084995,1
364.4488802,9.83120863,40.7457871,1
187.2064294,7.182732242,12.660507500000001,0
281.3335767,51.66020496,45.9791138,2
135.1691944,18.91850945,35.913794599999996,0
30.05165485,65.37981564,14.2072465,2
30.98183258,11.19791718,32.1720687,0
79.86696793,18.69844529,32.167962700000004,0
475.7193387,46.39757238,38.8402878,2
53.57467378,9.378007656,17.067011400000002,0
273.7509174,76.05910326,26.466487100000002,2
464.2180659,67.55742564,31.687460499999997,2
110.6515961,12.72113291,19.3921469,0
279.5472977,9.734498231,25.236763,0
208.8060311,69.37483153,32.5865147,2
23.54654682,72.30493726,16.698701,2
126.9793404,19.50452772,38.7137835,1
377.0663221,72.23993818,18.0163341,2
149.1790058,62.93303157,16.7200093,2
455.9320849,47.27982485,13.810752200000001,2
518.3330348,7.674972686,13.024038299999999,1
496.46354,64.30454104,16.458138899999998,2
443.8887744,73.48011475,13.4134509,2
60.04853694,69.60030051,26.1763101,2
520.018857,74.74931187,23.6439382,2
391.9634308,63.75625041,24.8976765,2
532.2759675,6.441887776,11.614277300000001,1
530.2628901,12.5431328,49.5376162,1
205.2939323,5.601036295,31.7949451,0
496.2527265,12.31850293,29.929690700000002,1
385.5948121,17.02028087,26.8581431,0
249.2374238,56.99448232,13.398649200000001,2
213.7957761,11.0145549,34.077257100000004,0
541.1453063,59.9968411,11.765817,2
477.5939971,65.52412037,26.8125134,2
392.9394829,17.94543169,17.3358505,0
342.2487501,67.00043984,31.5168277,2
422.6165819,9.758887615,29.3905002,1
581.129629,78.16349412,16.946025300000002,2
136.3020663,8.181218562,18.173561,0
351.4331984,5.779491472,44.4217577,1
50.33494708,15.73493978,43.909421,1
118.528232,7.084398579,28.8327152,0
433.9247973,12.15130813,19.8048942,1
290.1736103,6.96521928,43.8236557,1
49.54386213,8.06756508,45.5850815,1
372.0552245,5.466021954,25.1561508,0
122.9828591,73.97143329,20.2832249,2
293.8902527,5.605007782,22.309186,0
188.4339366,16.52134068,46.0480648,1
112.0918281,62.11467278,16.4985419,2
486.8963625,58.11066437,38.0791658,2
287.7570017,53.05640344,10.5506483,2
450.4618499,48.63952774,28.613785600000003,2
560.5781394,6.891729836,19.4785265,1
506.3203712,65.89752403,17.2762262,2
290.0032536,55.85322615,49.9552208,2
520.3639318,53.41526433,36.3148509,2
410.7077095,71.99432887,40.5464481,2
364.3169646,7.00273327,10.3359802,0
25.73282153,13.58425722,49.9446085,1
315.0031032,70.03452266,35.002050000000004,2
120.4209253,9.573546866,45.0590205,1
467.0659648,16.90753868,27.446775600000002,1
190.267754,9.521842796,16.248713000000002,0
436.0420014,53.74966332,41.627573,2
216.1356784,45.52058422,42.2344161,2
150.9060236,7.040843516,40.5692206,1
442.9814824,56.18770886,32.6451845,2
557.5805999,17.00081612,48.6480327,1
268.6456089,16.32602306,43.996447100000005,1
78.37200573,48.3253559,15.1950467,2
422.1646968,7.259164296,10.4484599,1
533.1156551,52.1727739,31.922956000000003,2
526.5206127,16.33155909,12.2695479,1
137.7918282,67.79030067,40.0241774,2
88.07876157,17.38159844,43.3193151,1
442.1671852,62.58504525,14.696583899999998,2
44.0243741,6.016945937,22.3885546,0
271.995821,68.22459851,14.8843577,2
286.5129466,6.07860076,11.9532225,0
291.4105955,7.687458774,42.9034252,1
183.1718024,48.99267762,30.921939799999997,2
482.4700521,14.73042564,14.2057228,1
46.53540152,10.89258615,44.5866866,1
386.702222,58.69569845,18.591812,2
579.5842417,15.31847968,18.6849417,1
66.93559293,13.68970104,46.7600755,1
497.085264,12.62718553,46.987691,1
99.91360755,16.6491026,40.0143023,1
308.6406959,8.671176195,43.206618,1
454.8400699,11.82977615,25.8161278,1
344.2324786,40.85821649,47.5726713,2
109.1031298,15.94833677,22.038417799999998,0
357.4870407,12.59209779,13.545455800000001,0
314.221206,75.70664063,41.9662042,2
177.5520541,9.88127421,31.776581599999997,0
251.2817916,15.94549441,27.5343733,0
354.9742839,75.88391725,10.591446,2
226.9684156,16.71048956,29.1397675,0
201.7452768,5.337564911,15.038753799999999,0
475.5725629,19.00981128,27.6599076,1
599.8033839,67.24364159,19.774587,2
380.0626913,14.5298502,47.5114502,1
35.90762315,13.24815382,36.962001300000004,0
150.8698679,63.33183186,33.3786837,2
596.9955752,13.38704985,49.216171800000005,1
319.970755,7.621719273,32.4428498,0
231.1683804,7.699994249,20.052893,0
567.2694563,71.88420089,40.820799,2
215.6199605,63.83883038,49.8347473,2
438.8890479,12.101524,48.0908916,1
124.6928024,58.12138273,46.6404757,2
173.0438299,19.12858381,27.8759734,0
108.2819172,41.81180515,10.7095056,2
224.8651778,18.70591241,44.4566205,1
263.5792556,11.27544558,36.6858089,0
76.99984025,43.57792994,39.501808700000005,2
126.5960536,46.1357369,44.9032335,2
371.6502208,57.03703117,40.5753372,2
199.1299428,46.29292247,12.547139900000001,2
188.9859264,18.09881535,28.683173099999998,0
254.4673968,6.796399496,20.3194038,0
42.85509176,12.41556217,23.2555543,0
170.3358846,44.89012145,10.5295495,2
429.6528209,7.687695119,14.3693588,1
232.050618,12.03766244,23.1214479,0
258.3948471,47.05630344,45.3071367,2
416.6610643,52.0168075,46.243266999999996,2
469.7275897,42.06060904,27.037500799999997,2
172.3334203,41.08532899,13.2608365,2
491.1134891,5.671271509,38.7124866,1
36.1999531,9.576495302,25.3373331,0
304.485239,40.7725502,31.431773200000002,2
236.0204464,15.48969382,45.697770500000004,1
597.9855845,17.53357558,34.039574,1
197.8719388,62.51920242,40.005667499999994,2
243.8364445,75.55108102,22.7659579,2
71.59034023,51.80919909,40.0731842,2
595.1438147,6.395455621,45.678088,1
261.9689919,12.1167977,13.934558599999999,0
70.36041933,9.73299771,26.6783909,0
229.8904532,62.72186567,38.1237298,2
152.1280861,16.21477737,15.224252499999999,0
71.85124876,7.876601874,27.5050662,0
576.8863828,52.64993767,16.2600961,2
162.8412155,64.37454846,42.6311331,2
115.7727604,68.22410465,39.1535442,2
534.2501536,63.986177,21.677479599999998,2
497.7627529,16.89260068,32.1478407,1
302.6291765,44.36092643,37.6398499,2
572.7506003,47.92398288,20.932933300000002,2
272.6893793,65.4144707,45.979894,2
568.8742691,13.59723872,31.269960200000003,1
268.796983,51.85171951,22.254867100000002,2
368.193282,17.7195754,10.253343099999999,0
458.502616,8.79256101,48.8786373,1
437.465261,63.74413423,33.156082500000004,2
335.1504854,13.67344679,26.8151296,0
504.5863567,5.285651139,21.806202,1
376.9384534,75.81407469,18.1672891,2
172.0430119,74.14914552,49.8864932,2
412.9415272,9.917642568,30.378110000000003,0
76.82969089,18.37730317,36.1685957,0
542.8707157,53.95772088,13.091722899999999,2
364.5347295,52.790178,23.3108852,2
574.5573696,19.75567375,26.0012322,1
149.3885903,9.470637842,48.584571,1
64.86819454,75.93313744,34.3389449,2
51.47606731,57.45573038,46.265219200000004,2
8.373318914,55.31086622,44.3840758,2
218.2868394,51.52687066,46.0668164,2
297.018302,79.33286391,37.6083664,2
238.7956725,13.77682491,20.6604548,0
181.1370135,64.15951015,18.2587173,2
164.4912059,47.08482383,22.3243171,2
270.0999984,10.22077933,21.9840651,0
494.2969372,10.64581307,24.991793100000002,1
231.5637909,66.57206401,44.2454324,2
13.2860791,47.86173582,10.502852,2
365.4141138,74.04984494,24.2362474,2
369.3357508,9.491346872,38.5331917,1
519.0428948,46.61478244,39.2636642,2
63.69832655,69.65679563,12.930523899999999,2
455.7698571,66.19922776,23.2814478,2
198.1458628,57.47262346,29.2214847,2
385.6292129,41.93692906,25.2528166,2
303.3954222,40.32801499,34.5128568,2
167.1790632,62.75799883,12.1377441,2
296.8412444,66.43231772,47.1729324,2
521.932883,16.81023273,18.25136,1
115.9594144,6.093476778,35.605832199999995,0
530.6140859,9.293364609,37.5993611,1
541.261332,58.96757444,35.0953752,2
301.3749887,10.89426147,47.4030183,1
97.91427563,42.94318553,35.175725299999996,2
315.8706697,51.22018034,42.5312512,2
228.2217576,8.301938663,36.3682501,0
300.707238,45.32393075,46.3110481,2
386.9918268,73.00873426,48.6881587,2
303.042676,55.23800691,48.400595,2
128.9467618,6.322016465,30.739697300000003,0
15.35247075,50.47268873,41.0581911,2
400.6535852,15.92706418,25.010847899999998,0
230.8633264,62.64216624,18.128982399999998,2
577.8806391,45.46923304,43.1787304,2
342.2768751,8.505356732,15.9898087,0
259.7169217,73.04854848,43.3966784,2
399.2539529,61.72711499,13.943597699999998,2
106.6597709,17.60664126,45.5372915,1
198.2269984,71.59890845,13.3463256,2
423.1771308,7.963338585,31.4955433,1
416.7160394,17.29097346,22.7729297,0
211.5595651,49.8879049,23.721025400000002,2
509.0904782,63.53151535,43.9932223,2
93.73131647,17.63831752,40.880145299999995,1
450.2199055,10.82182185,26.545782499999998,1
444.1614675,64.8054864,26.169472199999998,2
437.1367333,65.90422042,46.6094123,2
553.0874437,13.103259,40.6618583,1
63.39650888,56.17932581,46.625906099999995,2
292.0743747,9.700541096,17.9466806,0
401.1904065,56.49615027,21.1656659,2
378.710197,72.81916327,46.7143378,2
44.23625067,40.18622326,12.7337812,2
360.1732124,71.44433191,35.1391937,2
459.5649518,15.37258319,27.2687866,1
145.2947998,19.49411447,27.887446999999998,0
317.4632653,15.60205394,38.858293100000004,1
211.2189131,76.05958119,20.2903935,2
1.434054357,53.14838398,28.337180699999998,2
179.5659046,10.64285703,24.435832299999998,0
241.2553591,9.809298598,39.0267305,1
586.2478647,8.221167536,38.571797000000004,1
534.5130879,15.29975635,22.7229071,1
244.6725915,6.966197926,17.6444251,0
187.9753519,17.86902371,19.8424727,0
359.7495882,42.959362,19.3991256,2
434.1867683,45.8004867,40.455432,2
381.3459224,19.17061073,44.5772664,1
528.2478121,10.91125473,22.9159207,1
18.13470724,8.324709719,45.790492799999996,1
84.0706024,73.86844489,11.6891131,2
287.9498433,55.18272114,12.262442799999999,2
422.6137765,66.61546495,27.6173775,2
299.438349,16.30720569,10.9488092,0
577.3836268,17.16402789,24.755126,1
566.9669827,55.14267401,34.4172747,2
410.0296137,13.53845318,22.0743407,0
113.1354613,18.31344608,15.713398100000001,0
119.7815139,55.1032451,12.856695300000002,2
353.2716272,12.44773133,18.2409204,0
83.22410022,17.13551825,22.552215,0
32.30282518,11.24106006,16.1669687,0
294.8734953,12.48451916,49.7810829,1
63.07423343,78.94318217,42.7454753,2
151.8781222,44.14211769,18.6256946,2
360.2126647,78.84967332,44.254256600000005,2
190.0771023,18.68727581,46.929885399999996,1
215.1987686,16.6197893,45.5871683,1
367.3734523,40.44844093,20.3025325,2
360.9879337,14.26590386,27.8438929,0
337.8845214,65.4490347,29.7420277,2
203.1161428,57.94276391,46.048562,2
583.3898572,6.154537745,10.7662875,1
12.31450929,67.45204503,21.3236321,2
263.1525313,54.97256633,47.5504331,2
92.47319053,49.55065667,27.1344091,2
580.2201052,7.493829955,21.8013971,1
540.0838397,11.76695105,48.5275568,1
511.1657161,6.031264281,12.686799200000001,1
32.95525387,64.47405934,47.530593100000004,2
395.1911135,66.0045211,32.5252443,2
577.2095862,41.49028843,10.0947578,2
435.9169794,74.85423665,33.892923,2
219.9507213,18.07000389,47.271372299999996,1
486.2318765,54.83694641,15.8071992,2
405.8779247,8.150710059,20.7227526,0
440.0215497,78.42205931,11.6696879,2
472.7451067,8.820807507,27.337880300000002,1
235.7685382,7.373611127,44.869762200000004,1
50.37096652,72.88130187,25.9437974,2
441.4275661,79.93667855,29.385335,2
429.6724783,8.983813975,24.886075599999998,1
201.2671998,11.74869172,15.5878224,0
69.80143345,11.63590611,22.0333198,0
489.6217504,58.09999403,30.8213531,2
324.0289449,70.37580367,31.162243099999998,2
469.8211501,7.170659542,39.2239603,1
0.423007102,50.2769946,36.8229398,2
103.1574173,6.909678181,12.8920335,0
546.2858179,77.36059566,37.1733124,2
8.844975424,17.00206374,13.886887,0
467.065868,12.3342639,35.2006906,1
333.3017709,19.5249044,20.1220055,0
597.3436192,74.7827898,15.4161081,2
299.9161207,64.17763665,32.7585919,2
391.975417,14.37051004,13.480736099999998,0
581.3645571,10.97718143,31.689102000000002,1
505.4703427,58.9895046,26.856671900000002,2
179.7933595,74.59323731,12.688136,2
490.4943907,79.92520464,49.268795,2
580.0897215,15.71178711,37.3624872,1
350.3377229,14.23328935,11.4454975,0
319.5819431,68.20336138,45.7589118,2
37.07315024,40.43713596,33.6301428,2
361.0158062,40.24282491,10.781203,2
459.8546956,69.76172323,43.273368899999994,2
162.1340064,40.55390542,12.232077,2
393.1593705,11.06779287,14.812249099999999,0
489.8203226,16.56704072,33.7497959,1
337.5591767,61.66836099,32.3990642,2
572.1592316,47.32903468,30.4735498,2
304.3590958,12.00024734,32.7601662,0
484.5456566,59.51211955,45.7166017,2
592.181673,75.39562886,48.7995511,2
123.2954487,17.04568287,16.2890664,0
452.1138922,9.337255017,35.7086212,1
104.3278094,14.06389274,36.5263835,0
215.0506773,77.50959935,20.567049400000002,2
535.0325254,9.133501645,31.8654612,1
7.053578837,79.74587872,31.6591379,2
454.154494,65.22799227,23.817512800000003,2
63.31803768,45.29014369,20.4735676,2
191.3028449,13.0628465,41.580901999999995,1
524.8203369,17.25190054,47.2321735,1
304.7226286,68.20449045,17.4048489,2
450.9203467,16.09371766,44.243477799999994,1
513.4406425,13.08471312,44.8714645,1
284.3358237,53.91606162,39.4626196,2
90.46138413,10.46849641,31.7105398,0
309.000984,61.3941507,10.3102937,2
55.70752687,8.504371455,18.6879344,0
89.60127376,62.44449543,10.7508207,2
21.45861216,41.79306857,30.806530300000002,2
387.4512553,60.83984504,24.9038623,2
38.31334456,9.31819255,12.1179303,0
500.0091669,12.46922889,42.2740274,1
170.1699651,11.78274409,37.1429969,0
385.5024437,12.80271105,41.6074973,1
31.49694076,6.085225758,42.415125599999996,1
296.478631,41.61555964,43.0759398,2
412.4509142,61.8525559,16.4729023,2
490.1645541,76.65807087,30.545977899999997,2
23.55647843,18.38703641,12.9699438,0
175.1864093,45.28462578,23.1546941,2
243.2234823,5.222841838,40.3448228,1
90.70085639,7.939702771,28.588701300000004,0
273.4298073,15.90527791,24.034490899999998,0
472.8233847,13.69689266,27.2353361,1
110.8635787,44.51535274,22.2223226,2
136.2707271,13.15393362,44.9779788,1
550.139218,62.75852544,22.7097461,2
243.9709849,15.6489961,36.0042634,0
452.1296083,77.02604828,34.127690900000005,2
100.3400092,69.07528225,16.885743,2
40.72206182,70.18086899,15.8647076,2
434.2988335,52.95479072,48.6411339,2
544.9418963,64.08800493,16.9117906,2
77.68850679,9.843516029,13.976701199999999,0
368.4750987,60.77242566,47.423641599999996,2
340.0152147,55.33704533,42.1528419,2
327.6500621,49.54598761,22.418414300000002,2
113.9858774,64.93232124,37.454714700000004,2
370.8504703,17.65593189,20.7641707,0
533.4400978,10.75301769,34.7711979,1
248.5778182,15.74714394,39.8029491,1
597.4970246,12.75908255,11.0743608,1
535.4759338,42.18361108,24.8257956,2
199.1246658,15.59906193,40.9846022,1
241.737304,44.32881694,16.2490122,2
163.7692861,9.097394306,10.3194705,0
6.94127009,46.27125421,26.093456599999996,2
461.8730995,75.95036904,28.377089700000003,2
44.76544668,19.39875034,30.556684,0
255.0732805,11.12030137,26.8946687,0
73.94153575,40.7865036,29.856953800000003,2
10.98445849,73.50876973,20.273069399999997,2
429.9662249,12.55537642,48.2157174,1
547.5144512,70.6515255,40.4858693,2
40.2524743,10.53526599,22.6004016,0
390.7628422,10.13104152,37.9565596,1
193.0672171,15.79205347,35.3264377,0
422.9474211,15.16012769,47.8314609,1
542.1365655,43.4471531,28.9765475,2
17.75836393,15.93305764,18.1453467,0
189.7134121,12.8700846,18.588975899999998,0
130.9743148,8.378106503,14.8707522,0
572.3617492,10.9045328,40.7355596,1
196.6402829,10.28793862,12.9776634,0
284.6058305,19.65925735,29.3668154,0
28.22619872,5.210217763,27.1044187,0
376.6754869,12.37813939,17.667096400000002,0
406.2408429,45.77692345,26.297762499999997,2
494.8070609,5.540560662,11.7649629,1
177.546724,14.49903376,19.3525629,0
283.8171362,74.72462293,40.682635,2
16.91012839,17.85425195,40.48001,1
418.8936019,49.50872104,20.946141700000002,2
20.74482341,52.36381955,31.839234,2
359.0346384,14.06260907,40.225352,1
440.1743545,77.21183763,16.1869366,2
161.7848168,9.892553812,33.4866514,0
252.5191497,10.06215569,29.6001269,0
451.7286006,15.60918368,40.8414736,1
233.0743961,10.08805147,44.7054449,1
112.7123929,59.93911377,48.3853,2
470.276456,8.976848922,24.401933200000002,1
304.1519757,11.62780562,41.6382045,1
551.8334337,43.17782721,44.1275663,2
471.9759988,9.517385297,16.8985992,1
500.9886027,12.05486072,24.6447124,1
504.2484308,55.24399398,26.8406891,2
86.34661959,57.12806451,30.479675899999997,2
558.0239964,18.03648603,28.6452668,1
45.01000957,8.934114827,47.3664882,1
320.8491734,78.69502128,47.0988138,2
155.6844155,64.92459361,44.612191499999994,2
533.0985291,14.72696835,29.2647752,1
194.0241744,19.1298717,27.40744,0
318.4642566,9.131700197,38.1018678,1
493.575449,75.48787067,42.664226500000005,2
476.2246996,19.49837659,28.0807335,1
51.78293008,19.57767952,39.406659,1
33.05397447,8.620245558,29.779863499999998,0
263.1590842,70.31295976,11.680467799999999,2
391.2234865,17.65990208,20.2864978,0
76.03821159,48.58432767,47.9244892,2
368.9219189,70.24596048,32.0445287,2
29.00929891,44.44307858,15.486540300000001,2
490.9368044,48.04127721,13.0461886,2
560.3398184,41.24593739,33.4864234,2
344.1515988,19.72132137,17.540441,0
483.7076801,10.14566009,37.43724,1
297.7403982,9.524933624,49.0967412,1
288.5722936,57.06819603,44.8866449,2
249.1074815,16.38465248,12.3294613,0
177.2707297,58.18850244,49.3969,2
280.9541684,5.26247321,17.126541,0
432.2331632,15.79189952,19.386889099999998,1
560.1955089,42.47260935,28.598882399999997,2
427.2792661,66.96271576,34.0599561,2
369.6401542,43.16668002,42.5841643,2
15.74560119,59.86664724,42.99406,2
295.8166035,52.29616399,18.2391848,2
437.8193006,19.62630755,15.962502500000001,1
236.5698518,12.94713586,22.1577387,0
360.5027009,43.69483357,20.2150503,2
139.5202734,6.465609131,36.2720418,0
416.022239,8.786207195,31.2746913,0
460.0299143,76.7048588,19.046311499999998,2
558.4096819,51.80437872,27.440126199999998,2
184.1326634,62.71592916,49.974034499999995,2
74.10271707,9.745631111,38.2531352,1
97.49469487,55.67203084,40.0729877,2
358.2528235,56.05251311,12.8823813,2
437.8937513,8.157927327,48.1007664,1
262.9639597,6.009269194,20.7182291,0
60.45695674,64.930221,37.9138449,2
319.0164741,5.668550611,41.7993466,1
352.1183552,61.77812862,21.4477327,2
111.6190456,49.29470897,43.602641399999996,2
565.4389988,5.20923528,44.904111400000005,1
349.8653007,5.713747888,42.9273095,1
294.0530527,61.60055945,49.2224426,2
146.1367495,78.89626779,33.6344964,2
424.1033027,16.80084522,19.8449995,1
267.635299,40.17100499,17.864151,2
522.2420563,54.23829812,21.4993035,2
231.961562,8.300993822,18.169948299999998,0
374.0291451,11.83491232,48.7991247,1
28.88935502,16.73002738,26.615571199999998,0
108.6442218,10.17769757,30.547123799999998,0
69.16679477,19.85427756,12.9591369,0
67.82870889,68.55492181,15.5635124,2
517.4092497,63.38806818,43.5725366,2
564.0119278,73.16693928,37.0374431,2
412.3037134,14.25791341,22.8660648,0
59.90133578,16.62325148,37.9031946,1
263.4667164,7.86593209,14.7763573,0
306.9040514,5.830397254,22.3064533,0
499.9874926,66.13980279,34.2466412,2
348.8861764,10.13398389,17.4115445,0
392.2604319,75.76021659,27.6021042,2
410.796139,10.96452479,13.383257100000002,0
261.1881404,5.591263777,23.316145199999998,0
498.6524022,14.7302443,30.178731199999998,1
453.7979871,47.52068614,44.054746900000005,2
349.5352763,19.43278864,21.1399885,0
32.75146813,51.13337502,47.071407900000004,2
274.6484391,14.56733269,39.9887467,1
170.7832723,45.03269872,42.1165929,2
305.4085749,63.4880852,27.736555600000003,2
234.4725228,67.15229375,49.9591782,2
410.620891,15.51298546,37.550761300000005,0
350.6720293,76.78427447,29.3700105,2
558.7097565,63.80123413,41.0209343,2
289.35833,13.83215405,25.348440500000002,0
30.97042516,42.39197368,44.533663600000004,2
242.351072,43.80375199,48.4592253,2
518.7155414,46.759717,16.2649721,2
472.2131721,56.25926801,18.8390535,2
482.9124569,66.43463034,14.415945699999998,2
152.9231168,42.23791786,35.8137727,2
552.9852515,17.8182109,13.275551,1
179.3472247,9.94068904,23.5913973,0
327.8990511,11.15748071,14.063910900000002,0
406.1516045,78.77177449,46.7950651,2
525.582364,69.15569505,13.353535299999999,2
185.0662076,63.18417151,36.495153,2
86.66270465,66.96749643,45.899439199999996,2
345.2432906,12.56571056,32.745407300000004,0
525.5290437,41.56694828,17.7169273,2
551.7643935,42.88396277,26.9324013,2
299.7443658,53.59823593,42.6706453,2
66.17564102,41.73412856,44.9552715,2
473.4505488,11.2424142,32.2555052,1
548.7680695,62.34909075,29.5285965,2
349.1105305,10.14913234,39.9527031,1
0.607337842,42.9933054,37.2778421,2
103.8770968,59.16367684,12.6663899,2
77.85517596,6.946744486,14.870752300000001,0
308.3791911,9.209533698,34.4403615,0
76.85703181,65.25474116,16.7097674,2
16.87862642,54.72920757,22.0744717,2
322.8270799,70.56005824,42.8079685,2
75.30275764,62.15573554,27.8971551,2
0.186607517,48.71572257,41.6150115,2
370.5826903,66.56086427,43.1983177,2
502.2043133,8.802406299,29.0296767,1
147.6694112,58.97589276,10.4291172,2
96.95797783,68.23372247,13.992721099999999,2
186.5181497,58.14230519,15.529019499999999,2
500.3193856,10.13501124,15.133349400000002,1
65.2862623,10.13712829,30.275254800000003,0
133.5172629,43.22483809,43.094625,2
595.7903693,8.679189575,34.762411199999995,1
443.9436933,75.60388142,26.224740800000003,2
306.3848212,79.12820815,45.244396599999995,2
529.4689068,50.73463419,32.792489,2
236.837483,58.85825364,39.3817129,2
93.9221679,9.645375667,30.528383199999997,0
377.5042484,14.80548039,17.474873799999997,0
461.3306513,18.86976658,18.5653208,1
344.8721624,7.190253584,46.3384052,1
339.8227362,12.45750921,42.0602435,1
533.1162627,51.33873286,38.6448728,2
536.8447658,13.42391762,30.323369100000004,1
2.999072213,9.312667991,44.0550837,1
159.4158968,62.34872352,32.1894456,2
47.16454428,19.20354349,30.5924357,0
176.4193704,43.4407275,13.9792594,2
28.07307973,79.91930535,42.8850607,2
356.565069,14.72801239,26.0932852,0
254.9805067,7.972945796,37.316664,0
569.8472088,15.1492585,10.907886399999999,1
81.5961905,8.864479981,12.210984799999999,0
297.3868017,74.87034119,39.216795399999995,2
41.32481112,18.82590004,22.7146091,0
28.57932521,18.95526766,37.9604901,1
245.277491,7.35140643,20.0773948,0
20.69983345,13.65780014,47.9645108,1
214.5976531,11.40342092,11.7762961,0
550.5024783,6.162254398,18.5628979,1
254.8738425,9.016614719,43.5998047,1
350.9394677,10.80575018,14.9770505,0
285.8059454,45.5156311,29.0394567,2
366.0749538,47.13512157,22.4388858,2
422.0919849,70.34879209,39.070867199999995,2
58.5803531,61.75878543,13.2289026,2
375.4486672,8.059919054,49.0775371,1
372.3182919,61.58590882,38.8934842,2
558.6619856,76.78646628,39.817830199999996,2
65.75217474,12.1450744,16.371871,0
357.2751085,13.69605672,30.1791558,0
3.957344052,64.20022879,23.197890700000002,2
81.52892834,77.89395985,37.826334,2
427.7784381,7.959709559,35.5753733,1
24.43186762,18.14631415,17.9603091,0
408.6097564,50.96756672,39.8063019,2
130.4141637,10.26064682,24.7656715,0
29.43446952,18.93891463,12.391128499999999,0
542.3348065,72.13251649,31.755308300000003,2
551.371236,42.6617126,44.810931599999996,2
271.758479,77.45234546,15.993742699999999,2
389.4573985,56.33518723,21.3957155,2
374.5618807,70.23102957,30.4606302,2
208.7175897,64.57318164,31.9200977,2
48.20110241,19.85333802,20.2708962,0
4.809535129,46.62227368,49.675133599999995,2
128.0321476,16.59260125,32.106909300000005,0
290.0255476,9.994253704,32.9609192,0
154.2491043,9.840255606,27.977647100000002,0
166.7007275,17.45304327,16.2190394,0
226.817905,54.04901617,23.7725638,2
132.2639684,78.94723818,44.329466000000004,2
400.2047342,15.96875884,18.7586075,0
48.45985951,6.477419625,11.7490017,0
432.8050974,74.37446383,39.358405000000005,2
397.7095217,57.88962833,26.9707851,2
348.8346595,16.05191853,12.8449595,0
273.8206404,8.674302625,33.8736254,0
165.7982866,48.17409922,24.7517231,2
277.0751924,44.81154374,16.7420622,2
151.8609147,17.88117453,36.1425154,0
305.664688,67.89450761,11.9830994,2
24.42658421,15.22190919,35.4193165,0
85.46067238,13.31483897,13.0447276,0
78.95814468,75.806016,17.561603,2
87.16034876,14.60670911,39.415202799999996,1
572.638415,70.01723395,12.9242651,2
168.225004,10.49429579,26.422127,0
341.5702906,10.5001832,37.1887816,0
501.7921025,49.44925981,33.179072999999995,2
397.5653185,10.4584911,25.8035846,0
171.7778478,78.07354188,17.767812499999998,2
296.9118062,70.41826958,37.4934088,2
530.7640089,64.64582506,26.944858999999997,2
6.719115229,10.56460569,45.8087458,1
49.15523383,66.74080194,12.4864356,2
493.0808717,19.68547761,39.2807106,1
566.4044423,5.387584583,24.9914042,1
316.7132347,70.74363835,29.543338400000003,2
374.9059266,77.49046439,24.823764,2
118.954114,11.7539779,48.0982295,1
247.1211876,9.548296758,14.9147358,0
428.5884278,51.58549915,12.898932499999999,2
175.9863819,9.222159537,34.1326006,0
295.2911815,44.16033956,32.152709699999996,2
154.5551096,40.22700451,15.6112366,2
45.70666113,76.93096345,42.8499951,2
483.3180923,57.77765737,15.5128346,2
333.3999133,6.565571871,40.7287544,1
238.3944182,48.49518256,13.5244468,2
563.5713274,79.15010863,29.162305500000002,2
477.344943,9.498940962,18.3763981,1
360.5009981,42.15804529,12.1748119,2
34.89420295,50.21373745,11.125890700000001,2
17.70291552,11.74398359,25.5767263,0
469.7372754,65.89387434,11.7640488,2
560.051587,9.814955685,30.2468894,1
124.7766791,50.30141801,44.046208,2
157.6586365,65.1539618,22.309939,2
457.6424806,72.29767954,32.803153800000004,2
286.5655009,18.63897565,36.825649,0
198.2598875,77.95438601,25.5638543,2
457.2066586,16.21280955,28.7531076,1
479.527489,11.58543866,30.118789,1
564.6604144,44.82087359,25.947002200000004,2
380.1002173,48.01821845,23.772308,2
519.4131422,65.9466189,33.4085036,2
14.83091322,54.43926116,30.666330400000003,2
582.229884,5.573041756,43.1087916,1
120.5885592,74.04169794,41.2864784,2
580.3951541,44.61656956,21.1385907,2
251.9162556,44.35369291,26.240369400000002,2
85.76585755,19.42249519,11.092943,0
471.560466,18.05037388,12.5061927,1
393.0947804,14.73730947,30.4439257,0
184.6031089,17.92437425,48.8408723,1
152.1515823,16.27519651,43.235379699999996,1
453.1483918,43.50938658,26.838544,2
96.7092392,58.60026529,15.7258395,2
237.6248208,76.54560347,20.1191858,2
112.3782286,14.83731151,35.6413583,0
217.9990457,77.88476753,11.357920100000001,2
287.3975273,41.67894273,10.9463811,2
228.1572156,7.849021155,22.917266,0
384.2471786,71.44999313,28.9233633,2
14.87299922,12.10153489,14.0383499,0
2.105009732,62.56926251,39.6764874,2
35.4183461,18.21657723,16.4115063,0
525.5334385,76.01758238,25.773822000000003,2
508.037785,19.71141762,19.1766726,1
414.1756727,45.40655239,18.3142366,2
295.6982841,77.99864352,28.8317153,2
240.9848454,12.77548195,32.7201606,0
457.2918547,51.18140098,35.092663,2
475.1176352,5.81071441,48.677188199999996,1
159.7769903,64.57443775,43.0315327,2
132.6537466,60.03268172,41.0634111,2
300.3652102,15.51940013,37.2614228,0
395.7644378,59.48767101,15.1688854,2
452.1108046,16.74272927,46.588373700000005,1
127.9165807,75.07817156,33.3082742,2
547.7290961,14.96111182,37.4588845,1
418.2150682,9.060119089,39.774355,1
90.18964147,19.22554329,28.037788499999998,0
223.7096452,41.15505077,19.2900298,2
165.4231172,72.10169029,10.9944675,2
207.5954077,15.53246493,17.773039500000003,0
368.3547768,12.15487873,34.3808493,0
50.76491162,12.8914102,12.5495703,0
90.73762604,17.77305758,37.1570888,0
21.27570941,17.06163869,28.7387466,0
317.8694276,47.88388059,39.586087199999994,2
352.5819088,18.54910433,46.4948535,1
342.788303,52.89915015,16.1918503,2
509.7156461,8.175715582,47.719263899999994,1
464.6458736,49.16616748,36.373584,2
276.099282,15.02270993,13.8615771,0
559.8448001,66.4561197,29.6042718,2
334.7215076,74.83221011,28.120496499999998,2
362.8442738,73.56087833,39.6222621,2
3.230392567,15.56156541,47.0552572,1
318.7327475,18.60864751,33.7467393,0
204.8568907,67.63265796,17.9313831,2
112.0757083,60.35490961,47.7282494,2
155.0775039,8.659929535,48.092948899999996,1
475.0864983,6.755966195,21.9968775,1
323.1908702,55.73094631,42.3316442,2
268.5726761,11.72611762,32.3779464,0
399.0679238,60.39818024,33.9755202,2
394.0775402,53.44204185,26.0005099,2
343.6701406,10.53087733,38.1098369,1
79.16249086,13.75787401,18.611043,0
71.85492787,17.19773221,19.8630961,0
475.6314671,13.17322529,36.9503926,1
575.1446136,65.39948359,48.5190546,2
552.9375519,6.989059861,21.484577899999998,1
28.27891448,8.985283473,18.230181,0
400.4478391,14.21811527,42.4673592,1
221.4516296,46.00088999,43.2605426,2
305.0594416,44.7319556,11.2092902,2
24.95764163,14.694649,44.3700989,1
301.0437946,13.56980023,33.5417322,0
128.9736112,56.45939505,36.8292323,2
209.7559581,13.76337183,30.922824300000002,0
344.0751967,57.24658593,46.7242141,2
273.8950167,13.90362882,14.942392600000002,0
401.2696346,59.44381213,20.2985436,2
190.9190483,6.283993292,44.4718582,1
93.22229245,5.562929863,30.496474099999997,0
551.8943012,76.14032421,47.064844099999995,2
356.428392,44.66176311,10.3415731,2
254.7837654,60.31733069,45.3665202,2
293.1405475,6.884917184,18.313087799999998,0
154.2292388,75.93275173,30.0689619,2
392.0755927,8.717186644,33.9901591,0
206.2800527,40.24170787,28.0696486,2
434.4424622,5.36966607,18.1446725,1
327.8820396,17.49340392,28.7815496,0
471.8703073,18.35453836,23.1226611,1
182.6046505,8.549496972,34.5555663,0
399.6166097,68.35618432,17.635911500000002,2
1.512180045,62.97818553,36.5495016,2
479.8877423,18.2257596,47.1457312,1
86.24616794,13.79273531,15.4316125,0
497.6209108,72.89969506,13.092416300000002,2
589.1368063,55.48049613,35.6358387,2
306.3301819,9.480082361,11.3804357,0
147.2572554,5.174673493,36.2404489,0
338.2642641,69.92937966,26.1221362,2
429.553641,5.614673334,29.750596499999997,1
514.0030653,6.899556883,33.7849271,1
438.6779992,16.87941522,21.9940565,1
158.7385364,6.611798247,15.6665846,0
488.2400944,11.82993125,45.8982939,1
248.0065386,14.10033985,46.262323,1
457.390086,5.726963487,18.8225896,1
67.74650224,45.10904258,33.562665200000005,2
236.6672894,63.52224269,29.212385400000002,2
513.9727001,11.91454388,42.5947619,1
591.418275,9.110176706,12.2052417,1
99.57191687,71.14293064,36.6824966,2
530.4870519,16.03281059,18.9148961,1
447.466093,43.4952025,37.5255996,2
329.4995894,14.67359486,19.424317,0
370.9971161,67.29798345,28.077733300000002,2
104.0427826,18.16233863,42.2106276,1
201.1779394,19.78987358,36.8009073,0
68.85261804,77.42085142,24.9091575,2
562.2007594,78.26339443,37.122641699999996,2
344.9858651,19.69933171,17.4408695,0
28.55079938,5.746715023,36.1364222,0
295.1470727,50.26234025,38.822299300000005,2
151.6036544,45.89745745,23.4357185,2
394.5457509,16.6777382,48.4961979,1
414.5393323,17.10892474,43.719432600000005,1
225.4578699,70.15219448,39.6856309,2
556.8359837,16.71178225,21.1391427,1
340.5039202,57.40788367,45.6539062,2
543.3763107,78.61584476,28.705403899999997,2
13.92157835,11.5436904,25.0632031,0
440.4935248,17.97606649,40.7479459,1
108.2970394,55.92841235,25.393632,2
149.8535234,15.43516495,13.3022694,0
557.0548208,78.61249065,40.586685700000004,2
427.1570623,15.4346113,19.6680577,1
135.0581123,5.31724735,12.3296233,0
282.2529516,61.08472362,32.2185948,2
158.7751608,17.17198909,41.212529599999996,1
478.538272,10.93617245,22.846541000000002,1
32.29199828,64.00610592,27.9550024,2
222.1256604,68.2234632,43.6388648,2
543.7096293,6.058250956,41.1880957,1
122.2372169,66.79885396,11.0322323,2
22.4077669,6.278007163,11.018491699999998,0
346.6118052,10.26463436,21.1970903,0
173.6523958,19.78787661,25.6767714,0
334.6735211,72.33961817,33.8506934,2
558.6559674,56.24360169,28.8883179,2
486.0269874,11.23870481,44.4693722,1
123.4629824,70.08887687,22.1439226,2
197.7085319,14.33824094,35.212852100000006,0
493.2392465,51.07443726,39.6205826,2
174.9835932,66.08793849,42.7147847,2
17.1331565,5.51446852,35.788742299999996,0
469.9777781,17.84857983,38.8351201,1
413.9296448,7.095808505,26.192010399999997,0
443.5647019,50.37042913,27.9541201,2
273.9512322,51.71768454,40.0167134,2
180.0297477,79.21193328,34.0972597,2
167.2600802,50.58397817,38.7904066,2
281.7437059,55.06241326,33.0815619,2
218.8080482,61.32110019,11.241815500000001,2
560.1180605,14.72313766,11.332351000000001,1
107.2987786,47.73255989,44.7372449,2
211.7318944,49.34721138,28.8517618,2
343.2536036,17.68617317,19.375304099999997,0
378.7754799,77.47934859,19.255054299999998,2
267.8656116,19.14793775,25.6115755,0
331.883834,14.9347687,29.971322500000003,0
177.7586421,54.1282899,29.9817167,2
37.18083656,16.12993087,19.0617754,0
532.1493036,62.4102182,43.8817411,2
161.732561,68.06408374,19.7300589,2
236.7285027,41.72811457,21.0699257,2
93.83219906,78.48233792,21.628271700000003,2
582.0837859,69.01501653,35.413695499999996,2
474.0801416,45.68508148,38.5715099,2
400.6937125,64.2591139,39.6506082,2
527.3364096,6.133317406,41.5888832,1
133.7449497,13.31930737,40.160575,1
32.68514462,50.1140908,24.375101299999997,2
504.6177433,15.51646381,13.3588695,1
530.8942148,68.6413294,47.1056166,2
31.92252111,78.59135031,49.4857619,2
580.094471,15.04022526,32.1508536,1
466.1486892,40.1244351,35.0375142,2
124.2151088,11.13794966,23.4131186,0
300.1337033,13.23398787,28.490615400000003,0
551.408179,57.70044928,13.880072299999998,2
291.9731441,10.8415202,36.0996957,0
160.9794325,17.80444893,43.4950524,1
537.4314346,62.9527504,19.777092399999997,2
68.35503383,67.31049648,40.286345499999996,2
522.0946786,12.36529644,38.5264773,1
332.1434588,76.64102077,36.5363205,2
198.9465178,19.3749153,26.136248000000002,0
328.0510563,9.309954998,33.1346492,0
30.90689528,13.39824748,12.3965356,0
456.7221598,47.92002937,22.4362016,2
117.7948705,8.652005661,10.5499772,0
287.7572939,66.70111877,49.9924251,2
77.28312188,54.77602285,11.5250848,2
246.4048765,7.566537176,12.8294532,0
488.2799867,68.3116771,43.882975800000004,2
370.9702682,41.63361772,43.8234718,2
90.68115565,16.36203576,23.0975721,0
24.81053562,64.05468707,42.940162199999996,2
536.8655136,44.89709194,14.045184899999999,2
538.7798954,53.65556805,32.335195500000005,2
397.2583298,68.79598546,32.558493500000004,2
483.5832133,61.84849998,16.399129900000002,2
50.43013936,15.23767595,31.063659700000002,0
457.0120278,11.57983072,35.6043472,1
421.2555522,58.36845115,34.5662632,2
512.0817524,14.71013202,28.2848486,1
440.3298813,58.85516244,28.220253899999996,2
556.5290281,16.49893917,28.479708799999997,1
60.56633392,75.33942969,13.358435799999999,2
543.5747483,59.23974558,37.073310199999995,2
486.8016717,44.34837599,29.9950149,2
53.06335652,6.395261139,31.5837168,0
187.2823883,69.10692729,13.522066699999998,2
373.7901031,53.95950908,31.039264199999998,2
463.2839281,56.9260647,42.2341945,2
543.6591614,10.14673275,47.7062287,1
547.7794255,59.63769376,26.3897169,2
142.723184,42.36106843,37.2569718,2
8.499756577,15.78867801,45.6856328,1
597.814477,48.93618499,27.7579158,2
487.7708418,49.48251604,28.128268600000002,2
277.231313,62.78283612,16.3032303,2
299.9828917,8.540118955,45.394064699999994,1
98.29780034,14.65054588,23.260343,0
237.9013348,15.37795862,29.420399000000003,0
44.66119362,6.020559711,15.1887893,0
52.3408213,67.04598714,30.7606087,2
70.97198925,14.2174919,22.6007824,0
362.4108555,64.06817139,37.8192583,2
300.6489315,7.203448533,12.840665600000001,0
562.7831637,9.267679396,38.602149499999996,1
132.1296056,14.80991332,26.477952900000002,0
190.1065359,78.30437933,35.002942999999995,2
90.77627742,15.10414748,14.9659091,0
319.6363577,9.513786097,29.5694709,0
52.9783018,65.72630412,23.577398199999998,2
390.698638,13.90558674,45.436223999999996,1
239.1690476,44.65819023,21.62922,2
380.3648037,54.01635779,37.884779200000004,2
450.5431972,66.31898301,27.511428199999997,2
63.23784348,73.05774057,42.1205486,2
472.5716098,6.258469409,38.1880081,1
536.9979534,15.85371051,23.093719800000002,1
447.6555409,8.624019147,42.6560934,1
360.0341554,76.66149122,25.6729372,2
51.84723127,18.55929598,35.3721027,0
534.4793011,12.04768152,28.067696199999997,1
561.4189246,72.66433405,26.712072,2
564.4342259,8.597299283,26.504385000000003,1
509.9062391,48.51716331,14.449002499999999,2
153.9381117,11.57066114,29.8321065,0
380.399699,72.1507981,12.039598699999999,2
407.2576295,72.10707419,39.1596828,2
213.6281014,10.18440556,18.389555599999998,0
256.8254588,10.05803053,45.1228227,1
508.8055841,5.598837988,49.6575819,1
5.387030554,7.961056006,10.367422699999999,0
286.1274334,69.18284387,30.6904134,2
265.5236443,7.467880586,37.6281537,0
2.236580754,64.2384323,22.3045143,2
65.70704714,41.21714143,36.6120357,2
307.8414916,12.73918818,42.1289022,1
59.39413365,12.02691856,37.7365622,0
211.3897818,79.57006914,43.4526512,2
137.4589389,45.17082512,27.7538825,2
372.2344484,9.292713062,46.062733099999996,1
333.9571277,61.13928004,25.040761700000004,2
485.5285241,46.23355939,17.800046,2
70.93843477,10.74746703,24.7562231,0
586.7199168,54.88049765,22.3887679,2
76.26723166,41.32691028,23.9626406,2
69.12335098,63.22995105,14.086570000000002,2
247.9121003,56.4082138,10.433856299999999,2
373.9881404,62.23498767,15.9695229,2
276.5648669,55.74792852,21.6596222,2
412.1244573,63.87346848,12.2577503,2
64.40952969,17.7997578,31.422093299999997,0
185.6862402,17.34140365,36.1205455,0
224.1045778,13.46624882,48.0650129,1
337.7017923,42.58160418,34.8602866,2
445.781425,43.26859028,11.9260749,2
325.3449638,19.03991269,20.0002061,0
328.040062,78.92613173,22.9921124,2
127.8967861,51.72322178,29.9572304,2
345.271462,10.9722424,14.1041483,0
162.5841461,71.64502361,15.5655775,2
318.4605659,12.21179252,45.5387007,1
314.6684871,44.32277181,38.9520524,2
356.6614206,60.80978266,36.3042275,2
279.7216226,74.9485074,39.725294500000004,2
385.7179949,9.942956207,14.630860400000001,0
461.1996336,18.87896962,15.792413499999999,1
125.960975,17.89621709,27.3291885,0
422.2002341,14.50674927,36.1218211,1
471.9106703,60.35012371,11.925696199999999,2
498.2740039,57.00265321,34.3425033,2
61.4106182,10.7465215,23.9379379,0
531.5046619,7.344971576,27.079001200000004,1
190.8968032,60.38720534,44.2794899,2
57.47029532,11.90579264,22.6049963,0
97.66602132,72.37690151,43.020657299999996,2
418.5555394,50.54356723,21.787586,2
170.9563385,73.67573144,45.3087327,2
119.8094368,61.99534238,19.5809314,2
164.8252608,69.44274768,24.7763349,2
89.49065616,12.25695345,12.5652677,0
9.716505598,14.52735483,43.7758625,1
386.1198351,13.44245356,14.4082348,0
159.4490145,9.800241696,18.8523096,0
414.8454278,59.97710388,23.1912871,2
433.9462467,62.56999819,43.5353068,2
342.2098027,12.71121043,18.6341384,0
565.5701415,57.68522969,47.4431938,2
355.3388011,45.36928218,18.1636994,2
130.5646321,53.09948035,18.389370999999997,2
547.9274064,45.35963563,31.9602805,2
252.575901,6.534982693,41.6795216,1
517.7175632,9.7897532,18.612558200000002,1
127.4491805,8.980545997,15.742307799999999,0
571.2313467,16.10469546,27.539209,1
268.2421908,18.64380043,10.442072900000001,0
367.7103621,15.61284228,16.947058300000002,0
127.7347235,16.19470719,15.4849428,0
432.0200793,47.61717854,34.9684715,2
431.6135471,70.70537929,33.544851599999994,2
26.8395817,42.07504424,15.536697299999998,2
2.288133235,68.80747737,39.964222500000005,2
66.17305209,5.575423322,30.3953331,0
544.9663979,65.62468497,21.527238,2
481.8806141,54.59682058,13.392639,2
220.0821232,8.402556535,23.2063618,0
477.852011,57.48859876,42.265094,2
71.11756371,41.83575472,47.6789446,2
555.1739009,12.92876302,42.527030599999996,1
435.4224369,43.74052266,48.794357,2
543.2615886,67.37418405,38.7402461,2
465.7220804,8.991520528,18.0561282,1
98.0360344,15.88352371,38.2158694,1
337.0062873,19.87509579,19.4568999,0
404.8605437,77.85187682,36.625522100000005,2
596.9368779,17.26977157,37.443768500000004,1
443.8430704,11.96874147,20.9287458,1
562.655802,9.202011782,20.6524697,1
162.2162595,12.67907946,49.723112,1
494.3605747,65.67550014,40.6186457,2
145.9829485,51.33783438,28.916096600000003,2
391.866203,43.49507664,17.2760276,2
108.4026769,9.56141954,12.2350823,0
190.0755013,16.4261406,44.7080648,1
594.0279242,69.99013729,42.4174204,2
539.0399568,64.00066032,21.1720222,2
33.52244406,7.796297073,16.165194999999997,0
358.9178485,48.54963662,19.346282300000002,2
457.2128774,8.388221194,19.116982699999998,1
488.7473349,14.58894325,33.288846500000005,1
261.5609429,13.73217204,10.392671700000001,0
193.3939566,14.14201645,22.0949277,0
532.9664983,10.68055033,37.1394274,1
115.6069254,65.78902345,23.8511203,2
373.4390354,53.91429285,39.4219498,2
71.47586442,5.18104903,14.2736323,0
358.5622855,16.53754804,45.6428829,1
496.162291,5.94361214,36.513931,1
269.0966657,66.14233369,10.0888777,2
588.8628433,10.1444978,23.4856306,1
89.60754297,18.72252425,39.3953292,1
461.1745379,7.556937674,26.4628313,1
3.530212599,6.709179042,35.238180299999996,0
38.69106884,77.28547269,37.0893417,2
191.1409582,12.77327473,35.400966499999996,0
499.0686936,7.677796839,39.282848599999994,1
582.4397435,74.58545492,28.0907064,2
411.8617461,14.04833203,41.7253669,1
500.2950528,47.17794652,25.6292239,2
596.1543584,74.48139789,20.1914701,2
374.0742748,54.7260093,29.8403409,2
24.85232585,17.37702313,49.7884361,1
121.6177484,40.7615587,13.948639400000001,2
276.5372141,72.99419098,20.7171275,2
592.1542563,5.844999167,34.6940481,1
510.1440166,64.09468157,18.6076674,2
285.4657418,11.25746418,41.378945099999996,1
567.8787693,8.013670095,12.395007099999999,1
595.8428067,54.79624928,30.3296173,2
89.77468815,8.777800435,32.760303,0
521.1611268,11.9015394,46.9914069,1
111.7793164,52.28167702,44.6269733,2
220.7534312,14.78396009,24.3716031,0
150.4097789,10.44783686,29.1258372,0
348.9856439,8.290840838,40.299560400000004,1
21.39630231,8.017594507,19.7029097,2
403.0234497,44.3973828,10.1478701,0
96.84171713,16.66591865,37.2918022,0
93.04929334,12.76458404,24.532914,0
467.8215912,41.95479835,28.038473200000002,2
433.8744185,16.51646927,48.8307824,1
255.7459584,58.99565223,25.926647400000004,2
207.2863168,5.491998114,34.951485,0
104.1715497,44.06707586,45.927020899999995,2
311.3433252,13.65580013,39.9844768,1
44.30097847,10.06998172,43.6806301,1
540.1193411,41.01018247,35.078583699999996,2
583.2109039,66.70248407,13.8207427,2
464.3692014,11.16670125,39.5920795,1
9.222109625,9.028357109,14.6199024,0
57.50293744,72.77854337,10.221010699999999,2
435.0177706,6.544192171,37.6773845,1
454.6784788,18.98665968,39.2291968,1
540.1224142,69.582255,25.294104499999996,2
4.290303854,63.11954445,41.6266045,2
200.59547,54.86865192,34.9898939,2
332.223166,14.13498667,39.0370968,1
461.8679668,64.20098389,43.3280676,2
54.69876585,8.093040739,28.0436154,0
546.9303801,68.52217584,34.7824468,2
373.6312756,14.80666884,15.6947462,0
263.2753712,13.98516566,24.9663761,0
281.9968978,8.632751684,37.3974929,0
557.3383827,75.5755237,21.825433,2
106.0975221,79.40758759,32.4642542,2
278.9598776,56.63687752,17.9554321,2
199.4196247,18.83748344,18.0776534,0
257.0581754,63.5265644,40.621032,2
565.8240687,41.06581165,40.0756579,2
432.8935632,73.66526928,12.503534599999998,2
98.65995252,13.04615575,24.781756599999998,0
167.1243815,12.65690197,16.0569379,0
52.871408,6.292036573,11.998237,0
524.8229467,59.49417484,49.052308,2
566.6974568,6.274494348,48.1642429,1
530.4107159,7.621800726,26.992753600000004,1
245.2464711,18.33679034,14.6487077,0
326.3146258,69.32188744,45.59163,2
433.6228276,8.326692379,30.7906193,1
482.5315514,10.69048397,44.184381099999996,1
509.5812543,78.89354713,49.290864899999995,2
507.930331,59.94640083,32.8571437,2
248.7459034,77.69491486,43.181752,2
11.99639521,7.833947206,16.2110034,0
234.6331662,6.004866416,23.5120454,0
259.7980125,12.59825,26.0802704,0
437.099146,49.29150752,29.8913131,2
188.2983036,51.82597047,25.0754891,2
1.848838962,6.188744092,46.5765717,1
228.3866544,7.726453966,15.8225014,0
234.7328021,13.56024763,20.2581979,0
376.8996018,55.8269844,45.5322721,2
88.16873034,11.28385437,23.4833943,0
490.0430515,65.93345281,47.7625155,2
130.745173,9.294197932,38.710143099999996,1
336.5411529,17.87484408,37.219867,0
339.8453898,9.410050829,10.4832677,0
521.7746935,79.55016422,41.195244100000004,2
374.124903,55.8858761,39.1180072,2
71.36635475,10.35155736,49.7621056,1
318.639383,18.97916209,10.9602012,0
579.3555567,19.93225416,40.655757799999996,1
285.4622699,16.2947929,24.1149016,0
113.8335508,11.11107907,28.2585674,0
167.6551673,56.747703,24.6711879,2
311.2848607,12.90225749,32.372963399999996,0
404.9977828,13.3587775,15.0739281,0
100.814305,19.13914565,38.8300693,1
535.2135091,59.40082831,47.6677239,2
554.3975884,10.60349429,46.228019599999996,1
585.1738621,14.06007497,19.4380077,1
267.8443188,9.61482631,41.7067435,1
511.3143199,9.564613877,16.1658294,1
32.09377562,44.76293704,48.3212957,2
298.9461672,7.971961127,17.5594063,0
469.1173689,17.58649548,31.295957299999998,1
423.9261789,55.45983964,45.187311,2
514.1469882,42.9571346,41.751667,2
113.9445041,58.03496926,42.053112,2
65.44601676,19.50101341,27.200329,0
264.2874883,14.95687436,29.888939199999996,0
408.1839434,76.36697195,33.6234883,2
39.05844827,63.6625945,43.075924300000004,2
309.3493982,17.12235574,49.0793066,1
319.9137497,47.24913157,39.7372912,2
171.0006121,54.55333231,12.5772424,2
404.2788678,17.3883234,19.6799567,0
347.6917796,79.19340091,45.2217209,2
4.789127006,19.66157276,12.2884599,0
432.2361776,11.22103704,42.087581400000005,1
549.0474425,74.01960754,48.1718022,2
519.7306969,55.74441368,23.7776288,2
465.8296948,11.73367584,25.3819936,1
290.6841384,58.53149796,41.3149298,2
279.9323058,6.423263452,33.7146216,0
310.7711869,53.89153436,35.3339377,2
160.0040715,45.14401425,30.575012899999997,2
418.9250979,19.66184845,44.8545491,1
274.930953,9.770594175,30.527121299999997,0
44.22277071,49.08992365,32.8544114,2
353.2867893,9.063638349,48.6952834,1
477.300115,14.24932967,25.476179,1
494.670952,13.98940349,41.358675700000006,1
219.9054766,51.27804021,36.0706691,2
17.18678878,12.91718162,36.241749899999995,0
584.8635028,17.75199102,12.4468631,1
352.2614965,43.48026348,38.5666507,2
597.0737997,19.52108754,10.7954252,1
146.3491534,10.25354921,12.996391800000001,0
149.1724931,8.714474646,31.5828393,0
100.5872882,9.436292519,39.3046796,1
572.135929,14.286821,38.5672613,1
361.4013492,46.75937638,25.9454523,2
408.2821573,13.05913511,46.184187,1
143.0358564,12.57673334,14.03866,0
592.607013,68.82295072,14.128294499999999,2
532.523331,8.386843282,40.562992799999996,1
89.10247741,11.05279989,26.0379313,0
216.0234787,63.86815893,23.4017833,2
547.5119827,79.60392477,11.4782381,2
209.1471094,19.18664746,28.9938366,0
36.12267717,17.42410347,29.736355399999997,0
317.9673564,43.62698602,40.534737,2
48.73599516,51.02329857,25.5882463,2
197.587713,48.46335332,15.887172999999999,2
225.7669059,14.9109109,14.0544056,0
512.9953656,16.8217841,18.0387688,1
134.8591978,67.32916204,23.8394666,2
257.6711955,12.29558151,25.0664498,0
367.7918318,72.66132394,19.3600592,2
302.4185516,74.93812534,15.2322858,2
545.7219009,13.60962763,15.273140800000002,1
200.1071274,70.42340683,15.8579382,2
166.5487127,60.52490251,49.6662166,2
376.0684813,74.21731413,45.6796417,2
439.3853144,18.95672901,10.4873449,1
276.2867007,7.32262092,41.251479,1
353.5520989,9.954412632,35.4575098,0
19.64052737,5.139654361,18.3808773,0
41.70896523,7.976151518,31.57861,0
274.3589551,13.65211879,30.1857072,0
270.9400284,6.194676936,20.5409725,0
549.0523173,59.53477948,45.4426463,2
287.8766451,19.64030236,44.6735889,1
28.13602001,5.847735362,27.509862299999998,0
564.538968,72.97227635,23.328747999999997,2
269.2395585,66.12349004,42.846495499999996,2
16.59105352,48.02600062,19.861838600000002,2
331.5001422,44.01864846,45.6244029,2
575.003951,16.0173056,16.9751422,1
128.4962064,65.49854516,45.606524300000004,2
209.4192414,9.998626108,38.8809509,1
218.6473628,56.93950447,18.1983917,2
91.27160414,47.49254984,17.0753065,2
309.2533031,10.33432999,29.477923099999998,0
215.553076,70.23069604,13.0270885,2
350.9810852,9.64447715,49.2245628,1
434.3096632,70.84726784,20.3767167,2
348.7351583,5.608785682,12.929394599999998,0
294.4816167,69.98422746,21.1794388,2
329.9390676,49.45838304,28.7574267,2
113.2318794,54.90306706,30.068754199999997,2
407.8213937,51.22967812,31.4698606,2
106.7534525,63.13480092,18.5088247,2
567.3656103,14.14167946,30.6989444,1
331.7404954,40.43789495,40.566646299999995,2
277.2490006,10.24792541,29.248873399999997,0
595.7127501,13.23262633,44.0233194,1
125.6357392,13.63324262,41.8291621,1
412.9889984,8.525469482,38.0783525,1
154.3277241,12.64603265,33.2355201,0
502.7995334,8.161446491,11.2094899,1
60.54500259,15.83466752,44.77318,1
570.1194341,68.07671574,17.4278164,2
437.3735793,69.20316106,12.352822300000001,2
577.1324029,42.47999753,27.657501800000002,2
578.7206531,11.64405683,35.9856951,1
10.12494272,66.17017843,25.200441,2
575.4355642,7.199218357,12.8312823,1
429.9146459,13.71195245,48.381372,1
271.279895,72.24909297,39.685329200000005,2
117.2224407,63.70911917,34.3269704,2
502.8689781,7.865778031,44.831196,1
254.6735968,43.64857115,16.0115489,2
591.5345107,65.42560439,10.3617405,2
467.6922362,45.95105251,28.982542,2
459.7543116,64.18697425,47.6785801,2
18.36885882,19.21599206,38.2335609,1
130.3895098,17.45049025,11.0668392,0
491.8929767,51.47290304,35.7743756,2
122.8483704,6.250685807,13.719518899999999,0
145.3570855,9.408751408,24.7819236,0
283.3930846,73.51586699,28.8500612,2
471.7776337,11.95086513,49.1447329,1
249.2787372,67.57522673,46.9209758,2
311.0181832,45.65500222,19.7203575,2
141.9364212,7.073683485,18.5261088,0
116.5531648,57.70711498,13.157764799999999,2
592.5069244,19.82393173,18.186920100000002,1
92.03732729,9.551798247,16.9733944,0
155.255374,6.072545365,16.854227599999998,0
567.5264344,17.42064929,30.7260584,1
89.03685465,14.64209887,33.17721,0
270.2769832,43.42786653,45.7338869,2
348.5940646,61.86224581,36.0193323,2
99.75610858,71.23389379,23.5034211,2
5.73166597,9.633765843,24.6698834,0
214.7139264,8.640724802,46.3928817,1
594.4055867,7.163600317,22.5020045,1
64.18872524,13.00588121,43.0588263,1
155.0594008,8.789945033,47.1661363,1
582.1977458,76.22081514,33.4819783,2
518.9120965,11.98230459,33.416910300000005,1
273.9532718,16.49038849,11.2588083,0
57.69702218,18.36710138,22.8645841,0
329.6708967,5.48729895,28.470643099999997,0
104.9121199,74.58626431,30.8947475,2
41.09543813,10.7165077,24.197347399999998,0
184.8855616,12.91436685,21.1930695,0
472.4447555,42.75692885,26.3219503,2
236.938949,7.823482997,47.503257999999995,1
287.1572144,44.67016144,13.991682999999998,2
14.14737033,71.61280982,26.4807113,2
385.5961963,58.85348961,41.216304199999996,2
212.6833503,9.119988047,24.8593057,0
245.0760344,17.800936,27.221577600000003,0
493.5721327,10.30216213,24.3604809,1
565.0923943,8.628915922,17.5784695,1
255.7328051,8.20701816,47.8765227,1
502.2961223,68.52615936,26.551009399999998,2
519.4696711,13.23624834,31.0017708,1
582.8808536,11.05716508,44.3570241,1
57.25892086,8.873965368,22.719087,0
585.5373407,64.83031367,12.5518586,2
268.9175507,13.63688707,13.902172300000002,0
483.2061585,5.479916902,37.186432800000006,1
206.2243303,7.566289503,14.458995499999999,0
139.3037912,11.61132415,42.8741129,1
132.9310897,5.212949517,33.880470200000005,0
89.88658586,5.984391323,15.3424723,0
327.6327362,41.14742295,31.409629,2
74.52535727,56.78408084,34.2758542,2
401.3435992,14.68927297,10.381459,0
596.1823066,9.445221153,44.8775833,1
136.1242014,16.30906527,36.134619099999995,0
411.7376585,61.23047801,38.5884846,2
470.8727958,18.23661787,18.6921175,1
479.7671477,12.41895579,46.5145437,1
16.36048796,11.03555809,21.1664307,0
301.7714995,56.92574085,23.8181048,2
165.3505323,6.68913844,30.44284,0
258.4976383,8.49352758,17.812229900000002,0
128.5302913,11.2656285,18.8616535,0
101.1183923,63.18681741,16.8924208,2
91.69650531,64.40683671,17.7556945,2
329.5066153,8.590547545,45.8252399,1
120.0924501,13.11148447,18.3647412,0
222.2012304,19.00389716,33.450235,0
56.59468599,12.94300423,38.2470803,1
488.6461764,14.45883046,10.9121364,1
549.7786483,62.78084587,18.9650655,2
99.37544535,48.52392725,26.1632719,2
480.0752925,5.271216383,45.507307499999996,1
154.3942793,5.421822594,12.169394,0
310.1321322,13.27568558,48.284059299999996,1
17.01094847,12.69829964,14.9697699,0
433.8861807,9.58364689,25.8884711,1
75.03769183,53.19902514,34.5062396,2
190.8758594,9.368349779,39.9883535,1
472.6666446,10.58065352,22.9899293,1
586.7420247,10.58985695,45.3061029,1
66.59935032,61.077649,27.165772399999998,2
356.8949256,19.97925979,45.524667,1
45.05274732,58.26662855,13.7443865,2
48.19698251,5.964788348,49.1465576,1
323.9756591,12.7499639,35.8300677,0
419.9203463,44.97346294,28.2574818,2
301.7251962,10.03724547,24.2663802,0
73.26686573,10.19703931,42.436421200000005,1
252.9720366,51.54667311,24.6007605,2
87.74064395,6.460650937,42.768717099999996,1
52.04651481,5.487061575,47.1873914,1
494.4984239,17.71032581,12.1243127,1
145.8671623,9.793841394,27.4577067,0
79.20736604,53.0717674,20.6120094,2
169.3630716,6.569909509,14.825817899999999,0
477.1984777,16.43281267,38.642247600000005,1
160.4305515,11.8243532,23.547472,0
342.3064994,41.17125539,45.1227698,2
467.3824914,17.92765735,31.5474633,1
176.9221388,64.02755567,41.4157832,2
17.11271832,15.70411049,13.243184999999999,0
451.599468,59.81519269,40.597519500000004,2
61.24269218,57.00654979,46.8577393,2
587.4885999,7.958639993,49.507203700000005,1
512.9270496,47.68199066,49.1571969,2
597.2883588,18.33500916,25.545382,1
128.7215018,63.53475033,45.930574,2
463.0493652,70.87452524,40.330904600000004,2
381.1567828,16.96914784,44.1590905,1
166.7755666,70.95832319,39.120265700000004,2
97.21569685,16.74740044,12.698694099999999,0
387.8841385,6.70469058,16.5770122,0
245.2509754,51.73310013,47.1206941,2
407.5567936,19.9433674,20.7068669,0
585.2062848,52.10095284,10.9273977,2
200.4206573,64.66910367,39.125681,2
218.9325039,76.71105009,36.404977,2
500.5114111,19.63290994,28.250567599999997,1
166.5642835,72.60887417,45.5004929,2
10.81151454,47.03691717,12.2833779,2
218.3356382,44.98972313,25.308242600000003,2
434.5482284,50.23755831,44.0877083,2
476.9339734,41.71583638,46.8976006,2
515.8569617,8.148392635,18.2760942,1
546.4720763,71.08638785,34.7975384,2
521.5618973,17.08836754,14.1605337,1
282.922626,42.94325949,45.3137144,2
152.8417666,17.19099356,49.118890199999996,1
442.237981,69.3362378,49.6435107,2
504.5534715,64.29236164,36.25345,2
248.5273154,13.21424151,43.7264632,1
503.2527468,56.23603277,11.274258099999999,2
364.1828568,58.81358459,36.7212088,2
34.19651071,11.09694077,45.346384,1
281.1591052,43.24637644,10.0109547,2
370.9287573,64.55215702,28.3884544,2
40.26205516,43.94699427,46.6627764,2
384.1763502,65.96414539,14.076634599999998,2
544.8414266,71.16877133,28.267530400000002,2
167.063828,10.27564727,47.7836784,1
162.0396429,14.65328184,39.600049399999996,1
8.070917583,12.02835492,33.251203499999995,0
101.2889788,56.19462497,14.6070695,2
493.5991482,11.26998825,12.2404101,1
590.6402996,72.7505641,27.3787795,2
81.56466629,64.40273354,21.1041986,2
106.1977148,13.36137117,34.8422137,0
146.58705,9.835076871,32.3872712,0
84.57846156,5.204597688,16.500165799999998,0
464.8717413,59.42539633,41.4281917,2
148.6382024,19.10595551,31.9423779,0
328.3711006,17.18620486,40.5135075,1
241.4198058,5.324404887,38.7778168,1
176.2027831,58.68929529,31.6097572,2
115.6557332,12.26319709,12.6152867,0
135.8643722,14.35257967,25.527717900000003,0
589.8331436,51.19693944,18.832819,2
592.5474865,78.74632543,13.9854046,2
72.874633,70.96017209,34.5251782,2
250.2628297,13.1264048,41.4030691,1
244.9381279,69.03689748,16.5486972,2
489.6355374,55.22705941,16.177896699999998,2
14.12483265,73.90756777,17.6271613,2
548.4184639,63.73806957,37.607768400000005,2
40.46702891,10.41824088,41.8365516,1
528.3572957,5.873567462,21.8094502,1
436.2975327,6.828338181,17.784581499999998,1
509.7199436,12.54700332,33.019982799999994,1
451.7025526,58.42796052,33.6329353,2
113.0708953,48.22580894,19.088790499999998,2
112.363853,6.031308596,35.2135199,0
263.9444748,12.31062212,45.188571100000004,1
191.3574317,11.2019865,44.65585,1
49.63176063,19.59717067,39.2615696,1
198.2486826,63.13399314,27.690764899999998,2
443.7032724,67.81514136,11.7451336,2
7.908051784,61.39312313,41.379350599999995,2
255.1628059,49.34399083,37.6023365,2
122.1049972,70.36830791,27.926771099999996,2
53.42661589,9.999497898,32.602535100000004,0
425.0560183,69.34449611,30.594721800000002,2
530.0471281,9.548293201,20.7398886,1
428.0393081,17.40737223,47.6938097,1
229.0192324,68.37078177,44.0270402,2
62.64311982,42.22880928,18.1126277,2
274.4567879,12.01773775,20.5774923,0
369.9227828,12.21071085,31.3526843,0
148.7317884,13.63497879,19.0096284,0
402.4978983,8.61494387,25.5962982,0
340.3637787,11.36858911,33.7327459,0
260.6377176,17.16081009,40.1868862,1
599.0467567,60.62559896,25.886111299999996,2
481.5719115,17.32206879,19.318618700000002,1
526.3447334,48.78807121,43.5537027,2
248.8694768,15.54915842,40.5833395,1
541.549134,44.08319868,41.5885298,2
184.9795154,9.992275416,13.3987086,0
531.0722972,63.09891592,14.5828715,2
518.1951065,12.39545188,18.5666016,1
290.3699781,49.31063857,40.1462354,2
364.1590983,68.28803492,17.1046428,2
307.6266369,9.27779894,28.508898700000003,0
354.9918962,65.03961863,31.205614999999998,2
29.86236649,12.48276536,26.376863099999998,0
41.58513189,74.91090902,16.9732996,2
47.16788674,60.97701247,30.580686099999998,2
239.1407071,56.27264608,29.3027789,2
294.6765386,13.38827198,46.300730200000004,1
214.8761243,63.95534598,23.9834362,2
311.3447454,71.11319917,42.706541,2
92.11845943,50.99502883,46.9782282,2
246.0826124,6.517484294,29.6534148,0
122.1920006,17.17440522,22.1148171,0
346.55334,72.60073991,18.033072699999998,2
172.6318469,9.284398995,18.5894848,0
208.1171877,10.47866302,40.3922691,1
339.991806,40.14265731,49.4306022,2
67.50758954,8.885527162,49.5204071,1
501.2613881,7.184431078,45.003806600000004,1
131.3778275,10.60166887,49.6713687,1
323.0748279,13.49665528,48.288603800000004,1
397.3717702,15.02820043,37.6646176,0
233.5100311,65.71764848,12.2238308,2
407.6925972,55.80592033,34.3214689,2
113.3122774,75.20688723,13.979273300000001,2
357.8403823,16.12456728,28.8635767,0
298.8963764,6.696496091,27.1355862,0
291.7251672,5.224977506,34.9753057,0
250.3411053,13.90415817,15.923926499999999,0
548.9470668,50.98258709,40.374630700000004,2
229.7885611,55.34815598,41.183466,2
565.8378043,8.862188247,37.709689499999996,1
468.6417221,12.702768,46.4789316,1
282.8849084,10.02512855,32.2405767,0
230.7438626,11.47707651,44.8545609,1
441.9327852,13.82646861,17.4174719,1
322.82532,70.36485038,22.869083500000002,2
148.4912489,13.3522754,39.8805859,1
55.20995072,17.52460679,43.080021699999996,1
344.1952118,41.04130599,20.7944327,2
558.7325522,18.49418734,28.8586584,1
537.9718726,7.158019495,24.1463863,1
248.7952456,17.25316979,46.016905200000004,1
510.0821335,15.45193271,46.3452489,1
586.1863925,6.360813241,45.9801095,1
277.848953,19.42643718,40.4540904,1
116.0295906,56.38708303,35.8082966,2
241.101275,60.77500421,38.159892400000004,2
348.0858512,5.237571064,32.0821813,0
475.1678848,6.174117211,38.9459779,1
415.2353343,7.432750586,26.3693176,0
322.8088864,10.08099434,28.099750200000003,0
145.1561736,48.78750502,43.3563724,2
239.4004072,13.06125408,48.9011295,1
247.6294201,58.42146487,24.9561359,2
465.6081332,66.13773834,44.830397500000004,2
488.1494598,54.64613851,40.6036548,2
462.8183332,60.82261585,16.7963073,2
496.4192121,15.3165381,30.735920900000004,1
528.7561958,8.112672431,33.334577700000004,1
276.4948583,14.86166491,44.7149316,1
428.9747136,48.57375939,45.1121299,2
326.8608792,15.58244978,25.5268057,0
112.4723356,59.96157214,49.944636700000004,2
19.37759802,18.07318521,47.4633388,1
217.3483383,40.47545635,12.5271661,2
512.1846081,46.37572434,42.1321675,2
546.869888,12.58713834,43.6948626,1
17.79644614,18.4629849,10.6406988,0
230.65834,5.084469691,18.8578883,0
65.92989865,55.70580327,26.243690800000003,2
139.8433759,6.269731304,13.8364178,0
152.303449,50.60216928,11.6216001,2
427.2999203,45.35508337,49.878667799999995,2
203.1565494,66.12984861,42.254371400000004,2
448.5355927,11.8063064,30.0865033,1
296.6827407,68.02656823,22.2921416,2
297.5217678,15.34844005,15.3704005,0
341.4225697,76.61268771,45.904202999999995,2
510.1492598,43.70499199,36.9443085,2
286.6581748,69.5844355,18.2245971,2
313.8135882,6.435351741,26.8313404,0
418.2161324,11.87307208,39.7086858,1
385.0754793,63.4778226,37.3461887,2
2.863019058,15.46985707,10.6531252,0
62.00918851,11.96525375,13.291350099999999,0
20.05978461,47.44200131,42.6929906,2
464.2415307,16.04709762,23.9903568,1
346.6380019,62.0910181,19.5989469,2
165.3977595,51.76119482,48.9413135,2
407.4253381,10.31635988,41.7246575,1
61.33941445,68.09998293,40.6539054,2
535.5820899,76.58192316,46.3090692,2
4.735335605,19.31999535,15.8450399,0
534.5033484,66.65986964,44.8612236,2
150.888117,6.891652125,20.4304112,0
209.8206651,48.90451649,14.4186318,2
488.3891257,60.90140942,19.7990916,2
269.551638,18.63239747,31.378208200000003,0
517.7513548,67.8055189,20.8106042,2
378.4671224,7.694768269,39.443122800000005,1
413.4055328,7.492774994,20.1744151,0
356.9436206,40.4095201,49.4883434,2
344.9355186,12.57109213,34.4692333,0
399.3381297,73.26345943,30.0547499,2
496.9730355,56.22067375,20.5844234,2
212.1155514,77.07682769,37.4957148,2
579.7146553,43.58002564,20.165064899999997,2
89.16861761,50.38451238,49.772580500000004,2
110.4714858,66.51797094,41.4239879,2
61.96537764,52.46437661,28.688119299999997,2
550.6351278,70.21359913,31.8975341,2
427.2070491,50.40732684,37.8985019,2
467.9220947,15.54299666,32.6032717,1
278.0787832,63.91667434,41.4203619,2
178.1408683,7.975588098,44.2224034,1
73.80995159,56.75478879,26.452859,2
267.3760615,7.591359774,15.612536900000002,0
206.284779,72.91395622,38.6155776,2
388.1001722,19.25755342,11.8067122,0
590.7088664,62.56718112,20.7455326,2
182.792309,40.89630386,38.6007561,2
375.212909,9.933796673,24.721319,0
497.5022798,76.57436519,40.1011322,2
57.5282251,61.62394824,26.619591500000002,2
594.2343843,7.146220931,19.0170488,1
47.97230466,11.4726218,33.528320900000004,0
265.6271879,9.625281825,37.9666444,1
553.2765712,59.72845758,41.1116089,2
356.4432926,17.10061712,17.763894999999998,0
407.7830196,11.48100928,20.392127600000002,0
202.225057,70.42914188,25.3049491,2
159.0550014,15.80401886,23.0804036,0
272.8200403,19.21141997,36.8961824,0
473.4410784,40.8772217,34.952169,2
572.0903327,79.69860315,26.3993863,2
393.9763465,7.276143694,23.1924487,0
207.2197888,44.37149752,20.777811,2
296.4130534,16.54619934,12.857570500000001,0
449.8033312,51.91457949,30.7363031,2
286.8347693,16.08167043,30.211786200000002,0
343.915858,19.70706197,10.1630039,0
27.01208967,16.24054155,26.1365572,0
441.7993434,46.65998204,12.6270939,2
228.338228,53.44024652,34.931151,2
180.2098816,10.04675528,28.715045900000003,0
586.8421679,63.7384489,28.1803275,2
273.4774581,56.7679884,47.7995236,2
548.7616748,74.24357386,42.7542154,2
390.3713493,5.10182261,23.3336906,0
530.7297128,11.03917158,36.7643036,1
209.1530911,72.54954243,25.8724121,2
318.3596511,18.26515142,46.3205803,1
174.5577797,19.64117499,40.847545600000004,1
114.540778,5.338528748,23.9175034,0
352.7415415,53.14521033,16.678627300000002,2
26.47934913,15.97664143,28.625820299999997,0
457.3690107,5.599219599,48.4641593,1
220.0082737,12.27900114,47.5076415,1
145.2921133,40.59635156,47.175369700000005,2
44.05015851,65.94759138,10.473463299999999,2
188.4013392,69.29687104,48.6053919,2
28.41448817,49.36629323,33.0386493,2
385.222631,57.09919884,36.5469866,2
79.71350068,14.88414191,39.2466763,1
455.8361156,8.669825819,33.774583299999996,1
525.284865,14.17012484,40.373470299999994,1
220.7896694,75.30211454,10.0144458,2
284.0087872,19.08124832,31.7456146,0
354.1228005,11.64980481,11.89785,0
422.0836633,11.97916297,22.604810999999998,1
561.2683378,11.16440912,45.6992494,1
179.7034314,7.454243062,15.7612914,0
504.7046607,12.15719564,13.4845202,1
383.9601634,6.515423697,26.5161982,0
412.2658166,66.44540588,44.5471486,2
109.0214325,79.68253158,27.179786299999996,2
444.0766261,14.30002,28.7812257,1
533.4063113,13.83997467,36.1570826,1
526.0026596,11.55165754,31.049407600000002,1
78.19440467,61.07677469,47.1004032,2
440.265545,73.11899664,44.216440899999995,2
401.1190383,68.40631125,11.9977625,2
214.8626755,12.42238927,25.650829400000003,0
151.1772862,13.17237014,30.215392,0
180.1203346,10.51010773,43.0493666,1
3.748629646,76.95910725,37.5928592,2
133.8726246,57.09872582,30.6268885,2
47.39848333,54.69574637,48.5516637,2
553.037493,18.46095977,22.6130424,1
475.1422555,9.126483223,40.9208364,1
332.276639,75.06443882,10.1989,2
474.1426483,13.945904,25.7525725,1
552.5430696,18.98972151,47.9255708,1
463.9949874,58.65027709,49.8053584,2
582.9541148,60.14486124,14.1499718,2
447.6293485,66.38295767,38.7043138,2
82.69445806,75.68093223,46.4799518,2
255.2399123,47.04343834,20.2468025,2
53.37626027,5.622459883,23.944499999999998,0
443.7212583,49.32019792,48.1498121,2
388.6028307,75.95792742,14.012302900000002,2
526.6331805,14.17483513,12.9817388,1
341.8032801,13.50209158,37.4090078,0
507.8424507,53.50513908,39.0878814,2
360.9340575,18.15680701,10.3338464,0
8.3517022,13.11782084,47.3098156,1
63.56543249,15.99740567,47.5926145,1
488.097219,66.73861021,36.3587375,2
74.22278653,13.60942276,24.5538985,0
550.1255085,9.990352695,30.163865499999996,1
252.0293125,17.6369616,46.458110600000005,1
388.1911196,77.16760546,41.4524806,2
295.7022354,15.86836864,42.334437,1
282.6592531,49.36737183,42.6265267,2
208.0437245,5.860877655,26.348544099999998,0
251.8915468,13.13449963,48.7075764,1
153.6902654,52.42147101,15.626620599999999,2
528.3689782,6.89206487,25.5073518,1
176.1265373,76.1722922,21.7210182,2
1.092171573,46.7984025,27.4877232,2
328.0134778,15.45519521,49.9375529,1
440.0066699,11.35712278,33.538939299999996,1
523.735572,42.34891737,12.9635738,2
578.5453239,60.89725252,15.4131499,2
41.3124387,42.22665571,49.9542639,2
330.5319367,5.691037545,38.7311262,1
283.5945715,5.874458058,11.2595081,0
398.2181927,47.06017636,27.2238622,2
57.48090996,6.959515723,38.1373824,1
387.0685405,49.10250645,32.211356099999996,2
310.95387,73.78185677,14.174377699999999,2
305.725046,63.46533836,14.936053499999998,2
456.2691124,19.6678054,41.0748875,1
166.3666365,6.963217078,13.3574929,0
117.434112,19.73116068,42.9241337,1
340.7329825,10.76773721,12.163389500000001,0
449.3981909,8.447390627,47.6494516,1
69.69226744,8.168943754,43.004041,1
592.6173037,68.05393769,29.0759877,2
467.9752969,15.99991863,48.066109499999996,1
50.20461728,66.16132028,24.0735772,2
255.3958367,54.30785758,15.3570563,2
500.7916467,43.67007551,47.8054861,2
76.55693619,67.77177113,47.04489,2
200.2818499,6.706429382,22.7723049,0
149.9899388,49.28435852,26.676562999999998,2
265.3640954,13.81697674,33.007913,0
441.7290893,9.008148432,40.7266645,1
156.2187153,18.72329225,24.6120856,0
571.9474845,56.64878723,46.9645222,2
54.37378974,73.06002668,14.177760300000001,2
186.8359085,13.0331371,32.1659722,0
321.7672108,62.24073106,32.8461662,2
244.2388696,62.58252565,14.948198600000001,2
539.2674332,8.588166321,20.2111658,1
89.77564992,17.63807344,15.787108799999999,0
242.0463602,60.52774219,17.7539829,2
324.1914842,79.72097761,33.529236000000004,2
581.8983838,7.735027754,16.775269,1
207.5631437,50.31236194,45.9267344,2
165.4738602,61.26719114,38.1179484,2
508.8181539,6.340098534,19.908672199999998,1
433.2276439,11.12356279,41.2298022,1
458.6008877,62.29486231,25.211677700000003,2
20.09169046,45.64841237,22.0188049,2
393.5186485,19.75011153,12.202612799999999,0
520.6674209,61.29920827,22.540322500000002,2
523.7820745,63.50509189,34.0600765,2
26.39761804,10.81928253,39.4658957,1
426.3721824,16.15316404,46.6496988,1
103.6049187,11.43331147,11.8194379,0
349.6464293,54.44088254,44.5278094,2
228.4183676,43.11708532,47.2184861,2
235.3755512,6.425848052,16.3481091,0
177.5340357,11.42527701,32.1240625,0
540.5136762,11.07795714,41.6371875,1
46.29349592,56.5449841,30.0020914,2
501.4708531,47.82228044,11.122346499999999,2
461.0360959,13.78778184,23.1241574,1
529.2200247,14.96188609,24.396556,1
325.1417282,70.99423472,16.0820502,2
430.3613214,58.56783467,29.9830531,2
146.0788765,15.12694829,12.221138199999999,0
239.7614054,14.70605249,15.9351816,0
196.5329618,43.69839864,33.442727,2
457.0513596,60.50858496,32.3764374,2
341.6843912,63.49721148,15.247419,2
460.5702263,19.53416596,44.206669,1
2.885058927,46.93721481,11.2850706,2
541.8058244,58.2981862,36.792501300000005,2
277.3920515,17.94439435,42.9125238,1
338.7452201,14.63165353,21.0901229,0
259.6450954,15.76342074,17.9029375,0
312.9571065,6.356284667,12.2452651,0
96.37212445,15.37666459,30.0288377,0
398.6882963,11.22270275,13.157847799999999,0
266.8596706,59.64134479,39.8617832,2
264.5027346,64.1174427,12.5562533,2
4.756067201,18.00590274,26.0068161,0
469.6935777,14.5557133,47.1968739,1
280.168054,49.47566773,27.7053133,2
183.6489059,17.06561621,12.681438400000001,0
229.8934853,7.880350537,11.734776700000001,0
391.3573954,12.13556117,19.764927500000002,0
444.6171742,44.38069968,23.2983798,2
87.83950925,17.2673311,43.4267297,1
122.8664292,9.716511587,46.9813855,1
515.8364076,78.34033077,12.011643099999999,2
0.367736283,14.18237988,32.2099451,0
359.7799982,60.231115,40.7911309,2
238.1226306,75.09936165,36.663172,2
113.8315057,77.10550872,45.9913839,2
219.4755111,14.34971651,42.0101124,1
593.0609084,65.26790371,40.6843888,2
11.98132116,55.43718148,24.2987778,2
93.53102176,18.14897178,36.931133700000004,0
10.50628885,5.784186549,25.222679199999998,0
328.3814652,8.109237838,38.506163900000004,1
574.6799484,44.86292081,48.678221199999996,2
523.3604302,10.10577257,44.8259416,1
284.854274,5.417615769,42.0883181,1
518.0676181,10.72113215,43.4219999,1
309.5670169,19.3055544,48.3302384,1
574.4075093,74.57099041,20.7428736,2
474.5926315,79.03544752,17.3497788,2
487.3936679,11.55922472,42.8536589,1
83.8396217,43.72562036,19.1117257,2
95.97094736,76.47309056,28.8922228,2
27.79016349,15.20874639,23.4744551,0
527.8467437,60.52566053,12.0861731,2
329.1185456,51.87471404,30.6490534,2
314.5923064,61.57994192,35.779948,2
113.6348897,48.52186987,23.0733153,2
319.5175792,44.69157829,42.8692599,2
15.7466922,48.80159695,41.2230378,2
23.46611004,6.96263542,18.0604163,0
496.9159529,73.53382697,35.9354257,2
327.5164235,19.15142161,36.797513599999995,0
110.4392337,54.00665427,25.457234299999996,2
453.6347319,16.53875839,38.5660582,1
228.603664,47.00664657,31.8987328,2
106.5419031,64.1687952,30.3231082,2
597.8760087,10.58460648,49.9627736,1
282.022365,19.53222036,37.033083500000004,0
8.471180091,5.705917968,14.369511099999999,0
233.0300353,59.30304735,30.2426064,2
235.9945867,8.699846703,49.9473171,1
530.4459186,11.70158238,41.906041,1
579.5638171,76.29345727,23.6990926,2
318.765921,49.092929,11.475178900000001,2
578.1558034,40.24003127,42.7627212,2
435.9639135,68.81761255,38.941357100000005,2
398.5634453,62.87804406,47.2268226,2
558.7468179,61.54181769,15.518418,2
120.11953,14.49768012,47.6091549,1
2.458520588,73.94682795,11.350173400000001,2
505.6452529,17.49491208,44.568064,1
303.6476083,51.96324341,19.0843961,2
190.5110776,19.11448682,20.0054065,0
347.4092108,42.93675296,10.133583699999999,2
149.0319348,56.66797128,23.1353258,2
515.474837,50.73094265,44.7371927,2
31.72475933,9.741573319,20.2869767,0
450.5891358,77.79027623,13.5054437,2
210.7620794,58.73024498,20.4654444,2
419.5226567,18.41137054,18.5454248,1
439.3711463,51.30607274,26.3728334,2
4.937010328,78.84414976,14.915028999999999,2
93.2417099,48.59160155,20.9204674,2
400.6662788,8.912738689,29.1704514,0
112.3005421,59.93601703,18.621522,2
142.8473054,18.47895366,23.125867799999998,0
24.70583865,9.905101527,15.789422,0
328.7745671,72.67584149,22.759086,2
119.9484203,6.936068704,33.486342400000005,0
565.1815114,66.41585455,49.0486457,2
250.6581505,44.98418278,27.032815300000003,2
82.70438838,71.33920594,10.4091587,2
228.8854752,57.78505054,44.5015754,2
133.9694412,79.95734948,14.644851300000001,2
524.0596039,51.47699768,44.2181039,2
38.33720916,17.51487194,30.111037200000002,0
386.0070992,14.66634754,33.7318825,0
24.69074417,13.70342798,23.886902199999998,0
249.2671898,12.77308598,28.7788608,0
274.7137736,11.36583527,24.0688343,0
568.695667,19.50906786,19.827965,1
63.23754721,62.77164508,29.525588600000003,2
94.73535666,13.18543953,23.993118799999998,0
73.30439043,56.67320899,30.4478815,2
576.3343343,18.60478278,17.579554299999998,1
282.404746,18.0214724,23.5599999,0
291.7902408,14.76457618,46.0550525,1
80.82247866,56.69661581,38.8253712,2
158.5577013,19.38536264,10.3648615,0
43.33681281,41.74413534,36.419702199999996,2
35.39786312,62.41018898,27.5973382,2
133.2315709,11.6882993,33.806139200000004,0
399.6589655,75.62599566,41.3011106,2
372.49306,11.19259097,13.6992207,0
522.5420858,45.15115022,43.0159954,2
79.41185511,13.47608425,21.6975149,0
32.87468061,6.838747348,28.7398149,0
393.4796126,43.98487124,32.1468294,2
343.5820239,70.8755058,15.947118199999998,2
153.4095757,19.87529211,35.8204809,0
128.322922,48.68460203,22.5908944,2
344.2993906,14.64250086,49.2066985,1
127.3271809,9.84791098,35.7277919,0
413.0215952,13.38261306,30.7275481,0
439.1558145,14.04868134,24.9650309,1
581.8188601,47.92131702,15.8449245,2
287.6694924,69.4941924,16.4230099,2
39.8628566,12.72750543,39.5957432,1
51.88716261,12.06051499,22.8575802,0
219.279207,19.55111685,14.6173103,0
523.4228597,15.17775604,14.125079,1
581.1747404,9.514494794,15.5797288,1
519.3243496,78.99586755,25.5007746,2
138.7430614,14.59062201,44.988569,1
464.4365849,44.33679382,44.4695007,2
239.4663608,17.89254463,15.0338998,0
0.866679549,10.27033902,12.379442300000001,0
566.5187836,8.461018853,18.733161000000003,1
14.59729235,16.88809651,36.285592799999996,0
212.5281431,67.32170988,15.4745314,2
482.8108779,12.80240335,35.6903708,1
572.0875947,11.59198062,27.044030600000003,1
483.7517842,59.94965118,32.772353700000004,2
291.4724449,18.36493062,26.819943000000002,0
478.1810463,7.869160566,39.697644,1
53.85041048,75.78662883,26.188738999999998,2
357.0676854,51.79929536,42.7438445,2
555.858819,7.589136694,48.1257608,1
507.6406127,7.801587923,44.123925,1
182.9216018,76.44941453,19.758809499999998,2
437.5811374,41.18558333,35.2923024,2
569.8241677,10.91285742,35.134727500000004,1
261.2201598,17.31273514,16.4078585,0
172.8104784,64.31398116,28.375991099999997,2
4.466153131,8.21834782,19.749838,0
144.8830466,7.009118291,40.336415599999995,1
255.1287416,18.916186,20.4544635,0
223.9127361,71.09195143,16.5858482,2
95.76520289,69.21705925,11.553492,2
87.17864979,66.26309022,23.1219552,2
268.3001484,61.95090055,32.9794307,2
383.6711539,61.02020573,38.1226103,2
75.81331081,54.10248569,39.1019451,2
549.313197,10.42499125,14.0784611,1
100.0017959,16.11963063,28.305244000000002,0
394.9428926,13.07330153,23.379407999999998,0
322.0158419,77.74022335,33.4533448,2
571.9915863,17.45375289,39.4614863,1
233.5187779,6.281037264,47.4346028,1
252.2731995,11.28399467,34.1915052,0
503.6722296,14.92852365,30.090955400000002,1
218.4915627,10.65802674,31.102437,0
204.537921,44.0264866,41.796140199999996,2
143.2793079,9.986400383,25.4020841,0
502.4453819,9.664595321,39.6518461,1
460.680104,65.32171694,33.4556927,2
338.1954363,59.64531559,38.220922099999996,2
156.7613226,72.01600085,39.1791491,2
323.1334965,75.36656701,36.691473699999996,2
155.6574825,54.49885244,45.6581075,2
411.7673198,54.35490927,34.7691029,2
588.1079089,13.10043788,18.0736388,1
330.9452267,59.58692262,33.858844399999995,2
371.5703165,10.57755177,11.2684213,0
108.4472598,17.85543542,34.5298468,0
78.4555202,10.62982019,42.0326328,1
79.48562911,43.89823789,34.1699414,2
211.9819884,9.337673808,26.493878900000002,0
177.987546,18.29893162,39.3658997,1
289.7651207,62.5187694,20.695006,2
412.1774624,51.93170714,48.033270099999996,2
522.8186474,53.80118492,39.7536051,2
466.1460914,6.903092421,16.791759,1
482.672354,9.195107848,46.1170713,1
521.2993098,54.68006969,44.3093446,2
22.89538413,17.4377267,34.3190301,0
113.9308696,45.28960498,42.8112592,2
249.573289,53.2117495,17.4654477,2
183.5846119,66.08951777,18.6573513,2
568.8131027,45.32918829,47.0660823,2
5.430985054,58.24151459,44.258679,2
203.6424841,8.771452283,34.35987,0
248.0012681,18.74964654,45.5213441,1
7.222369502,69.22000672,45.209268,2
556.5656275,75.04812164,25.223145400000003,2
498.2621498,52.56085002,12.7243475,2
401.5298536,67.79348459,20.772429,2
67.80971043,46.05940218,42.7655151,2
67.8163501,56.74692157,12.7225789,2
70.58336034,14.27877724,22.6706237,0
329.6324701,56.42752687,14.3086694,2
512.8363837,6.367060086,34.443101,1
553.8286097,13.81541704,44.4696547,1
446.8097508,55.4679084,34.0514883,2
433.3046228,16.91576338,44.3627506,1
97.88106875,7.345432125,12.0624308,0
491.3510522,73.0351471,34.9474537,2
187.6865005,67.98422991,12.9750747,2
162.2223153,12.55579152,22.7223113,0
323.489338,17.65719295,23.838466399999998,0
580.4138008,6.658147495,45.3844097,1
376.5514598,18.67677669,21.8882295,0
392.5884422,76.63168626,19.4002751,2
39.65474374,14.56168068,14.481538299999999,0
70.87302292,43.86485878,46.5255832,2
59.39432201,10.97838836,24.0986274,0
180.5985886,18.17378702,49.8022523,1
37.15214593,69.03613857,22.215326899999997,2
518.910238,60.09067755,19.8514639,2
152.5221268,5.961420666,36.0335946,0
24.85432005,60.37097167,34.6696264,2
512.9523451,18.26857981,18.3520544,1
176.973427,17.35844572,45.4271585,1
336.0410279,54.93114446,46.959259599999996,2
314.3011442,18.13899533,48.0281014,1
506.0374428,54.4787593,20.0561867,2
580.8593362,5.59695691,37.674889900000004,1
86.17166656,12.62808337,19.240812299999998,0
566.8017768,75.22835329,49.9454162,2
86.44837928,12.47283949,26.956043899999997,0
193.4712925,17.03410546,35.455366999999995,0
169.7611152,47.9790274,26.0041164,2
344.0074851,11.49876398,18.6885085,0
216.9402924,7.351444214,47.590287999999994,1
179.3651268,73.1935538,27.097155499999996,2
307.736075,17.62433011,21.2756155,0
228.1235631,76.46357551,28.275175,2
86.62782202,5.455307083,39.6708477,1
321.6601336,54.89806574,23.4179387,2
594.8876409,46.17493965,15.8417943,2
444.2210207,51.49301598,15.7290284,2
468.8988652,73.44086634,21.951882,2
382.9013404,17.26945242,34.184607500000006,0
258.8203739,68.5536912,17.1388685,2
492.0882394,12.97982477,38.5644299,1
434.4404888,18.85597094,18.313850600000002,1
396.5932171,75.40770768,38.566145899999995,2
418.9432352,69.15396077,41.1978913,2
473.6873318,6.315764626,47.0430489,1
261.3004213,61.875476,19.478957299999998,2
466.6336482,76.2113977,37.637498,2
75.15739761,15.75892814,42.9381927,1
566.6697415,15.68330308,14.0200461,1
114.1045356,9.639863365,34.723697,0
196.8927717,16.93367564,47.0026593,1
359.437508,7.635728688,30.183073399999998,0
356.1044358,77.33746362,18.2401295,2
227.7960095,6.876333648,21.8892495,0
341.4647068,40.08228083,12.9386154,2
357.7909405,69.26640077,26.6255635,2
246.0934843,13.88724491,27.403295999999997,0
167.3957085,42.30119995,21.7408666,2
570.6503288,18.90361343,49.352494899999996,1
391.30328,45.61345467,14.8903266,2
127.8192949,6.587075373,45.3028339,1
163.8119529,18.64165496,21.837210900000002,0
322.0915452,7.001245033,47.0712558,1
426.9511711,18.17796124,35.3210991,1
536.7804342,12.75725543,37.0047513,1
108.724009,15.03731233,36.4231453,0
242.1018169,41.28445849,33.197219700000005,2
468.8302606,17.16656849,15.146169200000001,1
512.8101432,7.892594134,22.160247,1
163.9917284,18.54646261,10.8306283,0
343.2916148,65.49416631,39.9802636,2
131.5629264,44.39699893,29.289638,2
272.0846724,10.83812928,47.747220299999995,1
86.36897899,9.800893463,23.1930901,0
176.1907955,61.88511817,17.0784885,2
45.03282667,75.54572724,46.7379122,2
281.5668307,66.0481584,43.2656783,2
432.1631417,10.51770772,39.3764096,1
364.871541,70.26058896,24.0937229,2
71.01094557,51.64712259,36.1272184,2
169.2246758,18.10041677,17.4756874,0
258.8096267,10.97130767,14.2265021,0
10.69070668,48.03090593,18.442014,2
589.8245823,12.33824373,49.2292202,1
147.1709155,59.49370123,23.3827199,2
19.68753177,75.95496643,41.8720815,2
382.7256643,70.30021204,10.1406979,2
262.0885551,9.440982651,19.5247432,0
371.9841962,67.77904918,47.0394053,2
140.2538105,43.66949792,47.915889,2
230.2358941,51.25037162,21.9252959,2
33.04251498,14.22822345,35.7533468,0
550.6161299,5.25453694,47.2985026,1
11.21378473,48.42566169,35.078146700000005,2
5.804616782,58.51896047,18.9831243,2
91.62065291,42.354887,31.2230414,2
315.5588966,10.43272404,39.640378999999996,1
20.54944221,13.94711866,11.2307013,0
206.5679952,74.31678194,10.8645067,2
506.4913017,52.22144587,47.5307496,2
128.8378093,8.937654357,46.282973399999996,1
557.7283706,6.535916942,29.262965899999998,1
331.361858,9.264324336,45.3591754,1
36.40088423,19.11918393,25.867780099999997,0
342.2711082,65.46691472,17.2297204,2
541.741942,11.89015483,46.5629672,1
556.8306223,13.56360581,15.5272581,1
364.19999,17.19392608,13.3148455,0
471.5135018,11.68738325,13.373450100000001,1
552.9197842,76.86014908,35.9300912,2
430.7445398,55.2598004,44.1309579,2
417.9059842,9.593588678,28.0453652,0
77.04881748,41.34436961,46.2892362,2
176.0699822,75.1127669,42.9544019,2
167.3542468,8.618665041,24.9523456,0
111.6787672,15.7933762,20.312096099999998,0
207.5951856,43.50941195,18.834184,2
67.02353385,59.90342815,12.3828801,2
357.965619,11.56665908,11.480758100000001,0
558.9392713,76.48809152,38.1681563,2
72.93718122,50.40093493,33.9244978,2
306.3627974,41.3331518,28.520450200000003,2
32.01956126,56.82824282,28.430724400000003,2
120.7562907,42.78783118,26.5721495,2
98.44639418,11.27575007,24.6308747,0
188.7042036,58.25024405,34.5836544,2
152.547123,68.55161802,24.4357861,2
556.4194278,49.61439266,20.5721491,2
180.6042242,9.299908719,41.901271,1
227.364007,17.32758984,19.214867899999998,0
492.6914021,18.80060079,15.4114951,1
280.0261817,5.501397996,14.113282199999999,0
490.5373517,75.06842731,13.677798899999999,2
70.45720072,15.74947905,19.3581661,0
17.95767904,10.25408556,33.678528,0
460.0388344,13.07181515,27.087820699999998,1
208.4825703,13.24575883,38.0981982,1
561.6497607,9.810682475,41.5571903,1
529.4611441,18.08694223,37.4949536,1
50.22864514,65.31317252,38.9352302,2
286.0415192,10.64062687,22.8248963,0
522.5047658,8.626467612,14.2723675,1
595.7234133,44.04488217,21.700069199999998,2
481.9571965,41.18471433,14.8437206,2
0.056156315,10.21952999,38.619901899999995,1
164.0541882,7.036187796,25.2230207,0
29.68112087,49.69505839,12.5535391,2
567.2292823,54.72622961,10.2494079,2
121.8569558,44.1134966,25.4829709,2
17.10287935,18.39956741,10.6695502,0
37.29757959,52.88777696,29.601902499999998,2
594.098936,52.27742975,36.952321999999995,2
464.200064,58.87122116,35.3309655,2
299.1257715,41.41933621,36.8755438,2
580.866044,57.58583006,10.813551,2
461.2840174,46.23132192,22.1048674,2
271.4288877,7.37780351,21.497965999999998,0
443.467954,5.333042195,18.511683400000003,1
468.4678793,5.250073259,29.9067925,1
558.7983098,67.82566432,24.5911437,2
87.51177196,45.74363593,49.986515999999995,2
335.5908054,64.68216778,41.5732711,2
527.5601515,50.68359109,48.5530611,2
141.4461997,52.48292073,36.6659991,2
111.9510992,76.7429392,22.464772699999997,2
28.42483655,19.52628696,16.9021851,0
153.7007917,78.36951619,15.2433119,2
293.0242096,9.102117731,17.6999388,0
5.595303585,10.40089853,32.0012231,0
153.8143495,17.69477019,48.3855369,1
500.8258257,65.77219363,10.360004,2
161.3521659,55.24430548,40.0925704,2
61.65632127,14.71755558,32.7210658,0
22.75645492,19.25418835,47.7968994,1
186.1118263,13.06068786,29.0336959,0
131.8819014,45.00101996,12.596412800000001,2
341.0336202,16.77324475,19.4081542,0
75.79530299,62.87489018,32.6497761,2
400.5383986,48.04805387,48.0691228,2
175.7215175,72.55922693,34.462678000000004,2
541.9152126,8.234596441,20.301209,1
162.4642777,73.03585077,45.329712900000004,2
41.75636126,17.8509492,12.3150045,0
481.3343592,7.650234713,29.4495049,1
247.7351642,19.79621028,31.9635732,0
405.9018679,40.92585381,39.5475686,2
85.39921568,8.281575626,46.6579207,1
538.7013415,68.38019168,11.7125929,2
114.9264761,78.6846531,47.4601487,2
213.1862201,66.64093767,48.7746804,2
360.4102676,17.11747178,24.8752019,0
37.47671301,60.64244689,17.8439508,2
304.717991,19.70972329,29.351782,0
148.5579381,60.66245306,48.279845300000005,2
420.3577535,75.26846589,17.5182867,2
295.5074793,41.37743879,41.8325562,2
570.1331014,64.08126385,10.9300728,2
414.875848,52.65397151,19.6825384,2
175.7948857,10.75923341,37.056082,0
305.624171,79.76036112,20.5147982,2
441.9714947,19.04528837,38.171570599999995,1
392.4908165,6.988611162,32.9079785,0
544.1874079,55.41783804,21.4997942,2
440.4353406,11.83474324,24.7791971,1
96.97951591,72.08130924,37.486466,2
138.1527185,5.277868651,44.0046038,1
532.7052924,7.107485147,37.346629199999995,1
185.3275249,19.81052708,16.2715386,0
182.9670189,5.790646848,33.2646631,0
354.3333602,15.8530186,25.8104806,0
61.66233615,10.18924277,23.1863283,0
195.607027,19.59341584,26.411111599999998,0
344.184879,13.9671202,46.9597173,1
564.799193,16.91021675,49.198872300000005,1
114.4675041,52.56582461,42.3484268,2
156.3702168,8.123477129,42.9105654,1
219.6497928,40.97632714,18.9617667,2
437.9215057,11.16399357,35.7481874,1
400.7451626,10.01323006,18.640358900000003,0
394.6214487,10.01214534,42.165986100000005,1
68.49354239,61.06622465,16.965896,2
378.4363578,67.54337156,29.6912659,2
554.8376993,48.84975778,36.2569212,2
449.9897379,17.42795389,24.1018826,1
567.9875089,19.23057377,34.5832931,1
423.1220112,17.55391749,22.5917444,1
143.1743697,13.59158765,11.730351,0
175.8373616,18.55111634,31.3575061,0
91.98500691,15.45749381,10.4840822,0
345.4403745,16.6686411,25.6245909,0
393.9240765,11.44404115,29.654045899999996,0
295.6043714,8.484100472,44.4543615,1
534.6216403,74.04106385,26.4158892,2
583.0669975,14.45028021,23.8392746,1
192.8878498,54.36387612,17.4024079,2
187.9675054,5.512633836,12.868969499999999,0
502.365954,14.35658286,13.892115999999998,1
93.71621601,44.49178886,45.630542,2
485.3407803,65.92441636,37.6145824,2
564.610846,19.79041892,30.880561699999998,1
35.80959062,43.47949623,20.0795705,2
560.2071518,54.33935493,48.8623549,2
227.0403367,5.299593989,36.4113651,0
305.436413,59.93406043,17.6291298,2
351.4775234,16.12440931,32.071399299999996,0
536.193216,12.77015647,35.900126,1
398.7937195,19.67398195,42.7403605,1
521.9214859,18.83967709,35.3844486,1
434.3200973,13.45605652,11.303730400000001,1
279.2773404,45.04152123,44.2491657,2
0.587480206,45.03532956,10.1510644,2
177.0854983,19.31956478,41.5661801,1
69.64062262,18.43119067,12.6921556,0
466.323184,51.22923749,17.2289266,2
279.7892203,10.00556311,22.7713991,0
234.3519127,7.943514225,19.2741672,0
505.6518312,6.735128355,12.3248275,1
146.5330074,9.046136988,26.5293908,0
256.4660559,51.4978239,33.4331237,2
55.13721916,62.27435023,30.7034674,2
54.01141311,9.788379467,30.717046999999997,0
421.7959105,12.75676896,39.7383125,1
574.3833836,69.45807142,12.363373900000001,2
516.9406096,42.87581362,16.1816886,2
379.3202455,9.552558637,19.625018999999998,0
535.8421149,8.73943025,13.4197829,1
449.4932121,5.77001557,39.041555100000004,1
149.6972275,51.41277445,29.0785446,2
294.3929415,75.38125759,36.5324608,2
192.8101684,79.1694037,39.179404899999994,2
33.09136459,72.69775146,20.7776606,2
221.1750654,61.04363351,18.6258263,2
598.5193704,15.3975404,31.320967300000003,1
42.55650706,13.69744364,21.221910599999998,0
308.9431767,55.82137584,33.334545,2
417.6253333,12.25815897,39.2993347,1
204.2944589,50.2256892,19.9646004,2
214.0613463,48.59809801,43.4638476,2
124.8042585,11.34029929,11.915125,0
243.1247169,17.36141736,48.376240100000004,1
488.6670854,16.40052353,21.5846308,1
116.545004,42.30945119,27.2487477,2
547.5230996,52.2082905,49.7075984,2
184.4389899,19.04264846,12.7226714,0
455.1411568,7.986234692,45.6856752,1
299.1862505,7.872819831,40.5925958,1
104.1118191,57.06363781,19.8666752,2
11.05079287,6.851747987,21.0532465,0
243.0237698,7.009623001,19.0141597,0
138.866981,76.09019878,24.063572699999998,2
233.3725741,17.67063751,34.5955831,0
371.0078481,14.5030294,41.3837352,1
354.1995316,12.35681613,34.6831983,0
419.3430467,18.68876327,31.5486118,1
508.3805185,15.08089254,36.1693609,1
193.5635105,11.66860252,19.8436297,0
388.162683,42.59809736,27.5939741,2
52.12269984,6.065368515,16.216636700000002,0
152.6780915,8.451267378,47.1676309,1
505.4193857,77.66993449,30.5358362,2
167.9809146,9.908317747,14.5843048,0
249.6100463,52.39328898,19.8540353,2
5.708616526,62.35524456,25.8567675,2
331.79986,47.0131065,32.8314559,2
291.7494294,62.44532225,25.350406399999997,2
433.211265,19.00423067,12.6656935,1
566.7240264,49.98865655,18.4956256,2
64.27285896,13.14410667,13.548801399999999,0
120.5632321,15.60546754,27.8000493,0
303.6379497,5.129285039,47.9031532,1
139.411347,46.27409168,31.0035344,2
205.4691025,54.21832002,16.0379563,2
209.331096,64.82896048,36.749190999999996,2
258.6675731,5.195153201,30.1985388,0
242.1357695,72.27652606,32.1992434,2
85.33123269,69.80935412,49.1926631,2
34.01124817,70.4336741,47.7616139,2
293.6475985,76.11638953,29.946497100000002,2
599.3568956,47.79264133,30.333652700000002,2
126.6031671,11.26954315,48.3510847,1
466.2275851,77.71799979,40.1570172,2
123.789237,16.58047679,24.5343376,0
172.0836512,6.13290629,30.239336700000003,0
202.6965775,42.77152812,19.6044923,2
448.5116969,8.610688785,17.479044599999998,1
79.65258603,17.95903711,10.9829936,0
143.5295913,18.56170491,12.6154562,0
477.5627805,56.73679135,22.4119865,2
349.6149191,71.15122198,25.4686733,2
303.6701729,17.7132145,48.703701,1
499.4954279,6.418345172,21.368225900000002,1
51.1430371,78.1130126,18.6216667,2
188.024837,13.15680606,42.8111537,1
294.0201777,19.93274673,45.472368200000005,1
8.017590854,78.82856218,19.226463499999998,2
201.0853593,54.91803683,43.6821749,2
413.1833611,12.36995648,38.2398667,1
89.26468715,5.315137355,24.936147599999998,0
512.7053347,9.523803048,31.262850399999998,1
254.2047455,18.62656322,22.7236627,0
88.25643084,7.468490876,19.897762,0
102.0637683,18.38111527,35.028003600000005,0
6.228943982,74.62830422,14.5531945,2
244.5296581,73.3243767,10.4669648,2
99.59610118,13.78481503,23.6247539,0
6.723235834,13.35063885,18.6072603,0
501.7481178,10.16894894,35.7369555,1
385.9727623,19.76482968,44.6616256,1
567.0551104,78.55765068,27.328817500000003,2
561.0414819,45.73132457,35.843821399999996,2
151.9910539,11.7832265,42.5556499,1
104.8104544,72.82752033,45.8908334,2
96.56394604,64.28327856,23.507013800000003,2
569.5361301,71.67310884,32.4414041,2
182.4700244,69.41184192,30.869516200000003,2
283.8170396,45.98013262,17.5370844,2
560.7295191,62.98040398,47.0620518,2
198.3918885,75.49184042,18.049051799999997,2
223.8645041,17.07450251,14.1031778,0
544.3866942,12.86654519,21.32747,1
338.0975146,12.06177496,21.222493,0
295.6316008,5.301825828,39.791529399999995,1
417.5189875,64.83553077,26.2384246,2
149.8840808,8.425334213,45.0401633,1
85.44685187,42.92558484,15.1716233,2
35.40998656,5.604878596,13.242593699999999,0
151.0862103,11.56575237,12.7492195,0
331.347615,79.622595,49.179719500000004,2
62.44962543,70.84177192,22.5176008,2
214.4687729,62.9318075,33.4550033,2
7.334546059,48.66452006,31.1687893,2
463.0209635,13.83404034,41.0494041,1
262.9048043,13.18141925,13.0926535,0
238.1546419,6.796201828,49.3522994,1
50.63617981,70.41071105,11.1873305,2
155.1643334,73.09307883,39.6906319,2
34.01255937,44.35632134,13.487626,2
515.7872662,48.85979409,26.4760691,2
401.4635339,19.17683673,29.3562905,0
115.5627416,13.30141551,41.3501485,1
20.68899704,76.04141001,40.7876269,2
92.26064995,16.56984715,45.765584399999995,1
39.64427431,52.84464537,36.1415924,2
352.2697287,17.8790016,25.648935699999996,0
158.6385338,19.49267037,46.5681114,1
242.44956,11.09498346,44.206135,1
324.7780374,18.36460827,20.441099400000002,0
378.6212236,6.177907789,27.7804943,0
194.3955828,45.16115587,13.329316599999999,2
297.5562137,58.0905105,23.546737200000003,2
2.416961821,73.55456924,31.0429624,2
560.7770437,5.145505324,13.941655899999999,1
206.6545952,54.07228883,40.2367968,2
293.1118204,16.15253804,49.4283737,1
11.90101478,19.79854236,23.6630482,0
99.3789125,15.84995456,35.311636899999996,0
278.2202366,51.02945227,39.4198607,2
354.5151638,73.04328279,45.1138348,2
185.5222916,70.19756659,34.3018343,2
2.497313953,51.874345,19.9355863,2
405.0708454,8.783792508,33.8015552,0
581.5093824,5.876869809,16.2977703,1
168.0662179,16.65953222,15.3459975,0
56.98635996,8.865434723,39.5307027,1
542.9336828,6.245581367,20.8392504,1
464.1704499,57.86580277,31.7740539,2
520.1457167,79.98782437,40.9311508,2
357.0644269,16.85770411,37.1415213,0
312.6164501,17.02870929,18.0361471,0
495.6365269,13.60237646,40.213261,1
408.2187347,14.72446291,13.4834772,0
493.6867071,63.60103886,42.2744378,2
222.0045267,12.4297647,34.6431617,0
192.4060082,6.591380749,16.5369136,0
513.9071909,12.99985322,38.9973113,1
558.8280531,64.36235665,18.769480899999998,2
402.4004076,14.61629155,12.6831053,0
282.7642071,13.85639155,28.907517900000002,0
147.5739567,65.0105211,10.008896,2
337.8850973,17.0495686,42.3733781,1
111.9393728,60.09919491,32.8021188,2
94.76603261,60.68469219,39.8053153,2
41.12676692,19.82020943,43.5827108,1
285.6449975,8.669244111,26.2060103,0
32.71289337,9.939819162,11.1387202,0
77.08585916,41.15261604,40.7969005,2
194.3934219,60.78428382,12.8754393,2
429.7203179,10.08454889,19.8828328,1
146.1601582,7.884736592,49.629167699999996,1
144.2312613,17.68266216,36.7649207,0
591.1351746,65.01767987,10.5493495,2
384.5735898,15.03580273,28.6493545,0
55.95722691,57.59841506,41.9307986,2
109.8120241,70.27397062,13.4322513,2
101.3793148,10.52843704,19.2392149,0
142.8823413,14.6889184,29.2515209,0
566.3194039,13.4862096,40.669333699999996,1
180.3663497,48.64286931,10.4918294,2
165.1993803,12.71046229,30.7692784,0
343.3932855,66.17679342,48.8086064,2
168.0577472,11.83350173,11.966825,0
304.0467479,48.55905343,23.4789207,2
418.8715475,46.35530682,11.186855900000001,2
509.9726178,7.240990827,33.952654700000004,1
189.2084334,11.04178301,28.176106499999996,0
237.3676785,41.02217139,38.7208105,2
133.9095342,42.08818838,42.6879755,2
502.7295728,66.21628493,41.5675295,2
229.7184816,10.28463326,37.6712731,0
125.6889613,19.43507086,15.6314738,0
76.61262707,67.0783175,32.033827599999995,2
71.61768563,5.478271928,19.8333881,0
192.0027118,71.87782254,23.2124412,2
27.60681458,16.88993715,25.739742500000002,0
39.82350654,10.12567819,11.236897299999999,0
147.8806903,56.85288794,42.4255177,2
121.5360408,56.86616027,32.3534602,2
215.7390396,49.6912464,35.1505214,2
227.4230298,68.25550538,46.0433326,2
10.85962325,65.37925984,36.4516825,2
526.6287106,73.07515281,46.8836041,2
141.1951272,15.98919049,39.0264716,1
37.19812639,53.06535441,22.993307700000003,2
473.5986327,53.48071249,34.57786,2
102.242682,44.71048667,28.5282121,2
195.2098985,18.73124302,20.088846399999998,0
508.6252309,17.36775605,48.8955854,1
202.233594,49.68870575,48.859084200000005,2
599.249707,17.29243528,21.1844143,1
96.00632422,61.10449325,31.9517059,2
195.7452615,48.50705718,14.887715600000002,2
252.6752839,68.4250181,35.6722787,2
544.3259103,15.40264756,29.3293956,1
323.4502598,56.91031683,13.0342546,2
249.9513454,17.49911458,41.3953851,1
249.3649883,42.57890179,40.0232404,2
335.9508099,16.2861385,48.5571643,1
232.976372,68.00648499,21.25206,2
584.7241514,15.54920081,36.8093876,1
115.1665727,9.173257806,14.2369221,0
406.3074885,48.58730767,25.4900335,2
164.516678,9.567356365,14.355066299999999,0
50.61656095,15.68902111,12.5407779,0
495.7598565,40.9128292,36.801664699999996,2
233.7758019,16.19382342,30.8577265,0
572.533463,67.62574453,45.8853643,2
11.76305844,72.44319175,41.0015351,2
381.9699533,11.38034744,21.1046114,0
99.26560659,76.19570802,42.7171355,2
569.5524779,13.66030102,43.3948266,1
417.4277508,45.10436731,34.7225525,2
242.1958295,46.51610773,29.6560364,2
511.3651917,62.04001943,47.056151899999996,2
378.9111609,75.29164156,17.9742754,2
207.884724,46.27109386,10.4755761,2
495.6839921,71.82435699,20.4820616,2
589.5303494,70.65820984,19.1845464,2
114.3773406,12.9700993,34.637480599999996,0
593.0377494,69.06838744,31.0433899,2
440.9048945,11.88955532,24.3292051,1
95.79722612,57.59641776,13.698693200000001,2
448.3194638,65.52557596,39.8346345,2
571.0408822,43.58565073,22.2916764,2
294.2282454,56.15318786,13.045775200000001,2
546.8899069,67.14495427,32.5623863,2
219.6043133,51.62799255,34.5961473,2
86.39400955,12.20202409,16.4613886,0
446.1310919,76.03737982,40.3610239,2
599.4942649,58.67536887,43.4205583,2
593.4004724,46.09496254,31.901361299999998,2
132.7984876,10.42310282,11.7877346,0
455.4019424,9.028983994,47.3394428,1
454.9746497,70.56347132,44.3673265,2
335.7483846,48.56349874,47.5133298,2
595.1011355,6.347386289,11.794685300000001,1
336.0416713,53.84723702,34.3336031,2
38.42352785,63.29824522,23.4485037,2
507.7339177,12.40770522,13.9802113,1
485.8398607,61.47465068,48.409815,2
597.4052603,15.62875319,20.5184223,1
393.3718413,42.35610061,38.9742856,2
50.12727874,47.38775107,12.049278099999999,2
19.70692965,65.5137672,49.814388799999996,2
158.4334432,46.24419991,45.735349199999995,2
398.4046376,42.00696688,40.0035765,2
115.5350551,56.93980155,46.609011,2
455.1635108,7.116891774,34.762909199999996,1
301.2382378,17.11935992,45.184766100000004,1
395.942472,7.86933735,18.819392800000003,0
296.9593626,5.191347196,43.3113375,1
136.0000167,16.74118511,18.3904965,0
336.774877,42.96018303,33.2474803,2
508.6524969,12.52918108,18.6588736,1
460.6610586,77.84823539,47.0374045,2
38.02043787,57.8844563,22.8751269,2
161.7905605,73.42040618,26.157436699999998,2
442.1012758,52.14959291,26.5444532,2
487.2532546,5.287593661,36.8731646,1
292.6916117,12.13913326,10.6069262,0
142.613691,17.67838337,41.8350259,1
549.2343213,11.16690917,21.665458,1
270.7661206,78.09580696,23.022019,2
276.3132221,5.98744765,40.5926585,1
170.9815172,15.19327755,14.5775677,0
129.9394023,74.90871365,23.9606594,2
473.5255835,42.39126302,11.2054637,2
1.972465867,59.79774651,27.595013,2
349.5503179,78.95622694,10.290308600000001,2
535.7395756,53.51362476,12.520334499999999,2
485.7540664,76.24419557,25.3493053,2
509.5826384,19.29680172,17.1066005,1
90.21344436,57.90931559,16.130891599999998,2
81.20466015,69.6813065,26.931452500000002,2
60.32661671,52.1347703,14.1381762,2
63.96062693,76.31218446,28.173911,2
282.1006079,12.30623816,26.8968426,0
335.9957456,5.126772441,43.1545711,1
543.2833286,57.43839957,11.234909799999999,2
440.1269383,6.263195168,18.72297,1
22.87690728,49.78238204,16.120585600000002,2
86.98676726,40.33857686,25.8228162,2
378.1882094,8.470230698,32.5288001,0
236.9700667,68.85941638,16.6386799,2
250.2355041,9.555857774,40.6666227,1
577.8107981,49.80718161,12.6362855,2
91.01552231,55.54452244,30.075939899999998,2
66.50211942,64.98940808,45.6983197,2
155.2561726,75.60191639,48.2727323,2
398.9377833,14.5866177,33.7175163,0
173.0000741,56.47109162,15.7639165,2
338.542613,71.85113513,24.918374500000002,2
569.5021997,40.37067318,29.6952838,2
574.240125,58.58975137,23.5465646,2
59.49012489,11.03789533,37.7092651,0
595.1878946,18.99301535,26.857205099999998,1
225.0450141,63.96659493,28.4045127,2
153.6783595,18.42121356,41.2291052,1
219.7177497,66.90752558,43.3246187,2
542.6962175,7.582914011,42.783165600000004,1
554.8705417,45.98742668,49.6673175,2
567.630992,8.228657308,33.0554583,1
464.1157178,49.79171626,33.1767575,2
512.3309262,43.76897141,41.1388727,2
500.8601843,68.48529938,17.9115816,2
177.2557841,8.975709311,43.5613731,1
545.5777969,51.32055212,45.925541100000004,2
529.9879821,61.52835548,45.4522089,2
523.9411241,52.7434808,37.8106732,2
569.9417496,12.24599368,30.382360600000002,1
53.9773046,49.86156792,27.576906899999997,2
445.1716359,5.086559919,30.124888900000002,1
582.1757185,76.14967797,33.7424788,2
359.3540676,16.04053101,36.8393727,0
537.7759286,14.76086577,12.4885741,1
179.6456957,41.43518727,21.3379632,2
348.1856398,8.165100376,27.190291300000002,0
326.9352861,73.7171205,39.7421977,2
311.4599608,19.21784851,37.5230581,0
443.1911357,59.18354339,18.0583897,2
344.5878184,19.00518359,37.1466204,0
124.3823426,5.563493443,38.914717599999996,1
411.7004831,19.54159064,32.864511400000005,0
117.8669716,14.4615563,17.4500469,0
423.4138827,46.10378953,49.5792799,2
405.6282904,77.1180902,12.725818,2
211.7804919,58.28921623,14.682717,2
158.3802821,47.55900805,27.378982299999997,2
145.6477134,62.86083864,49.5474994,2
15.37851,74.19643562,30.1649356,2
592.0512068,8.221026877,36.8475785,1
437.1404665,63.72059837,35.2093679,2
365.8299616,12.82793443,33.6756167,0
421.3121974,79.1956129,36.8136828,2
162.0418104,57.17155801,18.2766592,2
6.190409582,10.75351087,26.5525837,0
482.6880811,54.92594148,46.239384300000005,2
58.10770351,49.64090554,49.855681000000004,2
62.52032578,44.5980889,10.3921278,2
594.3214913,19.5517533,32.7485042,1
352.040751,16.13465368,35.713103499999995,0
86.09405321,41.61736382,36.8635279,2
174.6099111,15.13717454,44.4330702,1
566.7661296,51.89676497,48.4338405,2
389.9998215,41.21611604,14.9401335,2
143.1424954,7.888724487,24.4548141,0
458.2208916,79.5444097,43.5592601,2
285.6839914,60.25505298,23.1222848,2
324.4727243,77.30481867,38.4657333,2
398.6929858,72.75277547,20.3453284,2
120.8699738,43.87713802,48.683250300000005,2
277.3484739,5.668821391,41.4459786,1
470.4710952,12.88040723,29.3658863,1
438.6066304,40.8466179,42.1514597,2
430.4848604,45.1097251,33.5306707,2
70.21606387,19.64926456,32.3959478,0
508.2538878,13.19922409,16.7963256,1
75.85106691,13.28027258,24.2406939,0
473.332397,19.56281297,41.9623651,1
153.9222969,51.1161899,47.1190158,2
132.2841854,50.7444656,18.9935884,2
194.8599686,13.193714,38.3078217,1
432.2006456,62.17567913,25.380478699999998,2
348.5783508,56.74459944,24.067437299999998,2
98.63344226,78.38944898,48.9677688,2
129.1156394,48.4462551,37.099842100000004,2
413.3105311,16.56221782,46.3904072,1
567.6037346,55.35139082,44.670273,2
317.9883112,64.19513923,20.3715173,2
289.6803149,74.3911862,36.367398,2
253.375279,69.53008174,21.7801093,2
255.5376973,50.88796557,22.983455799999998,2
247.9443453,12.51571067,48.8660016,1
74.19583331,67.82124994,41.799054600000005,2
560.7823241,47.71324663,34.6380319,2
141.3766538,73.92302466,39.3064172,2
112.7384202,11.72727842,12.093956499999999,0
371.5092261,77.67803615,22.3233061,2
3.945364628,8.21407714,18.841822699999998,0
533.9794106,14.83153968,19.0206398,1
117.4139921,14.27427532,41.2974345,1
201.4363197,15.17990141,45.663535599999996,1
291.8709204,48.14138872,42.1125086,2
134.4124006,53.68135359,32.242700899999996,2
598.752766,6.763358737,33.580897,1
161.0845265,54.99446399,44.7525722,2
395.3532355,53.17731522,34.1492118,2
563.0712503,6.511292659,38.801782,1
133.6017698,13.22032246,38.2871886,1
213.5742981,8.83499335,19.5973342,0
303.4425993,12.27609364,43.696456500000004,1
315.5143075,62.61255945,10.1020132,2
339.2983831,55.55591323,20.4659319,2
109.4727286,15.652599,46.295167199999995,1
183.8693377,13.29055835,44.829126200000005,1
210.3854788,8.571872649,42.0106953,1
386.3677432,50.17179658,17.740172400000002,2
167.5896573,54.28941666,32.3871762,2
165.869547,10.82796722,26.5212941,0
190.2406184,67.96517664,46.2630187,2
136.5494219,71.23051051,33.9660072,2
471.8209016,73.50643623,34.089464,2
94.56232822,54.26945076,25.741538000000002,2
273.5461437,54.01212221,24.7478167,2
176.3835704,10.32522899,37.842435200000004,1
399.6244825,12.13859491,16.0312831,0
416.9678588,17.74400262,30.3952655,0
256.042029,16.08488095,38.1166609,1
75.51362218,77.66162,10.9483964,2
267.2649624,41.47849401,17.4131946,2
349.2378382,19.58692085,49.6647044,1
132.6065934,58.17739466,44.2336862,2
87.76788514,57.10322948,33.899542100000005,2
492.9594146,51.07959127,31.5733272,2
427.7842138,13.31733671,16.2459077,1
125.112233,19.04244562,40.956372699999996,1
569.1974023,13.15226643,20.3371419,1
201.6007486,15.7397704,49.0388078,1
480.1942963,43.08019733,22.778206700000002,2
486.1735382,9.075763983,20.2143613,1
236.0988513,12.65589082,48.6023349,1
332.0921707,18.10301396,10.7615598,0
262.6672075,10.2872157,40.014330199999996,1
551.4883939,8.129778697,21.5175369,1
78.45839317,71.95014491,30.6708622,2
556.4199504,18.93145132,18.0133108,1
445.9906167,65.33955807,17.1092155,2
350.3316453,42.66643053,41.089884399999995,2
4.715026021,73.72314081,33.975144,2
487.068314,11.45514761,19.9828432,1
247.236553,6.103450313,35.0808798,0
123.1211682,77.74522627,25.4155953,2
5.184840202,41.67818285,26.450696299999997,2
91.00788438,16.96707022,31.016658200000002,0
505.8935412,8.354038225,41.408061499999995,1
177.4671336,18.16624107,21.5864284,0
596.4625466,40.4418544,42.0979136,2
332.6491673,14.91460731,25.1519647,0
66.81949402,8.85677756,47.6231089,1
521.3505421,44.30353778,38.267022,2
430.9833727,61.5452659,26.109137999999998,2
112.4845642,10.4762551,32.695510500000005,0
306.0976695,61.54147075,43.176902299999995,2
527.9509484,79.04838423,48.3630766,2
344.2881201,5.785207676,10.9747204,0
6.694247033,17.86786675,13.3061665,0
32.86300752,11.21644719,21.5767708,0
529.5294235,66.59924101,21.898837500000003,2
520.2867771,11.51796445,31.9659994,1
288.8982122,6.8189734,21.578957900000002,0
37.97547324,49.73649728,29.4356042,2
538.3168816,66.14517729,27.0503306,2
123.8398798,10.69939928,45.559287,1
394.8458507,65.24840547,38.6466417,2
400.8492164,17.15454949,42.3539774,1
87.56297561,7.458975814,14.560652199999998,0
216.6593458,43.75315605,45.3125364,2
475.5387845,8.968194293,44.2305874,1
595.3054772,64.8926101,38.226622,2
90.17638536,44.82435293,20.627177699999997,2
289.3704799,10.52375161,36.5034767,0
477.8403994,13.60249377,30.8683786,1
159.7552083,19.82186114,34.6038775,0
356.3958112,11.56647582,30.5692996,0
193.7953193,71.32844622,45.206244299999994,2
378.9949875,12.01703618,13.171537599999999,0
578.6260345,42.98691721,19.1498977,2
65.37585595,8.49579782,26.8549029,0
97.44338424,60.31379413,35.771381600000005,2
105.0905967,50.48283706,21.905307800000003,2
410.6749245,9.548122906,16.9600133,0
333.4443217,10.10006579,20.3336221,0
459.440025,72.77654018,37.708540400000004,2
349.9423823,49.18450226,30.5115503,2
514.1355596,73.77268966,30.369823899999997,2
380.671596,69.35287548,11.1491212,2
355.3049936,18.81134677,38.747423,1
190.9206996,53.25004988,38.6867609,2
160.3211948,67.95436922,22.490374,2
239.997529,61.32330643,49.0161301,2
350.682722,17.41415392,12.631720199999998,0
273.4184557,64.92374941,27.0523491,2
176.7298199,59.30609673,43.275983499999995,2
418.6294679,15.39317642,35.8025073,0
273.4182906,11.77458493,18.4733961,0
418.0369767,16.57210017,14.4208953,0
83.30123823,5.953035836,40.869667799999995,1
201.8425555,19.64020888,39.2075919,1
354.8371465,7.757193342,49.4012094,1
504.1965588,53.85995558,31.3110866,2
87.75033698,16.93316588,11.575977799999999,0
257.9644783,68.65599401,44.9751195,2
73.13865895,61.37845979,42.5247357,2
193.1748736,14.78421669,28.5175362,0
316.1331364,50.08227714,18.45115,2
48.62838718,50.3027613,16.4247616,2
323.0650692,45.49837756,18.7113675,2
426.5913355,5.313642685,43.5879549,1
175.400895,16.36664841,36.980795799999996,0
391.3436003,9.342467977,43.5779814,1
255.6675106,7.460953824,27.399351900000003,0
554.2516826,65.82911263,12.6418844,2
360.5161973,67.06303628,30.3921296,2
469.6812752,76.38222143,28.4750644,2
76.79515464,11.11111822,35.5255682,0
464.075931,48.74104003,30.797343700000003,2
30.85245149,14.85796492,16.0038767,0
118.3793039,17.14968116,34.4521034,0
131.4135591,14.40130023,32.7899988,0
192.0188034,56.92601262,44.3657105,2
456.7231026,45.01861556,27.302473300000003,2
449.368913,6.492443393,31.577690200000003,1
310.7303521,6.484529351,34.1566901,0
58.40800688,61.59653187,49.718245100000004,2
191.9315809,58.10063055,30.435464800000002,2
503.948932,71.82520457,23.9398551,2
89.27060024,6.820578868,18.7778241,0
408.3014657,67.88932562,46.166053,2
40.68140983,13.7110571,37.4454401,0
51.45838667,72.85447171,46.0108742,2
368.1518487,61.6201442,38.4228734,2
82.12799385,62.95476868,38.9659652,2
2.019860443,14.84844054,45.492640099999996,1
373.404878,54.62597785,44.6527946,2
323.9493156,5.27537576,19.3554441,0
21.70923452,5.836032898,38.086828499999996,1
426.3511996,46.63217883,31.3279968,2
153.6175271,77.50853135,20.8874963,2
145.8800579,72.40957852,15.210499299999999,2
435.5936518,74.48989477,30.0421622,2
531.4634347,51.41353981,44.9882573,2
207.2494587,9.206948363,44.2592569,1
189.6014211,52.7675084,32.3926576,2
384.446376,14.1285739,45.183267799999996,1
16.82907697,71.16365015,24.4621013,2
597.132752,15.60842493,44.345531300000005,1
233.133178,15.4732318,31.0148053,0
123.3720398,64.68887437,28.589678499999998,2
200.2313145,77.84800848,11.8691391,2
387.0409842,65.81096919,34.9209264,2
579.6645739,51.02707991,18.6563266,2
228.941216,16.0357698,23.2723399,0
207.8684932,8.30164745,23.7639521,0
566.7982506,44.64427679,28.661621599999997,2
135.8352871,6.126404687,27.6451723,0
114.8296073,5.781086093,14.529501100000001,0
34.11833927,41.21704113,44.7937396,2
33.50669581,56.0427051,27.339578500000002,2
225.3235203,53.61968346,12.3802485,2
59.305495,17.69290799,41.0607431,1
474.3463761,49.39747108,26.9689858,2
56.85802575,12.60155061,23.1897081,0
595.4750566,48.79008975,29.0593899,2
13.81401047,53.05782101,22.6434363,2
77.86846038,19.04739997,43.7474626,1
131.6386611,17.54567866,32.647302499999995,0
342.522154,54.060665,27.971269999999997,2
10.69430236,8.800971613,36.239705900000004,0
270.1323561,57.26974969,36.682889200000005,2
114.0793743,16.30213408,26.700704899999998,0
263.770242,18.73721522,45.2519502,1
114.3317654,13.93122202,42.7532222,1
356.5944674,12.28451448,30.6912701,0
537.3313716,13.87575453,31.211355,1
427.7303084,8.98961097,34.0432026,1
62.12409715,17.83887784,42.8602028,1
260.7020292,69.69984242,17.2582675,2
423.0793294,14.49925223,46.9924447,1
223.6028211,51.37074772,15.722904400000001,2
140.016222,5.910246034,12.5049156,0
50.77280529,46.9986256,25.883894,2
21.58418982,70.2651937,29.9494795,2
24.34565959,42.48083482,42.8882587,2
208.2540379,6.917746055,22.421568100000002,0
298.2399155,16.43049082,10.0522424,0
542.0977255,49.4643737,44.029786,2
77.20268454,13.2850702,39.8685491,1
298.6476976,16.32241188,47.9354536,1
410.7714159,15.55905001,30.909965900000003,0
250.1116298,44.25855214,46.0816701,2
100.3416773,18.12149094,25.8282738,0
394.4517305,42.00505729,32.5034393,2
20.69255186,51.71566357,43.3908921,2
466.6777765,73.76187861,10.4718863,2
186.1500009,10.00051757,49.4242865,1
143.7469484,55.07037373,23.430100200000002,2
128.5105995,6.199737242,29.528262599999998,0
595.1322372,6.805672243,22.9325346,1
206.4493212,11.26172426,32.168524999999995,0
223.7686395,68.12935424,37.8318805,2
133.9020587,62.14780344,27.061004399999998,2
182.2786181,43.62633975,18.989331200000002,2
258.8500357,44.72367033,19.761609699999998,2
167.9890284,66.45972082,22.5965975,2
9.704686498,52.21955022,18.2169409,2
536.7491446,58.77087385,26.5888951,2
569.1011317,77.53865256,31.6569944,2
216.3582199,12.29663581,45.2646241,1
342.8527286,79.77910311,36.1936018,2
302.4500737,15.37891045,26.668222600000004,0
130.0724686,58.21470818,11.2374306,2
367.1148001,16.66977457,25.7305507,0
420.2537205,52.64428221,44.3041355,2
248.8932996,13.40809029,20.527747599999998,0
396.5837598,17.4490939,16.4412986,0
233.2099292,13.44033134,30.839135499999998,0
164.2336218,19.23374327,13.734927299999999,0
244.4577154,54.5277517,27.807168599999997,2
76.52260581,11.43087713,33.000955,0
269.1485833,19.14531064,28.178956799999998,0
49.82628879,14.8193179,28.703111599999996,0
463.9466,71.20250969,39.9029366,2
210.5217021,60.75467679,17.6810397,2
529.323188,57.00467596,24.5965771,2
267.1341559,18.96249296,28.2662066,0
532.3265958,18.0051741,37.4764282,1
301.9911419,74.67784057,34.8589622,2
216.9301785,13.25817951,29.6452545,0
579.1339561,57.86228628,39.9498896,2
96.61642668,7.179290146,10.7698606,0
197.4434889,57.20775818,13.440427999999999,2
571.4667933,19.04188357,26.2425281,1
46.86626203,7.358534976,33.7760623,0
333.800572,53.30113439,31.084285,2
589.2668432,74.58465459,13.387794999999999,2
522.9911287,7.609660993,38.598535,1
97.52089959,52.84805395,11.4149782,2
110.4435957,53.75652357,21.9100454,2
526.1873905,56.8359409,28.3512024,2
598.9626601,51.33435988,26.0709264,2
89.75070203,68.07597375,19.126478499999997,2
349.3992557,77.91150059,40.169005,2
288.0149354,8.622593403,13.076644400000001,0
439.4778191,5.332016765,34.273097,1
399.5704087,5.359631711,37.4123776,0
255.2118113,13.9567493,49.581083,1
448.6097472,77.55563998,41.032903999999995,2
63.4418585,46.67206961,47.3027227,2
562.9821387,59.1060151,25.261463499999998,2
309.6655398,77.76170007,21.3588438,2
372.7177715,55.48851984,48.4583062,2
334.8003702,46.685875,41.5470874,2
222.2065213,63.14385879,18.4096352,2
473.5158821,16.09211981,30.042983800000002,1
244.2412442,44.91321396,44.3663477,2
129.4149614,74.31423943,47.1247763,2
363.8816449,14.08548861,40.8031469,1
156.6652445,8.492878353,16.6311315,0
1.517638077,14.00802152,30.334729199999998,0
541.4279475,49.45150832,12.0263246,2
323.5589199,64.95226638,44.4173786,2
185.4340296,79.47321737,33.895734,2
514.0352015,55.62190587,20.2060839,2
368.3625274,78.06508903,33.5063504,2
415.7403363,11.03442017,45.8462054,1
431.4379757,53.38563378,34.2050051,2
551.8816504,15.98435851,41.999042599999996,1
212.7239759,6.498978156,29.4243015,0
238.1772309,42.79347812,38.7824612,2
279.349487,9.229053265,32.4861806,0
338.1986884,66.37837588,36.8910974,2
10.33990965,7.946619728,12.547012900000002,0
219.5073625,50.96531035,45.354170700000005,2
318.3545589,77.27916878,37.2342991,2
552.3899573,10.25010303,40.387029600000005,1
365.3878921,10.66695236,22.9815272,0
417.1863239,79.66638183,18.9501522,2
219.3826985,17.39585467,28.5473843,0
415.6237521,7.374293841,19.477741100000003,0
94.65098333,13.39835798,23.8438538,0
490.4336932,73.10844763,15.356963400000001,2
85.95341405,11.62320933,48.999520499999996,1
140.8124481,16.66816558,38.3562426,1
382.4851546,51.14601362,22.9496121,2
353.6222856,7.360677723,46.1836975,1
596.4248715,10.48050262,38.1210561,1
119.120888,44.25188461,44.9788322,2
329.0814314,9.278665135,27.154362399999997,0
422.2589491,42.16461871,45.6769142,2
81.24564939,18.01031959,32.4748445,0
401.6408388,74.9908533,41.833314900000005,2
520.8446319,40.46292826,35.0730966,2
131.8355182,63.54791814,42.206975,2
146.8994029,15.46147426,32.2169213,0
532.7793115,62.12947485,22.6303691,2
43.13814991,14.72045477,31.9666234,0
580.8718809,11.75142903,12.4181352,1
118.4078379,14.03703756,39.1043916,1
374.1766497,19.39618582,47.980611499999995,1
535.4976584,6.127144298,14.496863600000001,1
294.2910718,59.63686314,35.7159766,2
140.1657158,8.936125647,21.8339749,0
189.5152976,75.70996018,46.3279711,2
238.3008368,11.61282669,11.589776,0
414.8177362,14.40203945,20.15777,0
129.6783855,18.36236197,47.7599686,1
207.4676215,68.0025669,41.088878099999995,2
39.04632453,9.844681,49.2080621,1
174.6259239,9.19402149,19.577255700000002,0
402.9007527,45.57858618,46.754006399999994,2
457.4736595,18.18806506,39.0856984,1
221.6097373,45.4515631,18.6346907,2
210.0838524,41.1376485,21.1252809,2
478.4304842,41.79601109,48.1205485,2
175.0450816,18.14470955,26.2445251,0
485.7231636,8.531108733,33.2525213,1
402.7251369,72.66436822,34.4211428,2
490.3706698,8.413008154,28.762638699999997,1
52.05396364,6.586947804,41.1655697,1
497.1910766,66.7806283,46.4150205,2
86.36674491,14.97108807,42.6726152,1
224.2145671,13.0528872,29.291075199999998,0
21.65401136,5.396703539,28.0715885,0
521.838499,15.39201798,36.105025000000005,1
54.19713331,50.96850153,48.5601106,2
225.6047047,55.31162352,14.8470818,2
311.7553057,43.76176304,37.050117900000004,2
519.0478267,66.42429327,23.3818321,2
574.347521,7.535866237,40.9028055,1
335.2532938,66.93999443,16.3053195,2
147.6971025,71.44762376,29.3344526,2
191.2271662,14.21275586,42.9598528,1
469.1372987,75.43129432,46.968307599999996,2
397.1275669,76.85098866,17.4066112,2
387.4176477,17.54177923,26.402431,0
462.8290361,74.21913361,49.5092247,2
281.9616803,77.24551637,37.7523567,2
187.8967235,73.71205534,29.6730913,2
280.2211172,9.923826339,49.157985100000005,1
454.8457514,75.85729154,19.5298087,2
172.5383775,74.29616678,20.361972,2
86.80059904,47.79855856,41.095110899999995,2
449.4501848,12.00891494,20.8913119,1
573.7272671,44.55782455,36.9854672,2
152.8029813,8.940432155,39.814907399999996,1
586.7037926,69.07865378,30.6911172,2
270.929999,71.49702957,15.9861675,2
342.1925526,69.35550964,21.3098953,2
492.3298971,12.76191514,22.793541,1
146.988662,17.51246162,20.0593841,0
48.25747204,10.65479251,48.6630329,1
329.0796391,58.24391554,38.4623169,2
374.9056275,46.35629928,46.9906522,2
96.2038049,79.16277614,15.6361026,2
241.1341399,7.905755762,49.1626629,1
72.34306603,65.24194174,34.8871716,2
393.8941635,13.68694706,16.538405100000002,0
360.6613491,8.734653487,14.809017399999998,0
400.1226391,66.62248625,14.3970005,2
9.578102562,74.15052016,23.5850936,2
185.3612397,76.3047242,24.1546233,2
456.7388012,51.17114552,38.7261033,2
386.4180847,60.94706491,42.0194658,2
483.2354057,40.91623466,33.7204294,2
231.4207553,15.14212683,41.7495867,1
201.6930265,13.26976086,26.3576616,0
225.6778204,13.87871607,39.4792987,1
587.8852812,78.43497424,36.1377197,2
151.7103598,12.98176959,25.489869300000002,0
177.2265571,9.446610872,20.8698458,0
198.4755689,60.65778186,11.596190700000001,2
328.5508863,6.843667738,43.708360299999995,1
256.9841879,42.43014918,13.5109542,2
587.9631278,11.75873739,29.414251200000002,1
508.7722694,10.46614799,28.0327114,1
184.3697673,8.17146887,30.2531204,0
450.6073622,50.59050852,27.0695242,2
400.3150087,72.58346158,29.711399300000004,2
302.5435619,13.54223582,12.0751326,0
495.892553,11.81251205,40.3649406,1
470.0000601,7.221511979,34.3646082,1
17.48746785,74.39229928,32.0927159,2
433.9577957,13.7449772,13.765495,1
302.1448581,14.09020748,17.6586147,0
15.11478856,60.58429241,12.0110838,2
120.3086105,11.70909452,31.8722406,0
195.3435396,44.30569687,14.352680300000001,2
309.5369706,59.42720883,21.7025205,2
216.0963303,72.91448737,32.7875902,2
204.5600016,67.65304108,28.8944091,2
278.1155455,5.739634807,18.658366,0
28.38408418,44.90599826,41.2708209,2
121.5603487,9.904131504,19.2425976,0
29.93918247,7.297167501,16.553580200000003,0
582.8346942,6.044688016,17.6020337,1
318.755652,51.6434906,48.9625442,2
173.5651579,13.81054803,29.033763299999997,0
312.3137837,56.21752912,22.8206325,2
29.78455297,55.79043943,38.4820117,2
364.3051322,7.353539362,46.3081069,1
256.6377809,72.88685363,29.028995400000003,2
150.2201519,56.58735543,49.017186,2
337.9757204,15.24006729,17.9076059,0
574.5080925,79.97802092,26.376948900000002,2
102.8825676,53.44904772,10.3590002,2
573.8436535,47.97939166,34.412058,2
382.8330579,7.621774818,25.9917819,0
280.376696,72.23761612,45.9128135,2
64.42392867,69.22987667,13.528547799999998,2
88.01284652,54.38963478,40.5369035,2
392.6192193,15.33663622,29.5369363,0
98.02668964,42.7219622,40.9022601,2
83.2840104,75.2701794,27.551357199999998,2
379.3313809,8.026924224,29.536154500000002,0
251.9340992,40.38780673,31.9519649,2
183.8410975,16.97680258,35.1823151,0
328.3956464,18.57982743,20.9575569,0
238.1543155,15.49569616,38.4915522,1
32.00863465,19.18510306,39.8610838,1
452.9460881,10.97082261,38.5105959,1
548.5152464,11.70089703,21.3283035,1
200.4368942,52.91690244,37.9124725,2
113.0243086,17.98590856,19.513324100000002,0
61.84726958,19.58344564,44.528274499999995,1
224.49806,62.75770604,45.0364468,2
58.01850825,13.43217131,22.2636327,0
201.5819446,52.92579778,48.284698999999996,2
258.6231588,74.96697476,34.9298808,2
108.4084129,11.55550588,45.3528776,1
500.8749228,8.229035687,27.2326625,1
527.7232939,59.96956028,34.754030400000005,2
105.1875781,10.37328562,43.8581071,1
251.9525051,56.04945816,34.4758205,2
240.0764701,16.88685004,49.1872741,1
384.895981,75.43452104,42.701393599999996,2
404.6126924,6.721129375,34.9301613,0
76.63996916,6.878768466,15.4418474,0
69.25273002,46.67890904,39.3292886,2
69.05699394,70.52586841,43.161209,2
440.9624491,13.02199199,33.1794038,1
346.4656089,49.5798733,20.159251,2
51.56351477,19.96134409,23.6331494,0
380.7460506,5.003644017,37.6567537,0
292.7496065,11.17778425,27.0576769,0
374.5646703,44.90710117,29.439789700000002,2
162.8496254,11.97282171,49.5882243,1
517.8459764,42.97315443,23.392903,2
232.714884,69.29855652,35.2470276,2
295.4380592,12.33572601,23.798170799999998,0
263.9038386,9.120575492,17.2467256,0
232.9056364,41.24723457,11.2324953,2
499.1055378,16.18096609,45.6596038,1
16.41840207,67.28307272,49.515094,2
214.8371359,42.61854885,18.0087414,2
183.1090046,9.753562066,22.6467117,0
26.82502475,71.44059235,48.6240772,2
172.8879516,53.06914762,37.440243099999996,2
539.0556018,47.53935101,16.8039106,2
204.6790626,47.7179597,42.5243759,2
435.1036587,19.40399538,40.9671568,1
274.93049,75.96389585,12.7891425,2
520.8572813,13.68134715,24.9799022,1
443.4091738,11.93928908,31.7755947,1
449.5848478,19.45874018,29.0764835,1
452.2714192,48.26941223,15.6965311,2
171.4046336,78.98244735,37.1317078,2
80.49673161,17.75476562,49.5021737,1
276.0472508,52.98771426,43.9450428,2
542.4055279,76.78985734,17.701361,2
205.8442408,72.69784009,10.0755423,2
50.07516309,54.13519548,27.1549139,2
508.4462054,51.62376642,20.871399800000003,2
40.63814578,64.2346739,20.233367899999998,2
349.1481892,49.29675377,22.195251799999998,2
187.8253573,9.458211708,14.2960809,0
32.64529669,8.974505923,23.9767371,0
428.2675015,51.1377796,20.2528036,2
80.03991022,67.08463887,31.6544889,2
23.45833196,53.93550044,43.7928522,2
480.2878584,48.49146435,31.9428976,2
213.4437083,59.10202622,39.4557541,2
239.0016642,50.92666418,19.177562,2
236.2327119,40.23670154,18.4638309,2
10.20914021,57.59852598,11.8665279,2
261.3194967,42.32122248,10.825107000000001,2
439.3607623,12.96996189,45.598986000000004,1
424.6272951,16.63114272,33.3593492,1
447.0515584,57.03241239,23.7297909,2
378.2351168,6.853587359,17.8220294,0
293.7714265,43.62412064,42.196222999999996,2
116.0565444,59.82151099,25.7875042,2
474.3800273,68.97612001,49.5302073,2
27.4699591,42.10808378,43.6780163,2
32.73632504,5.127433679,27.8805558,0
385.0381294,51.05606625,36.1367345,2
62.8310827,65.66145457,49.594417899999996,2
151.4486577,46.76550373,40.4268142,2
136.9272944,71.91356939,28.371191099999997,2
288.8789509,15.79995204,38.4463945,1
302.6909946,45.25249745,20.0199299,2
568.7201972,54.96419564,25.5022811,2
87.18037961,5.924119779,14.5359582,0
495.9346272,44.94547069,36.0417658,2
463.2203205,16.58401335,24.5250702,1
63.26045582,7.005434816,39.791439600000004,1
157.175538,65.34071828,25.2283119,2
441.8840071,46.01400504,22.872896400000002,2
245.5187734,47.69409891,36.178931,2
357.4674471,18.69201201,19.3868176,0
525.9363011,6.605437013,13.809101600000002,1
126.7874754,56.44863238,21.8645102,2
504.4052949,44.85613999,19.4180023,2
504.4569227,78.53834648,20.8014997,2
256.8846856,11.61801653,15.468326,0
350.2901742,56.58154051,33.823441100000004,2
459.3071382,19.04848417,19.190814500000002,1
447.7565207,69.51309309,33.3236559,2
548.743397,11.57050485,29.8663527,1
462.9986489,14.24336377,34.6985817,1
15.07643145,56.66102595,14.9536777,2
122.5027472,43.80872316,20.7270107,2
295.7691733,7.32412678,29.337711700000003,0
379.3530545,58.79100039,30.8422138,2
145.6201919,10.90522829,45.7944775,1
143.7982803,48.34024193,45.7272929,2
157.9517051,11.38258489,27.3659489,0
181.2636484,18.96211509,24.1209634,0
96.05110584,70.95154036,35.5622605,2
180.3261074,12.38324275,37.7811917,0
197.9594435,54.39995238,28.547496,2
58.64354118,46.86299775,45.2943881,2
24.53620956,15.03902438,43.383185499999996,1
234.4736544,76.92377784,40.846811,2
189.5958448,42.35237552,23.9643823,2
549.1768803,52.76815743,36.250772999999995,2
202.9641784,67.79915834,39.4618646,2
363.0726711,56.22842355,42.2519273,2
431.8519366,15.80879629,21.5056637,1
202.3815461,50.63308941,13.3937274,2
543.969906,6.063742872,25.962097899999996,1
481.1977722,55.08089002,20.6592613,2
397.596129,15.40795013,19.0340312,0
276.5983132,15.7285528,43.445209,1
477.6648253,60.99393418,43.213226399999996,2
236.2873846,6.257062386,23.3041102,0
468.5793859,12.25247128,23.2906778,1
230.9172028,78.27994693,31.445420600000002,2
4.650360519,17.88987427,28.954019399999996,0
288.1701233,18.83334977,35.3990355,0
77.51184597,14.88733317,32.4397497,0
282.038953,7.279702737,23.9274342,0
383.4852914,77.17298394,28.3052211,2
462.6986209,55.79311007,22.840723800000003,2
447.3028708,12.34678802,13.342438900000001,1
364.699046,73.07050328,43.5033655,2
513.8970649,50.09094518,33.4186898,2
228.331362,40.08695135,36.2657927,2
247.3927268,14.10986625,46.1003588,1
360.041977,53.97460811,29.6390935,2
102.7625702,8.088229823,44.881315900000004,1
127.0036493,45.06147534,13.416252400000001,2
38.80753544,46.35516057,22.798521,2
503.789712,49.80380029,10.663383699999999,2
463.1352746,17.62713064,20.1419367,1
454.1583918,40.26360651,10.474045,2
485.9032447,43.15078056,36.8658643,2
509.2108184,61.96211759,34.8353844,2
581.9588666,11.52521892,29.617651699999996,1
11.77446226,78.56499728,19.785432,2
497.6827277,60.03325065,17.165128499999998,2
387.1952757,45.77458235,38.6884704,2
97.70981365,13.53382109,27.8389202,0
58.11069473,57.86631946,10.8895473,2
183.6354874,44.76835646,26.2339283,2
263.1339184,9.883716988,28.5665697,0
253.6937765,41.44239048,18.4157737,2
314.979302,14.9864786,11.5092545,0
595.4372213,72.92945757,44.6206875,2
564.6173319,65.88192366,37.943359799999996,2
497.0805119,55.46257887,38.4458716,2
180.6939006,13.03282874,30.027195499999998,0
230.0950465,40.72097013,16.33823,2
518.7594878,13.39616992,10.9773943,1
259.3487532,17.29141781,38.2576564,1
66.82993907,8.168123879,49.653205099999994,1
42.16443266,42.73143935,13.606727399999999,2
281.5519559,79.89278109,41.5546634,2
522.7366456,13.78063134,28.500560000000004,1
523.9973717,58.86101942,21.6864828,2
478.5623577,19.20729404,37.4929055,1
275.8486624,18.80803828,10.0138565,0
391.5005409,57.23278753,30.349386499999998,2
127.5617904,63.17532335,45.0051353,2
296.0291184,10.1290174,37.9704852,1
364.6435954,13.12259423,36.768189400000004,0
81.06390426,13.09492683,43.6143121,1
10.97723593,8.009245567,32.0221569,0
282.710604,69.73691592,14.2455646,2
145.2963386,62.33199069,46.6149939,2
463.7750951,13.53957477,44.3107081,1
435.0038629,56.9178244,41.6991584,2
89.68227551,14.33044219,46.8057861,1
240.1014741,54.1183491,14.638963299999999,2
574.7623299,74.58229961,41.1149007,2
223.405011,63.75776211,34.5607536,2
490.2607921,73.06443865,44.1261125,2
5.911499713,59.48177198,30.918774799999998,2
245.9197073,63.9222011,43.1597766,2
28.30429464,46.03086027,39.9243175,2
278.5854101,15.04930236,13.633694299999998,0
79.03242532,17.88008082,11.5602035,0
527.5693905,13.57846284,47.3487531,1
573.5122985,8.746162688,13.6961955,1
554.5776581,49.40842897,49.440404300000004,2
152.2571115,59.89731471,29.8448903,2
340.2693505,70.97646846,26.7560171,2
233.3919525,15.15686395,23.182588600000003,0
276.9759908,49.61283821,11.6317795,2
491.2973947,67.55652071,19.5438158,2
511.9104432,5.581991821,42.5119885,1
540.0686893,50.37898516,39.5668731,2
95.09343535,73.33499097,10.4385284,2
359.5913818,14.7528075,49.5135741,1
167.3512775,63.71837822,27.630144299999998,2
273.9868428,61.64922635,47.1397655,2
259.6681702,11.30374403,21.87665,0
297.3414068,7.78665432,29.0511533,0
30.9305874,5.739494936,27.5631373,0
243.9754012,79.34081231,41.2660115,2
65.18879584,16.34807875,11.025541,0
427.0652824,42.30772886,18.443884999999998,2
293.3312074,7.61015672,16.4084121,0
159.3964185,12.46349125,48.1764391,1
475.3601235,52.52226749,34.9648034,2
361.2551835,72.40993778,29.4131777,2
383.4944975,75.89845122,24.4971142,2
506.8591149,12.12153509,35.5224087,1
481.3312852,57.30905104,44.145149,2
510.3379779,58.87908812,33.8927119,2
62.2644883,55.83135789,29.03046,2
138.5768587,45.98025239,47.9027126,2
47.42060724,10.95936939,39.2479893,1
561.4287276,6.026610639,31.6297197,1
96.79104407,7.14178455,48.8276039,1
194.646141,78.20053932,22.0207436,2
462.002648,8.748525825,29.6873229,1
535.8890178,15.06147538,10.4623998,1
444.4514382,64.14042166,40.1709031,2
193.5268451,9.712430958,27.8122822,0
122.5202233,62.28307368,48.1169663,2
498.5599466,62.06609295,38.3356379,2
364.7657226,9.028694065,25.617203,0
456.8537748,45.92816531,42.3292377,2
90.3047097,52.7420855,19.3383593,2
167.5253026,18.10087187,41.572026,1
211.2420663,10.63247933,29.3259423,0
358.5854623,16.99537793,19.7759554,0
136.4390189,48.50748902,19.094565,2
454.9366965,14.6072494,36.8707238,1
58.40267974,17.88470821,24.8708176,0
547.0229993,17.31103761,44.0069224,1
287.0819861,5.386136146,32.9934549,0
309.1780167,17.79759468,49.2675209,1
419.7962264,79.4219598,38.5872465,2
400.2278498,78.15902856,47.1390351,2
84.26411564,73.2338112,38.7539078,2
197.3725588,9.642043236,20.5436247,0
327.8269959,13.64817485,22.229349000000003,0
527.696115,17.30761256,23.415121799999998,1
197.7796967,7.603582162,30.515503199999998,0
264.4847843,7.450316746,35.8310704,0
221.7638341,6.281127242,27.0837653,0
104.8751257,75.33210655,35.6574504,2
405.9229591,47.28632644,26.61782,2
304.3432925,5.593362598,39.7158734,1
449.8164096,41.69353788,38.1191066,2
398.0016596,7.820878497,41.6654001,1
23.05988609,10.46181585,45.623369600000004,1
535.7427865,60.62255779,43.324330100000005,2
39.44424146,17.6980174,31.2477913,0
119.4195927,59.98141591,22.836567499999997,2
554.5435803,47.17438758,44.6644928,2
471.3678775,9.79581274,42.3515247,1
48.35563611,55.97481017,36.8737882,2
212.278598,5.616235474,45.7829775,1
327.1003489,8.231943609,49.5053616,1
104.3706837,60.41229057,11.1008911,2
163.8894232,60.70866665,49.863025900000004,2
422.0472423,5.150704716,31.0309042,1
501.601625,53.45338881,24.8676958,2
485.2254986,47.26090534,38.1927598,2
223.7927327,14.57336623,34.3206889,0
28.88543202,12.67304291,30.7953633,0
524.1027505,18.51888812,40.8139644,1
377.6045058,79.22108673,44.7597672,2
33.80524714,44.63598877,12.1561566,2
481.3645938,16.70126036,18.2741706,1
250.2867436,79.09681898,18.9211003,2
535.7878836,67.45649375,22.264373600000003,2
283.3395257,16.37577157,37.8577426,1
349.5886819,40.55150818,28.0110246,2
527.3215411,65.33391401,32.1136336,2
224.1658089,8.348831016,49.694573,1
92.2331078,41.09278047,24.8298549,2
565.7561522,42.96908463,36.512482,2
487.7397416,40.54177296,25.9621934,2
252.0393593,17.56208779,17.0828083,0
96.53529055,18.71924682,22.7193281,0
178.7572788,56.09244786,42.9733175,2
470.6290548,10.34607104,21.0168899,1
306.445717,14.09324963,34.4242377,0
266.3096043,12.29607553,45.899422099999995,1
329.2147597,13.65438725,48.5848274,1
277.6596134,41.42834839,23.8597231,2
230.6877128,58.57321766,44.8542041,2
298.3372204,19.77393663,37.003263600000004,0
441.02179,48.6197378,19.8814462,2
61.91483974,6.316593712,33.9961014,0
335.3643539,14.94289681,32.1801538,0
18.53953976,42.32386616,11.1901698,2
471.6304556,44.82344864,20.7052655,2
295.0361782,77.32946765,26.6937787,2
516.1594615,79.63728652,33.5424728,2
232.9655878,49.39972082,27.1191196,2
434.372038,15.47111508,19.7263886,1
262.853828,72.12583705,15.3721031,2
69.32355388,10.67046593,38.6395231,1
118.340632,66.91609441,12.3002723,2
1.112373889,10.25279786,34.628545100000004,0
456.4296894,8.481178668,16.4481421,1
212.236597,41.59705004,24.1696515,2
262.3634091,9.077910901,34.9943711,0
36.84964942,53.9026049,45.4629219,2
558.9894666,9.311038008,34.7724264,1
62.04489658,67.98281319,46.181833100000006,2
318.7903442,57.43364415,21.5524697,2
435.8053169,9.899328586,39.1530159,1
110.5999072,42.68691348,29.8503493,2
231.1479244,6.492420033,45.4248265,1
534.0768681,65.86366735,32.6597525,2
209.4035906,12.40012382,37.6781679,0
559.8645725,62.59961192,37.2334336,2
450.5538995,5.172890211,45.824995,1
181.3756066,18.62615161,26.2236719,0
396.9776816,7.947304504,12.975857,0
54.85686024,19.78401101,40.8370126,1
292.194814,44.75035215,48.1705345,2
287.928281,40.00981162,35.4185018,2
330.2075538,10.06566162,19.8747295,0
47.58487939,43.27457616,15.1071542,2
507.6528646,14.12317065,22.0013681,1
424.9029905,5.611775202,19.7509567,1
532.3988795,73.82827455,21.4680332,2
540.8173463,14.7433401,11.956026,1
249.1694417,12.41017506,10.2103356,0
79.70319407,19.91846385,34.9227819,0
303.4156019,14.75382607,14.405941,0
64.68008454,65.07711531,28.308309799999996,2
203.9886268,72.05721625,38.346666899999995,2
36.88489622,17.80019746,26.9789351,0
428.3020693,40.38093422,47.3484244,2
168.7744225,68.7606637,15.7989569,2
343.7443136,41.20041951,10.0101539,2
439.6763128,5.125320563,28.437113600000004,1
510.6847915,71.20104258,48.0217408,2
586.567561,7.567771158,29.2235503,1
73.23476868,18.03201644,12.0946043,0
340.9214803,50.03359439,26.376064799999998,2
413.3797492,56.68159836,25.1287969,2
511.4880061,14.01623998,45.151538,1
105.677164,41.49462641,10.3328439,2
295.9292129,7.634396984,30.9873075,0
307.6275478,11.09851712,26.0695811,0
305.9052587,61.8261683,37.2119038,2
449.6079085,13.64608327,29.814826900000003,1
47.23175483,17.86833778,17.4037241,0
329.0794881,56.9082809,23.769261,2
342.2492287,51.53282082,49.6275156,2
213.8358106,51.48226424,16.440953999999998,2
5.447755153,73.72140659,37.8316095,2
312.2990529,51.71987628,26.9731165,2
514.3275756,11.82426165,35.807814900000004,1
316.7280482,6.372244369,41.6745168,1
442.5830529,16.1240453,22.633192899999997,1
39.25602239,17.34332102,30.652844499999997,0
419.3730093,9.172154607,24.6190515,1
208.4206639,46.02924337,18.8005171,2
238.3932867,8.36873574,30.3454422,0
546.7899167,17.61644256,23.6395153,1
406.2970378,8.464124969,16.7700678,0
492.6404633,12.33794777,16.6372141,1
531.1581442,5.425061756,35.5765553,1
430.8372776,52.63359055,14.8664988,2
557.5796883,65.91520694,49.5283088,2
596.6771086,18.41149304,37.9085858,1
11.84564874,56.72206412,12.0088503,2
18.00066311,45.80089869,13.738931,2
170.8039749,12.3987124,13.4051908,0
266.634743,68.47400892,33.2314056,2
434.5039773,49.60134337,38.279038799999995,2
182.376823,61.52794313,35.411559,2
459.2278256,7.195595999,37.9198215,1
372.4232981,47.44488978,42.4270665,2
104.4637226,14.75138677,41.6575529,1
136.9477794,61.00635835,19.462119,2
79.14599563,48.42466154,34.327097,2
85.39758615,67.734194,22.4783799,2
498.8119723,63.94023873,48.9158556,2
137.8173077,41.9250491,36.6006831,2
391.8979014,6.884652386,16.5391706,0
85.95312263,46.66095452,46.6641857,2
232.6530652,54.30379109,31.0935668,2
297.4228115,19.70008195,42.675337400000004,1
243.9557162,12.46634845,31.077228400000003,0
218.9346697,11.9321071,12.0280863,0
462.2324956,13.89477122,34.453603300000005,1
312.7453266,8.167370561,29.977452900000003,0
35.8505949,10.20503503,29.847084499999998,0
451.0732985,5.055794912,17.598477000000003,1
525.0535605,52.73309215,15.267423399999998,2
79.29731041,15.47953384,19.7558586,0
527.3712738,15.11280423,34.2338889,1
166.3587615,13.84206205,21.6427923,0
208.5308665,66.0543362,28.0255231,2
346.1464798,40.40695272,25.233633100000002,2
462.1239741,70.61251692,20.6358174,2
435.8195167,66.96637689,35.872377900000004,2
424.0905064,42.70282145,47.5516759,2
142.6674228,18.32898921,40.1119395,1
295.5765194,16.52701693,11.106238,0
297.5419999,68.36104763,20.530694999999998,2
568.7778108,12.02977455,13.4912376,1
438.2530758,9.794780934,33.3269752,1
511.4581996,8.635305427,36.0114145,1
559.9704849,72.96350449,28.2928369,2
558.7925169,57.15312039,21.2261777,2
434.5628764,12.45115142,49.5807037,1
437.8517339,17.44465708,15.848748700000002,1
196.5428797,13.17201628,26.3619306,0
395.4891813,17.24341778,45.6017163,1
260.1756501,11.85845629,15.2241034,0
592.3175847,13.10829013,44.2192505,1
409.6136275,16.10995372,14.1484756,0
101.2420534,14.41938103,25.070996400000002,0
448.5047833,19.50298325,44.7479638,1
536.5657941,8.504135481,11.9108017,1
175.4598246,65.37589038,28.6488036,2
559.032238,14.35069349,24.4420787,1
130.1033493,5.650957679,14.3879027,0
171.0248506,6.416936387,46.0204681,1
228.0411311,63.25624627,23.1502306,2
526.5739221,6.034850131,36.653374500000005,1
506.2279963,10.84486133,46.547375800000005,1
225.6953737,59.37885298,42.270557600000004,2
500.8988587,54.56868179,20.7953164,2
457.7404996,9.199059945,37.6116544,1
402.7558425,45.20326288,11.3051187,2
51.15045168,7.364915402,39.1781752,1
26.59948801,65.49868235,10.541447900000001,2
451.2052475,55.48444221,49.6480263,2
153.4110701,18.70367017,35.384722499999995,0
115.6712367,15.11002057,10.9984085,0
64.12195662,64.15995716,46.2484613,2
369.1417521,74.08835141,20.4217285,2
325.9157846,55.41016544,10.4803333,2
307.3474682,16.92609322,48.8815067,1
401.7394369,74.10893511,22.866423,2
308.8886577,5.136305524,19.321132799999997,0
502.9151478,12.46964454,19.1840373,1
215.5330042,41.31346723,23.314467999999998,2
471.3151787,47.68404722,45.514944299999996,2
458.7108999,13.14262062,35.6673875,1
570.6378178,15.17183752,29.655963200000002,1
103.760022,9.67479375,14.3587977,0
109.4495729,66.2599325,37.2190153,2
57.3504487,43.52164031,28.764998600000002,2
235.3028074,16.00042272,30.552596799999996,0
231.0017809,9.963721487,30.532436,0
562.704631,9.185124355,30.906264300000004,1
375.5991038,16.77607792,49.952496499999995,1
536.7227168,12.68132865,39.605160700000006,1
176.4007189,10.67521373,29.158014700000003,0
469.7899788,11.64103892,36.776890699999996,1
197.4905788,47.69170671,18.1328327,2
567.4779596,8.681816938,10.0784131,1
257.3036638,41.64709196,15.1614788,2
115.3906877,12.2275588,38.9091454,1
288.3690721,5.662183431,12.6352692,0
460.6298619,17.86648323,11.9074521,1
250.7088878,74.04977533,42.1492119,2
110.6133697,78.30166822,34.4896602,2
570.1478244,8.225071524,14.2872264,1
295.1438223,14.42309896,33.626021099999996,0
571.9420817,17.55295133,15.073476099999999,1
491.9801066,6.604868918,28.543149699999997,1
493.5547166,9.369406208,11.4698754,1
369.8187389,14.76182481,43.5709222,1
267.0811194,73.12540935,10.9510175,2
177.2403666,19.52033258,38.0781844,1
457.7269267,63.03384232,30.8354321,2
524.1092118,73.88452894,36.7612404,2
13.18601572,16.75252254,30.349095,0
266.4692367,8.873402199,32.853537599999996,0
303.7240726,41.28760599,43.9472053,2
178.3745305,53.81847092,46.185299,2
233.5013849,70.46993988,18.3739556,2
432.8315275,61.4521512,23.547978699999998,2
533.056272,79.98035183,14.269231499999998,2
331.4247606,12.31814909,27.581397000000003,0
390.6707269,6.9124959,18.6255355,0
380.2547383,79.5638551,30.4472484,2
548.6933622,53.05101965,28.634529399999998,2
145.2679445,10.50197481,37.3848686,0
395.1087912,7.347938201,44.862284800000005,1
139.3172271,10.34100949,31.964784299999998,0
74.78804935,48.99249927,49.088364899999995,2
448.7894259,17.32366538,25.0165517,1
594.0203153,14.86924867,46.5141341,1
4.448135288,18.42627759,32.633576399999995,0
379.9033094,52.12415095,35.6529696,2
268.1858501,18.21876023,49.3952533,1
145.5146817,57.60683831,27.1071491,2
93.56106897,50.60553615,46.9531669,2
269.118248,73.90471141,13.552961799999999,2
414.3239819,57.09087626,36.3557657,2
331.9544035,58.25506373,40.6351522,2
129.0576302,17.31889131,20.390314800000002,0
472.1184898,42.47487044,19.7403986,2
55.75047095,67.82190338,47.8832319,2
91.39060717,12.94466791,11.8363743,0
344.5644721,17.8159927,26.411358,0
460.6936568,11.90493576,32.3990801,1
159.1397724,11.32568926,46.5292622,1
400.5856939,79.01937973,27.3125876,2
206.4891474,45.08475876,12.216315699999999,2
274.7672009,8.584965203,49.3561181,1
100.8296402,56.32767127,23.2390325,2
537.3917075,41.56462315,24.5499549,2
224.336077,6.753181409,32.6127408,0
54.23459525,45.32576237,31.1072987,2
192.8063641,43.5133726,43.8476913,2
505.0729499,45.69488975,13.8751682,2
215.9405338,61.70889468,19.673622299999998,2
415.3010362,14.21253275,33.8983085,0
422.8888345,15.70490425,23.8523712,1
456.5698997,16.51791385,47.2548769,1
472.3515422,72.53810301,30.628476799999998,2
324.0232304,15.41197481,40.5745322,1
74.3989565,67.73528977,31.9718094,2
202.3770175,54.95740105,32.846992,2
414.5295031,6.776925576,20.4581616,0
580.4994484,52.17186806,15.761031899999999,2
575.1036418,7.924374072,25.740650999999996,1
152.2260757,55.49450335,23.080252100000003,2
18.29876285,76.60313607,49.3871119,2
315.6003258,5.737377854,22.2549478,0
210.9018469,54.71265004,29.4421123,2
30.06566342,11.05470042,21.195629,0
218.5754144,5.465853141,24.2122408,0
105.9148572,60.03308169,23.1230874,2
241.0428023,18.98200873,13.752099600000001,0
279.6537699,10.57195009,14.504355599999998,0
126.4094927,60.05749441,24.135030099999998,2
199.1993813,8.203142817,19.8569927,0
593.9602593,75.5357767,26.0587789,2
551.9387215,11.97552987,18.2652916,1
292.7464088,50.80916693,30.1211758,2
519.8796884,5.021425146,49.2904399,1
481.8611225,5.583105455,42.6136332,1
406.9203149,67.78097987,17.5140527,2
482.8754072,61.30876285,31.6454256,2
83.14552366,42.94215226,29.4054256,2
186.217723,40.00500555,19.4743372,2
171.2391968,11.31104844,17.1214576,0
388.8489988,48.65747883,11.2880643,2
150.3515132,70.16988738,43.1038849,2
217.4907393,74.51546433,20.6479982,2
472.9842618,5.270480147,35.9932375,1
160.169908,11.08429085,33.362995299999994,0
252.9757812,5.808988743,35.7920896,0
83.66669841,14.94359379,40.980240099999996,1
68.46795912,15.07617261,28.751245600000004,0
117.2255337,6.195726098,33.1371217,0
138.0755956,77.2518091,33.7803287,2
120.7266702,10.01068323,30.2726213,0
551.5454292,56.48777796,47.3960596,2
86.94974903,12.94813438,27.3209129,0
302.0958513,12.70450076,26.6961846,0
187.1324419,14.92014018,18.7999049,0
96.89777629,12.22850251,11.2941967,0
41.02948555,51.85009799,27.151276499999998,2
62.33952185,19.01616192,19.0121496,0
413.0470964,12.29587442,10.404347099999999,0
164.2699568,12.91184696,46.7632875,1
270.2287939,15.7409458,18.635918,0
94.0891931,53.11203875,15.677366200000002,2
448.8611747,77.85801833,46.8636181,2
436.9960012,9.024140307,47.282185500000004,1
396.9572647,67.89701833,24.5761333,2
330.4408096,8.055760899,42.9552472,1
223.8370252,11.17919823,12.3783945,0
535.3382731,46.85263015,10.8517847,2
535.8653259,11.79237208,39.6723218,1
204.6576496,55.39967791,10.0233956,2
403.8267457,15.34946536,44.7897939,1
262.0953104,6.963968782,28.1676904,0
503.3586166,5.780687581,27.7963674,1
416.9792675,52.21805093,35.6802278,2
121.4968091,14.63417245,15.101094400000001,0
322.9431973,70.77621604,49.1010917,2
59.18878473,67.87774503,23.6107904,2
215.6967895,40.85444295,28.5685488,2
48.85324904,79.51976446,14.3224657,2
436.2335795,56.29533303,24.564805500000002,2
442.7082347,7.465890265,24.8594298,1
492.8530069,67.07103807,37.5178066,2
481.3450589,10.28649097,32.3387314,1
90.82683364,16.87859808,38.9351872,1
294.4018312,19.12001589,34.0672264,0
95.98153022,71.4953325,34.3839999,2
172.1513854,65.651203,10.251379700000001,2
475.9802864,71.25250514,26.0979466,2
359.4043276,19.21529266,23.8646822,0
34.38455552,9.332149549,47.980531,1
492.2106727,8.812209202,45.5424377,1
20.26330419,12.11462997,47.134837600000004,1
206.6967155,47.69329479,23.0459338,2
593.3224698,8.860481876,31.8175909,1
237.9377403,52.19047205,46.2211636,2
408.9822178,67.90902076,44.230220599999996,2
253.0360774,70.14234339,16.2914341,2
530.4628853,50.9167539,20.467976099999998,2
561.4370963,50.09085515,48.2815039,2
274.6377196,65.68798832,24.9301948,2
331.9002326,58.20652996,12.3462292,2
372.1410647,61.42764683,18.8067811,2
559.3305384,43.21493352,31.747180800000002,2
535.1611555,14.6416612,26.207818,1
121.0804373,13.3526662,36.3393814,0
374.7509427,79.78446056,43.0076945,2
21.08331617,59.66049029,13.481109799999999,2
456.8648506,17.04699633,30.3954598,1
252.8811163,40.57954745,11.1761115,2
481.3350441,77.30924342,41.412122499999995,2
506.565894,14.26031376,23.4458213,1
202.2338412,13.01330615,34.1068636,0
350.1947956,10.3913574,42.1214725,1
518.5600363,14.43082081,42.664602099999996,1
328.7188499,7.990712285,47.4170431,1
99.57833516,72.7149223,22.388345100000002,2
9.595212949,43.96161327,16.799897599999998,2
79.29966382,48.39500436,25.159226200000003,2
0.777527947,8.176187931,20.1240564,0
332.9113453,6.325954507,20.5710981,0
172.9240526,54.09119573,35.8905421,2
480.4608247,58.69180955,48.5770646,2
109.4818357,10.44986713,10.120394600000001,0
400.630231,15.51711697,42.3935682,1
50.65463056,8.316848943,26.117895800000003,0
526.9668948,7.983946697,24.629288,1
574.7829748,64.87000788,41.738544100000006,2
378.8991332,65.84894111,11.483486599999999,2
104.1235193,19.80650129,24.525546300000002,0
33.91379835,15.8730628,26.7988373,0
157.9422833,7.85620244,11.8192012,0
560.3185726,70.27705551,46.829987499999994,2
297.1421899,60.03920654,33.113901,2
375.4482387,51.95676637,43.9017843,2
311.942117,79.17927314,10.8247099,2
13.80995481,12.61091141,28.187582300000003,0
516.3766236,45.94937332,31.660389900000002,2
423.2121507,68.7297708,37.540591400000004,2
24.40686747,41.57128155,40.3187159,2
314.2820389,71.27870252,29.804018,2
223.7394001,74.76463947,14.5331539,2
321.3446803,44.972334,33.8103841,2
206.8583459,49.22267529,17.0581724,2
568.3118793,14.37637329,14.5554327,1
544.1785376,56.40086093,26.488404999999997,2
554.4169375,66.86060975,49.1577997,2
198.4084713,12.54830622,11.0277499,0
557.6582166,18.25024552,42.1521755,1
22.58225385,17.65141694,42.0827563,1
468.4400899,78.56903824,30.5993009,2
580.6720124,70.96794638,29.9059306,2
145.7254068,78.50566652,11.608768999999999,2
263.2329841,73.65792102,30.785751500000003,2
523.2053121,6.906539207,48.7707514,1
471.5164164,10.45271686,37.9164986,1
262.7380124,18.10517052,20.0660414,0
29.29269981,71.76328174,19.2264075,2
578.6220158,5.731494782,47.2157615,1
51.60992552,78.44035396,43.2850666,2
564.6816258,47.80423223,10.585294600000001,2
284.1471122,60.04472469,11.0474661,2
573.5498434,44.87897737,46.2111711,2
591.1679685,12.42583918,16.4773097,1
174.693326,15.34301313,11.467405,0
299.4508149,17.256532,16.8258474,0
299.5733693,51.95448634,25.6609631,2
133.9856266,55.94777966,31.8657138,2
108.508864,66.78604489,23.5092034,2
114.1129167,55.08079427,24.0947803,2
535.8359475,10.1144296,31.5215939,1
302.7701296,13.41725319,44.3957159,1
240.0832831,57.76191371,48.997869,2
124.2566053,44.99191968,45.9879079,2
225.8633869,8.45742256,17.0249372,0
111.2656346,72.71897376,16.4952151,2
118.3995081,13.01831817,26.831795200000002,0
221.1869138,54.2112601,49.3503309,2
516.8659199,9.882550072,23.3729567,1
110.0531114,18.22228729,24.405542099999998,0
302.1600206,60.62524221,41.6011713,2
151.1071415,55.82808579,13.3440436,2
598.839979,18.82186604,13.9833351,1
427.5944924,51.83971929,10.5743182,2
420.6574857,19.782862,45.2603837,1
82.274197,17.69178778,17.1972049,0
412.3841413,41.55790636,49.5940261,2
303.3180611,19.04855327,37.558632800000005,0
508.1380179,8.214501085,31.800128,1
134.110294,15.42978424,47.8100195,1
513.1617118,10.36761738,27.872811199999997,1
84.97035418,71.65362013,35.7688682,2
192.7729706,64.06214599,18.9222656,2
412.7260452,70.25757483,24.8089704,2
144.7455802,43.08328105,32.1378439,2
275.6787987,18.45119825,23.1946758,0
452.7249117,61.76013295,12.562161699999999,2
497.4036346,11.45474642,42.3007507,1
260.1938105,45.71990205,41.0043207,2
371.5964383,52.40903712,42.352102099999996,2
376.0020322,14.26719792,14.672379099999999,0
125.688625,44.33498829,16.7910592,2
150.185393,16.54960427,35.2014316,0
363.4189511,14.20561954,15.756523399999999,0
370.2762264,61.9619079,23.8396949,2
364.1316451,8.783036032,15.815962899999999,0
373.8550234,53.34404717,35.4913091,2
191.3200039,51.64419622,35.4832054,2
458.4044353,69.16410314,41.0988761,2
89.06244217,51.96354869,30.1198994,2
297.1852266,5.467623637,47.136485500000006,1
21.03830019,9.831013028,39.3762457,1
503.4873753,17.15210136,44.515865500000004,1
33.85235082,7.320272723,16.0214513,0
158.3928132,14.83074799,31.4530229,0
53.42499963,77.31500319,33.5713599,2
18.08431066,66.99632365,30.986949600000003,2
573.789,62.20812356,33.5154711,2
252.0610283,19.08663047,18.2530392,0
186.6743849,12.10659939,23.100300100000002,0
210.0105656,72.65010846,24.1327845,2
489.8755104,11.07058811,15.6290505,1
410.5022087,76.60993078,11.4298201,2
570.4345842,51.10129897,47.9703205,2
154.1041175,19.26412028,30.1368259,0
42.49439684,8.581276566,26.683731700000003,0
410.3824717,58.25120441,40.3070132,2
124.8430189,79.90285521,20.605406300000002,2
257.7041535,10.0391923,21.8120494,0
460.7573404,18.27858318,32.9638388,1
504.723599,43.73048792,47.8404632,2
207.8137634,16.73593713,14.903928,0
56.75914224,68.71375485,37.7668575,2
379.91069,12.96288551,26.702642700000002,0
578.9920942,45.99722758,30.887998300000003,2
131.9837996,69.18592834,38.4651678,2
271.424761,47.43737578,24.000107,2
100.668199,62.83100072,24.088390200000003,2
198.3014102,46.70329933,37.0102767,2
140.7869414,64.96649824,27.0573499,2
220.7834732,6.931316561,38.6128246,1
254.4300811,13.71152875,49.2105598,1
498.3253523,6.502324963,29.113687300000002,1
120.9675186,40.22280022,14.9421294,2
446.2441405,6.450418397,45.1130121,1
396.6264901,46.76375828,33.7726417,2
218.8227793,68.94817704,12.2920718,2
516.750144,56.57627423,30.1162105,2
431.7635098,55.54041314,41.2296496,2
470.149803,40.45234747,41.2192448,2
194.7330085,10.05818736,36.393089499999995,0
537.4746015,19.62866803,17.465482700000003,1
322.9226007,55.31451187,24.6426371,2
396.9764482,40.21437219,14.0611037,2
359.1510184,62.29646631,36.672757499999996,2
6.644869331,19.66990136,43.7143097,1
594.9654103,47.41724966,41.151135100000005,2
458.9222516,58.09379412,33.4748571,2
565.8976325,57.53215522,49.3439462,2
512.1704981,9.549215391,15.636698399999998,1
155.5966199,17.81926195,11.404137799999999,0
81.38971456,10.64467725,33.5515862,0
214.3707409,76.96229261,19.2449526,2
382.8362288,14.43676368,17.7665358,0
591.1504348,11.67069165,23.103671300000002,1
404.8032979,13.81554843,34.3789374,0
467.1500831,49.58350474,35.6575102,2
5.922559224,17.21937584,46.2151258,1
558.0531048,69.39659529,11.7653218,2
16.61786943,78.36247108,46.4217375,2
174.721354,67.3449876,29.379750700000002,2
476.5047893,64.34504797,26.836374600000003,2
219.1928332,51.20696274,43.5393,2
581.6543391,45.81044457,40.1218304,2
60.96753276,60.16879464,10.7501749,2
20.7367313,7.592300772,24.5218851,0
450.472755,7.90170842,20.4929709,1
579.8312312,54.36797183,13.084772000000001,2
588.2125739,52.1625415,20.9698035,2
22.25284696,42.82231821,20.4400976,2
569.5594293,19.31197462,39.911107099999995,1
522.4761276,11.28138486,19.4940733,1
304.8991631,42.44110846,46.4498452,2
338.3800627,51.44814962,34.842248,2
373.1877753,72.79557534,41.282112,2
259.4445893,13.33806221,36.7077102,0
468.9408417,55.50304002,32.4572483,2
57.36596352,60.74945743,14.384211299999999,2
129.1178883,59.04170588,37.8208045,2
168.4829642,17.63801763,16.9155639,0
30.37755172,14.92199308,42.8159322,1
464.0649367,72.64510464,21.0411312,2
499.6581307,15.04118096,32.1803597,1
105.8990802,8.396444076,26.0650871,0
10.64011494,43.49946759,20.9337825,2
74.61493282,73.79392825,35.959087600000004,2
590.717168,5.999897447,28.422120699999997,1
399.9498476,11.26952762,40.4083113,1
116.0526077,18.48873377,35.1786981,0
350.9304204,78.24380653,38.6388909,2
459.2062534,51.75484188,47.5759751,2
81.63639031,19.62356409,22.4149768,0
44.03979488,47.68347929,25.599491800000003,2
212.7904053,5.719365987,42.8537809,1
81.41255779,40.96950377,14.635638100000001,2
593.7199342,59.7629031,31.8139922,2
201.8357994,11.80055908,24.7046116,0
253.2687562,68.27716541,14.359650199999999,2
109.7394931,42.83094681,20.901411200000002,2
206.4807746,78.87960394,47.7062363,2
281.4934683,14.52116212,32.652024499999996,0
338.0287924,7.694889335,22.637254900000002,0
216.7862493,10.94415894,35.5974003,0
67.55089708,19.05423881,27.838034,0
93.3417746,74.84785749,39.1047664,2
458.9258914,55.20435787,30.2237579,2
457.3435674,7.922607375,41.472379,1
96.87945397,57.00321269,37.8361095,2
311.6274138,58.44262757,17.375381400000002,2
387.1380352,19.88023954,22.8054785,0
180.2376658,16.78712726,43.7514471,1
306.5916044,5.295248231,47.7008125,1
453.0814259,18.89878075,28.510506000000003,1
429.8488278,15.96018517,29.9608255,1
416.855784,5.821174734,30.281859,0
151.0639404,71.55286884,24.5408877,2
157.8029064,72.45544894,43.0845017,2
471.2657606,66.28706021,19.1048446,2
340.5847229,78.30055857,24.3069866,2
561.6378456,79.72704873,35.052849800000004,2
41.3598367,14.30352273,15.728879000000001,0
169.2756096,46.71197069,12.5449576,2
159.7350152,44.17201292,33.1990592,2
559.5587981,14.58802744,19.4128726,1
45.37506801,9.581202478,30.854271500000003,0
351.2228207,79.55516477,32.686807699999996,2
132.7982721,71.12963055,33.8270152,2
445.6336504,65.73200664,33.0211393,2
197.7388396,60.6889446,16.087783899999998,2
129.3655252,6.851953606,25.5971658,0
560.3827595,13.19610611,17.9000248,1
67.33324903,6.982426663,45.2186878,1
292.6331179,6.925248899,43.0803873,1
225.1036662,67.96795611,46.183088500000004,2
182.8438537,9.700515417,14.196774300000001,0
400.7048267,18.05295036,39.0984723,1
162.4290578,55.81950105,38.2091475,2
546.3559995,13.94274004,32.7815377,1
285.5972215,44.5287431,49.1385389,2
301.3954736,8.728036159,21.8219062,0
279.041304,45.64721995,42.7643482,2
227.6223695,6.894252089,40.6449424,1
269.1690292,18.4887546,27.689089900000003,0
376.5702011,67.9357114,16.5648652,2
535.907008,7.954304453,43.5621142,1
319.783903,6.487191684,15.0765289,0
186.7688171,12.98465395,20.2493693,0
510.2128697,15.12846256,31.308162699999997,1
125.3338358,62.90491293,14.6487434,2
129.8716641,58.7504317,16.9500989,2
286.7355189,10.87181406,24.4329337,0
383.1433383,14.50774728,25.729037700000003,0
286.8431427,8.192751291,47.932064499999996,1
441.8017359,17.77226674,38.8980039,1
423.0854634,12.23901853,12.957300799999999,1
101.4971072,53.30329162,33.2527657,2
72.3273117,64.00824706,41.7694685,2
74.84191887,69.75299082,24.595202099999998,2
227.608294,12.72394243,24.7965885,0
516.1973349,54.66057415,43.172332600000004,2
191.670901,45.61450926,18.255418900000002,2
555.5889811,15.49291806,12.139916000000001,1
428.947696,18.5457598,16.2912939,1
98.69791975,9.055228857,40.2996506,1
409.5597526,50.40896084,19.010037,2
37.72506974,68.05571065,44.918221,2
282.6578426,19.44305741,22.6384718,0
443.7784614,6.898179668,13.671253499999999,1
320.3917003,56.64601824,40.564740900000004,2
247.538433,47.80612242,25.625204,2
168.761292,46.69138957,14.0621609,2
115.1216057,67.62665559,36.4160524,2
477.2542863,44.19507553,13.686513399999999,2
225.9753384,11.42029029,35.0642917,0
577.7659148,74.47962453,48.2409356,2
578.9433977,16.74935139,47.2531859,1
385.1772744,50.72818742,10.6639122,2
75.85395343,6.865179762,27.027444499999998,0
545.4463659,12.54602484,39.5113557,1
186.7899926,16.91994339,44.0057605,1
187.6806142,74.23525238,23.0859212,2
207.1320363,12.63058976,40.5049554,1
468.5623571,9.292025637,28.972604699999998,1
377.6662002,15.17821012,33.1555422,0
117.5873168,67.13335319,34.7440502,2
593.7164047,63.69942324,30.5831278,2
217.9087356,52.79204984,10.360182199999999,2
50.61335629,14.88283106,29.215858700000002,0
215.9317958,54.98886841,17.4797643,2
374.7753561,63.9964505,28.234758799999998,2
77.26158954,53.32489457,38.3963552,2
592.1211946,47.19656786,13.9033121,2
136.7488446,18.04543827,23.8603786,0
104.0291675,41.56735128,41.347736000000005,2
266.6314127,40.44804462,17.3250456,2
110.8464809,11.17116398,47.705448,1
346.156461,6.111123608,30.1751687,0
113.0561349,53.57131127,18.8816357,2
230.6468452,77.40123093,24.3984745,2
86.10968008,76.20899694,18.2227519,2
132.5857975,17.06304361,15.459254399999999,0
552.3876211,41.98537416,16.3011489,2
375.1074988,13.78667406,26.8085095,0
63.21464553,49.38919526,21.907571700000002,2
493.1079962,6.751218542,21.5462482,1
516.133419,13.80151862,17.217453,1
377.087621,11.1657079,33.8835379,0
169.5330062,63.80385749,34.6793265,2
506.3998185,13.88740219,13.9824791,1
553.4547244,58.24264837,45.5877791,2
139.7449682,17.89781736,12.6665809,0
102.8525132,65.08847676,10.5684062,2
578.2877963,5.752630255,16.523284,1
282.6124071,45.08972691,12.8733547,2
110.2436186,15.4010128,21.5810207,0
47.69230042,64.1543425,13.4983722,2
561.268893,40.77193502,15.129887,2
123.3186257,6.547201413,47.998134300000004,1
517.0325076,8.550807138,32.2565954,1
72.38653118,54.8618798,16.8517546,2
287.1030223,62.44057812,27.735003600000002,2
424.8695068,55.51115278,34.429238,2
478.8114672,9.640528431,33.8890566,1
114.2055246,79.25394868,22.703943900000002,2
140.010153,42.41190405,31.0020921,2
358.2224386,11.89019015,17.7864516,0
304.5211552,7.268964267,48.4390975,1
594.7794472,16.60992631,47.2324548,1
217.5994305,15.02029179,10.328628199999999,0
278.3263901,5.711234542,20.9365423,0
333.8947845,18.23742658,49.341305000000006,1
167.7666067,16.49456107,11.6994951,0
572.3718979,54.16417787,45.1890871,2
126.1738211,9.527519913,19.8685106,0
416.3046997,44.26547054,10.4448421,2
180.4072175,7.92190704,14.375391100000002,0
94.03986883,17.53229233,32.3591243,0
193.0537502,19.22079923,35.655924,0
194.7107605,8.757244201,26.713768799999997,0
528.3558328,77.07488811,36.7817783,2
513.9658832,11.59344413,23.0657899,1
127.6273229,13.31087575,29.909603299999997,0
270.6143591,48.91357021,33.623318499999996,2
144.7780675,77.11008684,26.691166900000002,2
542.7767555,14.45051866,30.9837755,1
539.2640585,75.98964364,28.7810958,2
127.4194394,52.17895606,23.9280194,2
392.1534629,64.2823961,26.662324599999998,2
176.1317265,70.18425463,39.242540500000004,2
545.8812031,43.68490433,25.155023999999997,2
575.5460808,63.67727537,11.4234057,2
386.6004977,42.07588965,15.0146965,2
238.9389979,19.95273926,44.1428783,1
180.5617811,60.3677299,31.5182591,2
123.1092375,10.42652468,27.2021068,0
437.3384959,60.53635111,11.213324199999999,2
393.0556171,14.33820486,21.7099776,0
81.47931381,5.845727808,11.3070071,0
363.7462937,71.31862651,21.4733715,2
165.4141627,52.21049716,31.4403396,2
90.89335559,62.22764778,23.8316246,2
125.6961144,60.53153442,16.411822,2
443.4974145,13.72137342,20.6931736,1
68.617515,52.58268265,46.2806427,2
99.08408254,66.79103384,10.5372944,2
181.6489753,64.14003183,12.1618014,2
333.1814153,51.44700423,48.9888239,2
187.4588068,71.2012043,22.778842299999997,2
372.9423035,9.852869206,46.7271431,1
94.71326184,14.54559059,12.821918900000002,0
250.4732675,14.94721744,34.1973932,0
446.8720053,7.124170259,24.2433285,1
486.8906548,57.76066522,25.123168200000002,2
425.4793279,44.88086915,24.1402185,2
57.96904112,18.17172795,35.8127368,0
239.9115833,70.35849158,37.4583644,2
70.51009769,47.24610429,32.2225996,2
206.5475397,8.136460469,14.729243799999999,0
390.1798037,49.46080569,27.929557100000004,2
198.9081159,10.33952586,41.5052194,1
368.5149278,17.28660989,27.3141454,0
111.0619637,47.10544906,15.815084099999998,2
127.2025255,8.781048303,29.024178499999998,0
283.6702055,55.86583223,34.6333922,2
469.1181472,11.16050601,26.806087,1
53.78095773,55.26082209,29.6206568,2
425.1709021,16.50850091,42.5625184,1
397.4459114,19.3720718,44.4207548,1
178.0023266,59.87554993,21.0655393,2
192.99518,6.955110854,45.3487935,1
576.0454777,61.95930596,44.7824108,2
422.639198,18.5605248,45.624921,1
359.5565916,58.22596484,29.547118500000003,2
169.4054292,12.77485885,46.281009499999996,1
176.3859538,6.902026987,23.428561000000002,0
333.5207206,18.61194765,19.8633711,0
406.8758406,8.65422188,23.2509978,0
382.0877914,66.57434767,22.2756638,2
344.0860243,8.843823858,32.2900384,0
332.1724677,49.66651241,43.5269091,2
342.5614354,71.06858101,39.1018224,2
29.351323,49.10240652,32.0472301,2
418.1983925,53.17349648,34.7276181,2
114.2082176,7.829483696,12.0487001,0
187.7525879,60.02752137,34.080347700000004,2
416.9118809,68.07035941,13.2551804,2
177.3335523,79.61726793,15.7476665,2
452.9434246,71.36682747,32.2559043,2
173.9657501,17.64418224,17.3649629,0
381.9683878,18.51361595,12.857074399999998,0
530.9898923,40.65471056,22.1662825,2
113.3774772,72.80884791,12.9273252,2
408.3569068,15.30017918,47.4490908,1
532.7572825,50.85845536,34.441577099999996,2
430.9397628,17.16743906,15.519338399999999,1
508.7822678,5.351494331,49.4503158,1
165.2265431,73.47953846,34.907567699999994,2
311.6341416,13.77135213,11.1794265,0
330.7700376,6.698651775,11.404515499999999,0
213.365362,65.79581641,25.6282115,2
45.29416861,8.651639251,16.0054762,0
409.6848467,75.38284826,26.2582239,2
328.1086806,59.70782326,46.4765024,2
239.0888417,52.77267402,26.7973071,2
512.5257655,44.49802693,27.328142500000002,2
381.682825,9.509834608,24.9486282,0
220.110542,64.28128953,20.539659,2
77.24188945,15.80650553,36.001862,0
359.0907655,67.29129618,37.981155799999996,2
404.2215028,9.337897279,28.268616899999998,0
532.5043141,6.311252118,38.1657213,1
283.9676327,54.60205077,27.3043531,2
377.7716694,44.14053076,31.106130599999997,2
202.4877108,7.321790523,46.771363900000004,1
368.9327298,45.99765289,45.992869600000006,2
22.19887825,73.87551631,17.5808568,2
107.0622037,79.43615308,30.887123300000003,2
69.31308359,13.25990689,37.6413729,0
94.49318312,57.35050975,42.945986000000005,2
360.4143593,47.33292169,10.8013738,2
442.6715336,5.791159282,18.7370305,1
354.2268387,73.10008963,18.1340995,2
266.9100366,7.335388966,31.1916953,0
470.5388861,8.176972248,21.1728392,1
414.8399531,66.18483741,10.181787100000001,2
593.8839095,56.78396369,47.067256,2
507.1270718,53.54995183,18.861762300000002,2
303.4096835,60.6486936,31.6211142,2
320.0359915,73.91176892,43.5659371,2
290.3768656,63.14004607,13.952353800000001,2
225.539012,18.43718152,23.711246199999998,0
519.3427989,58.11605202,47.3070825,2
407.1408221,51.87669327,45.7095165,2
348.8458175,14.20768918,37.263318,0
415.7195217,16.58228041,13.456663899999999,0
330.8862295,43.32962992,27.279485799999996,2
456.0157173,57.60598525,43.689242099999994,2
274.7637836,8.046058894,19.6716017,0
398.7443153,8.384968746,17.4385637,0
548.5744253,8.556055868,27.4193642,1
183.7130531,58.64992511,35.3968997,2
536.8122217,77.96962551,48.83745,2
285.0408301,64.12644641,39.161434299999996,2
434.3416799,13.67878023,43.5732058,1
40.66940443,17.25888903,35.3424639,0
403.1416092,14.34431066,46.6525207,1
105.779104,5.792388409,27.5542644,0
598.1771077,18.31726461,39.1999657,1
35.04524285,11.45263863,23.853780699999998,0
121.5934872,79.15863066,25.6844489,2
108.0960798,60.44695395,39.6375494,2
476.520407,75.23060046,30.3336038,2
207.6532343,6.364031749,22.9425056,0
485.9444461,42.30801878,18.3078526,2
372.0924678,13.862068,48.6622009,1
532.5581506,18.2037766,28.5763489,1
312.1996161,17.21313151,18.4374762,0
43.36858126,7.526608267,23.835385000000002,0
34.36573851,66.78796179,47.397556699999996,2
133.6000007,42.87551566,36.987872700000004,2
520.3150067,79.43070423,19.8398591,2
233.5500969,15.80685112,35.7640818,0
448.3705529,50.15515358,20.9669581,2
0.316706211,77.07213466,49.710132099999996,2
110.4742771,73.09565625,14.764468,2
534.4995099,14.05704618,11.715015099999999,1
586.572254,78.05059196,25.6430249,2
276.6690979,8.430061271,19.237412000000003,0
280.1705148,52.35590409,44.6476067,2
458.3294718,9.931189825,40.2607899,1
213.7089235,9.228775334,29.8168652,0
130.7669405,71.28225875,41.457547,2
507.9762647,16.44198579,16.4142835,1
264.5430322,5.775285199,27.2143006,0
506.6373677,64.6591648,14.2759085,2
266.3182167,9.041591695,34.6703182,0
230.6793261,60.77948127,44.2353777,2
241.4273629,13.06310215,19.6346499,0
104.6963147,74.82382535,32.0646639,2
450.2581061,14.91897959,22.7211592,1
560.1900671,14.17242279,29.4567787,1
54.66292763,12.06143589,44.6097613,1
0.010041755,12.42242685,11.7286273,0
461.8702473,16.2458862,21.899384899999998,1
499.6588068,62.10927482,27.722162299999997,2
414.8414217,51.3879718,17.6403583,2
367.2593914,19.07271759,27.7862479,0
573.2528776,50.78025834,46.2326281,2
289.9287131,6.493695703,46.0379119,1
38.49086842,11.87379972,17.2602914,0
229.512504,13.6995173,22.926758,0
402.0745448,9.420520548,35.5405864,0
99.71523327,9.064448118,19.1899889,0
329.2477671,74.69557088,26.834954300000003,2
80.49096873,53.16884244,48.9093875,2
72.83414822,63.18675652,10.5691982,2
594.431246,6.271492316,28.7795429,1
466.4357512,10.35473644,20.0614678,1
292.4666046,17.6215964,16.7540349,0
302.9681958,11.26976128,14.3268589,0
392.6583668,17.20743697,41.1345792,1
323.1692363,18.34531119,44.8234657,1
411.1136734,64.95776867,30.899320200000002,2
84.03662443,16.16552306,34.7141372,0
574.3885492,7.02557205,13.2378292,1
451.6486796,71.84342785,18.8928943,2
62.99479131,9.86657343,29.5882033,0
2.094063511,12.97899466,27.4242908,0
131.1596269,44.35295608,44.3377384,2
119.7164198,5.784030013,16.9677864,0
333.9290772,9.940302864,21.4055963,0
293.8007938,6.422737899,24.1406813,0
15.0639837,10.13592685,41.5992954,1
240.6166,65.3556556,21.9309291,2
182.9599165,10.0538287,41.2164842,1
367.2806747,71.75802748,21.3852889,2
97.86203365,17.54118351,14.9452738,0
543.1230791,6.402801854,33.059436,1
579.654075,18.04300508,42.3660473,1
55.74202542,57.53829122,17.1188877,2
231.555341,78.57411587,26.5237968,2
148.0063861,60.72017809,33.577772700000004,2
236.4828025,17.33971891,17.5124973,0
255.5278446,9.116189475,35.4436664,0
121.4403236,41.21997559,11.4114532,2
371.2960768,7.820616389,22.284764000000003,0
306.9481558,53.02008661,46.412859499999996,2
509.7204919,66.4023269,13.9556584,2
234.7588065,12.75104067,36.448264699999996,0
449.8022155,67.11631759,42.9694055,2
356.6893493,8.582677406,15.5637576,0
460.5733211,9.158876245,47.4840593,1
309.9587227,77.12210096,30.4466352,2
478.6789718,76.7952409,17.697796099999998,2
138.2124359,11.23441673,38.5254776,1
335.3777707,50.68129351,19.672399900000002,2
419.4471777,10.85564669,22.6995034,1
509.5366286,50.30950895,27.495331899999996,2
385.2419998,60.48914101,30.3651924,2
107.5677058,77.96165906,20.6904623,2
17.76838049,13.48336225,15.9160877,0
589.9197857,44.09754759,27.9598599,2
551.7038245,5.589379177,28.1700263,1
391.6482867,12.92984906,46.4525749,1
300.0152115,9.283694244,11.8498912,0
148.5891934,44.89185065,48.5530621,2
451.0293021,7.63508447,35.7937603,1
441.9467393,18.55972545,35.8749663,1
391.931012,43.00249255,28.1312611,2
536.0517364,16.94586084,19.2225352,1
79.81849431,15.32176489,13.0980606,0
286.2965717,19.36752957,45.1439889,1
340.2012172,59.96719026,48.491472,2
477.7658036,72.04554833,46.8350709,2
49.04695411,64.15293489,43.2462438,2
561.9572531,15.43031376,36.092962299999996,1
2.162795494,61.69800636,28.2447794,2
212.2382385,10.7878917,49.872949999999996,1
25.29313221,69.34105564,26.178412899999998,2
587.8704678,60.00899124,24.2825966,2
269.9450814,9.423967037,49.8856799,1
505.2676632,9.913494409,36.8794884,1
145.3023842,45.03205168,10.4230223,2
137.9428534,57.19428916,41.5203568,2
406.0578552,17.77831974,20.2264493,0
118.8588295,16.53146271,26.172919999999998,0
321.2179691,71.85420907,43.031923500000005,2
86.99360911,67.11404737,45.0795285,2
324.4458283,50.7745911,11.4422042,2
479.9044287,13.57743157,16.5371266,1
209.3342832,19.50992167,21.531442600000002,0
476.7890692,77.33759957,42.7418605,2
135.2965328,79.76409133,42.305969399999995,2
153.1977746,16.05841516,33.34165,0
62.84742536,74.03197513,34.9646401,2
276.6200183,57.97767193,23.516383299999998,2
322.3677575,48.89526321,48.0840271,2
306.3520836,17.69826164,37.585451600000006,0
288.9237319,6.056910165,21.7591181,0
318.2141427,75.21832933,27.8571478,2
183.8460302,64.83216341,37.5496598,2
393.7619698,49.68578799,36.153962699999994,2
554.5426995,18.72647682,35.657830499999996,1
306.2718106,70.80748604,34.1577297,2
203.8509772,79.3250564,40.073100499999995,2
171.8450562,17.0273885,37.249985800000005,0
95.14800898,69.37092536,42.0325526,2
309.0411106,51.21619199,45.867368400000004,2
400.395698,15.84258806,34.595779300000004,0
256.259899,15.07052013,23.4831441,0
524.3190507,13.31254582,41.4288865,1
398.9067277,40.98452022,29.1184521,2
597.5791823,10.6090807,13.763355999999998,1
560.5618191,14.84219138,39.886898599999995,1
384.3170888,58.38129092,19.321227699999998,2
566.5591018,40.96449438,27.677180800000002,2
159.899338,10.80834712,47.930886,1
415.8411014,46.4732827,11.170145300000001,2
149.7653711,7.532889341,20.226621,0
196.9336227,12.98456546,48.347869100000004,1
321.4421295,59.28307293,14.2973446,2
147.4015971,16.56864611,17.204152999999998,0
372.5167118,5.534182254,44.959972799999996,1
147.6105107,7.504252686,44.797185999999996,1
377.1569565,50.04902077,42.9100922,2
403.055807,15.8736912,23.2891339,0
133.5223963,18.92833299,26.099265,0
436.0867546,18.40959586,34.8722965,1
85.73080685,60.00285003,31.502688699999997,2
411.0014474,6.179400665,45.437924200000005,1
19.40547079,58.96966047,36.713457999999996,2
16.89265546,9.238112955,27.4193507,0
554.1865388,73.90530794,35.228804600000004,2
14.82836252,71.17693457,32.7475685,2
523.9891373,7.132720646,17.1957001,1
238.5100062,12.26276747,25.5878054,0
430.3950839,60.93655308,30.2261345,2
436.8181507,72.55613889,39.1874492,2
574.2689858,52.41731968,26.5872057,2
76.23193397,56.33173575,26.434784999999998,2
381.8901223,15.388592,18.2164894,0
29.67191061,12.29724149,35.7040563,0
259.3244143,59.96734098,13.8660057,2
322.7075578,17.64717298,23.763783999999998,0
468.2600739,65.43601678,23.684249299999998,2
45.18429076,19.32762741,23.9749892,0
241.5246572,46.58739759,43.931403200000005,2
3.782967792,18.59979945,26.7567444,0
371.0446601,60.6038773,34.4905844,2
519.096764,9.227375049,42.2245655,1
587.0644984,13.29222314,30.577700000000004,1
154.3416053,11.29002021,48.557969,1
287.5172725,11.36558039,14.076454,0
401.1558798,42.09441497,17.322166,2
164.8043565,12.63438561,10.916914199999999,0
452.5711519,55.14092174,14.059128900000001,2
559.8553724,69.98896809,30.699249299999998,2
233.8757511,5.300175854,44.2845556,1
199.6214623,19.60613873,45.8693641,1
462.3057733,10.07551799,16.4787689,1
186.492309,58.9409586,47.9145707,2
307.4323411,65.79100936,49.1835282,2
591.1354006,11.72128231,49.5135832,1
380.2771188,71.73472139,10.9799972,2
360.2151765,59.10454279,32.1546203,2
89.42653816,66.44484031,38.4760151,2
76.23033852,60.13285037,34.9674557,2
529.8914321,17.18475999,45.290103599999995,1
456.5362633,12.98540352,37.432323000000004,1
354.1105922,74.19244625,38.918522700000004,2
138.4621359,11.54321626,11.5913181,0
590.7167702,15.99085123,43.6410283,1
276.5845387,18.08159096,14.1574551,0
176.408452,69.63973006,47.7491331,2
65.14433543,13.86130582,31.396658,0
532.721875,69.42213289,26.9411754,2
491.3783687,48.58481099,48.6420684,2
416.9764469,55.54077762,47.6801735,2
141.0756256,10.98560678,40.8606268,1
111.376316,7.031282747,40.2938593,1
157.5029215,7.502728673,18.2262556,0
27.13517585,15.59963783,22.3605602,0
120.7274354,73.03878779,37.2498141,2
438.7007168,72.11510152,42.8197658,2
44.82129654,9.556025693,32.2821123,0
3.28453199,75.72059734,44.574843400000006,2
571.4690749,17.94012744,47.2150984,1
476.5990943,14.87461159,47.3805875,1
4.534704836,41.20090581,29.997047799999997,2
475.599711,53.57034351,44.2584975,2
303.4464305,8.9250705,37.9587326,1
138.3574447,8.020986542,47.3133832,1
390.163462,10.85099099,44.5154076,1
399.1439695,67.75953137,11.3693081,2
87.74780151,14.95556718,39.743511999999996,1
312.6289577,6.403391104,35.651592799999996,0
346.6752367,78.08097109,34.9950384,2
443.1740899,52.49589135,21.38136,2
568.5489614,18.58373206,27.4931704,1
351.962204,78.59495783,15.868986500000002,2
377.7302198,18.78557416,29.335322800000004,0
335.9374865,7.184429701,38.9368992,1
116.3955822,19.23668685,33.9576896,0
406.2802667,40.00779449,35.2631107,2
66.74508645,19.64734492,43.511746699999996,1
548.7629156,19.15683334,17.7467984,1
566.7414449,69.41937623,26.690482399999997,2
161.5160523,18.27522987,31.6507881,0
229.6262567,12.26259548,15.7635621,0
406.6500978,5.492382482,46.2266458,1
521.8871814,15.75772171,43.0031635,1
163.3378053,13.47428911,22.37774,0
441.3230977,43.75671832,45.798203300000004,2
123.9786176,74.30234825,10.1913244,2
470.3212165,13.5028765,16.3868966,1
409.5302957,61.51965682,27.121115800000002,2
279.4799871,5.878049001,12.4154418,0
315.765721,9.16836689,43.0466071,1
597.8518057,8.322403233,21.6528985,1
591.5811936,14.87425675,47.9184516,1
515.4001698,12.77023023,26.0172189,1
191.7848284,55.6118753,16.1964008,2
51.64264572,64.74311663,34.5424741,2
334.8208822,49.737237,23.0778761,2
363.3390636,7.396241904,31.1538306,0
181.8818419,5.829985807,30.446920900000002,0
209.2494181,53.983386,49.9147344,2
52.00742529,50.87763211,49.0922387,2
480.4242758,12.44113218,15.740963299999999,1
150.9826463,14.80484715,30.4661223,0
102.3443457,41.88914559,44.8352543,2
472.4585812,42.53685298,49.9373228,2
457.0112511,51.66487557,36.265963899999996,2
302.8503188,68.60993704,24.6491138,2
392.3554871,5.704466336,20.876530300000002,0
2.105102803,8.547123684,28.577351699999998,0
67.54009945,65.66577988,12.703516100000002,2
466.5371557,59.09456098,17.117486500000002,2
362.4769324,17.35702625,29.7445505,0
245.0980495,11.06980612,21.1201124,0
513.5772201,15.15955939,30.7422909,1
185.1282583,17.7355177,36.1722806,0
412.0236558,67.25761062,22.9868207,2
27.96945891,67.26216293,30.6854599,2
45.01701452,52.07131887,21.936791,2
26.77264493,16.43261881,23.560565999999998,0
254.8923798,13.06240631,20.8463751,0
90.42881892,64.0739052,40.422074099999996,2
369.1803126,7.840413137,17.9578117,0
190.6957706,5.039482334,13.8007664,0
105.3736599,11.52017222,44.9356089,1
89.53588893,67.94113428,32.8546147,2
1.118031202,70.98827472,17.283793,2
442.7068263,13.40173975,38.659763000000005,1
225.7258574,11.91009187,45.2030634,1
200.1429969,11.2001369,15.0540748,0
393.1682251,40.94161137,46.4505439,2
105.1860088,17.46868708,42.3436441,1
207.3643804,12.21688538,20.4205096,0
547.9094056,78.73659451,19.2074049,2
393.2574571,63.50502714,42.0495648,2
125.4105569,54.71689188,25.2985669,2
108.2969593,6.452280965,21.6272584,0
151.6416042,9.936106692,16.578267999999998,0
482.4004444,60.65416651,23.1397565,2
408.4753962,12.80485439,11.3630887,0
471.7639879,16.84796932,37.5492,1
196.8191903,63.59084183,12.4580582,2
222.9343643,45.17185485,38.864227299999996,2
305.7731034,11.85535928,38.25153,1
242.0771819,5.106447987,26.7280639,0
565.1188143,5.079862859,20.977675700000002,1
21.57440138,56.7631412,35.9116712,2
117.3777892,64.12083393,41.9890954,2
182.0865851,5.960652858,30.2219544,0
455.9634894,7.880243765,24.750250400000002,1
516.4219037,69.19546658,39.5596452,2
251.0023476,71.74107807,49.498457099999996,2
446.6658937,12.37892036,28.1940733,1
35.04682847,48.62593207,30.496362700000002,2
187.3984543,43.06323725,35.7685017,2
508.321308,13.36818775,25.7737571,1
423.322306,48.53704536,20.9847362,2
285.1376095,68.59109462,17.1967375,2
195.4957454,5.635017388,26.9236925,0
98.98612739,52.7405615,18.2935903,2
481.7839807,16.76280769,37.140412,1
593.9663546,16.58746769,18.8036244,1
383.1460921,5.838895252,25.1162895,0
343.5528303,61.041745,26.1736817,2
77.3407507,79.05882691,29.7104001,2
226.2109138,17.75870296,14.5445482,0
23.12300004,7.211808761,32.4784632,0
324.8861112,46.4502539,16.2073624,2
94.63403324,71.95378349,11.433768299999999,2
266.104034,10.72937029,21.8051225,0
154.9287663,74.60575926,36.023129,2
232.0525202,62.3485181,20.209492700000002,2
277.5605763,71.82870406,47.9542823,2
520.5993658,66.36528815,46.575725299999995,2
109.1012832,13.22601405,10.4195243,0
283.9833514,63.93917151,37.1925593,2
391.0160229,7.142214567,14.356865999999998,0
599.0080688,45.51173499,12.368662599999999,2
42.0317638,8.60227394,35.0079287,0
297.5117265,18.84949262,20.532634599999998,0
594.6399964,45.6902898,46.6544876,2
12.67290528,12.71856674,35.8363783,0
286.6208969,72.18446804,23.9892469,2
350.3777408,46.67945412,18.1788686,2
272.7404383,70.04047649,38.634854000000004,2
578.5297252,59.35172932,15.84207,2
406.4087576,14.43357717,20.5386633,0
145.8216842,67.1398879,15.9455786,2
70.98684763,6.50795538,17.0672312,0
456.2318127,7.164680655,39.2557233,1
195.4961846,65.1014596,42.124276,2
266.7380914,15.4710582,14.2905417,0
599.9343388,6.470668072,25.327332400000003,1
23.70433167,11.44746886,22.4047061,0
303.5888149,14.98676602,49.0577426,1
113.0898927,5.240422347,25.2021675,0
516.9151527,56.16655286,20.650833,2
233.5221562,41.74088354,34.6148259,2
498.6234071,66.63291056,46.1493223,2
54.33366727,45.05103551,19.8697329,2
558.2358418,10.83899595,33.5822096,1
42.86322885,52.79028488,20.3081246,2
407.9178448,15.01026745,18.7349098,0
63.60861355,7.56016153,34.8633153,0
303.0924569,5.819154548,25.541201,0
319.5667152,69.65734878,29.586067399999997,2
305.3957698,56.52538085,23.1271011,2
56.90387003,45.42466474,47.3598429,2
532.0974196,67.03083409,25.991376700000004,2
433.9075567,5.370459465,18.1994489,1
138.0593123,18.94882645,22.640403,0
1.448252641,44.81643639,28.4675621,2
535.8212043,58.56556809,21.4223395,2
8.568698758,40.21385316,39.0380575,2
208.7115336,19.56829868,42.650861400000004,1
217.8484267,52.01882378,43.256325600000004,2
294.7748535,19.48755003,36.265257299999995,0
174.0755249,67.47553247,28.453993999999998,2
459.4566145,41.12659976,12.829476300000001,2
592.2527904,53.69130851,10.146477800000001,2
460.6702855,49.02320989,22.719393800000002,2
327.3245713,63.2990027,33.5391297,2
20.1979225,76.79058535,24.4455746,2
316.2762958,57.92277612,32.0220995,2
370.2744944,40.92906854,28.117289,2
282.3211161,11.58007545,45.0769807,1
279.3863605,61.4207768,38.242614,2
548.9491451,76.39483496,18.3197002,2
34.93432684,6.599354284,46.490321699999996,1
46.97457068,52.86606953,28.927051199999998,2
310.2082783,5.501569783,10.094343499999999,0
428.2723956,14.34111915,11.736972699999999,1
481.9847984,76.05672946,48.3152196,2
321.1009824,63.8207764,29.916769199999997,2
352.7009416,5.604952416,11.0922922,0
168.4817331,73.15166821,49.5916105,2
210.0185205,11.17621501,16.0730759,0
26.07929153,51.83006789,33.020138599999996,2
401.1567081,78.30157756,38.786228,2
164.933689,44.93256049,34.7281597,2
497.3946644,58.70414058,10.2824706,2
70.89109151,47.09747137,14.960263900000001,2
500.4905815,74.08991888,15.9881828,2
384.6881814,8.694061012,49.8506964,1
307.9203627,11.93685226,12.3010327,0
80.06611765,10.92580007,21.6294484,0
270.1557004,17.7262659,18.4975406,0
169.6268218,53.98207153,23.924038,2
46.33214417,19.95485754,23.1570343,0
556.9276107,7.557955841,21.906093600000002,1
453.1693935,60.34076126,32.918770800000004,2
383.5680612,5.422870107,24.5604354,0
193.7241301,19.49886155,21.0870528,0
279.7715334,61.25219208,28.3181713,2
544.7062632,49.10446753,26.981622100000003,2
424.1645964,44.43566093,29.433222999999998,2
573.2269162,73.07681463,11.585301900000001,2
17.64304631,78.04894983,42.5362503,2
186.2344953,11.76479754,46.418924499999996,1
259.2466915,9.27808704,10.2625229,0
530.2548395,17.91594405,46.396920800000004,1
176.5830905,48.71194244,34.697371100000005,2
83.31117507,12.15664727,47.333458099999994,1
243.8788959,79.75392251,10.6177105,2
297.4180185,53.24298955,29.8463405,2
457.6376558,6.730997874,36.5199641,1
417.658343,66.13890092,28.275981500000004,2
135.8821944,69.13685192,28.389714100000003,2
492.7682323,19.00182658,48.103324400000005,1
76.50740141,51.6455427,34.402021500000004,2
379.8180122,11.80769846,37.409563,0
416.126875,55.23343521,16.833340999999997,2
519.197993,48.21017371,46.710248,2
141.1459751,72.30438796,23.334141,2
72.79120025,8.445744255,47.361690499999995,1
437.5788241,52.93168403,41.0171236,2
95.15501574,56.71952097,30.4024505,2
286.2511771,70.9666754,28.569617800000003,2
136.4210602,69.00372444,30.3629241,2
116.9503366,40.69659616,39.5192076,2
158.9985031,70.2751901,46.4792034,2
481.4736625,7.167728359,15.3557555,1
197.669924,16.63797598,34.1146912,0
441.5839206,7.521771464,36.745361700000004,1
394.3449361,73.51600203,12.5797501,2
414.615292,14.95235518,49.7998823,1
529.511661,68.12288088,30.943859099999997,2
11.48897472,60.28840416,25.4996149,2
84.04872474,7.792475536,27.6649947,0
544.4472124,67.21090476,48.6943097,2
542.9589648,41.24692329,22.011799200000002,2
478.2167913,76.47521856,40.4155736,2
561.8590577,16.13953985,36.145686500000004,1
182.317846,54.43138566,10.246319,2
582.4817931,51.01482896,10.4330064,2
506.2640736,56.39359473,26.2890801,2
439.1451666,50.8782846,22.9543435,2
397.4995568,5.011842666,28.4245655,0
521.2293418,18.80057246,22.1153083,1
477.6744328,14.34758637,46.9013432,1
349.6433588,12.68254934,15.4395737,0
209.2867342,13.23716023,10.5611879,0
27.68175527,64.08792319,47.5170089,2
161.9110442,63.05482439,28.024299400000004,2
332.6364172,8.972993867,29.729291699999997,0
580.2711051,6.584755182,30.767929700000003,1
516.3583064,8.322515763,20.6297501,1
487.8332555,75.54564126,28.8090006,2
228.6387232,78.33402252,46.1925671,2
5.97054543,13.67108153,33.5003787,0
207.8883659,15.8663351,22.8359603,0
528.8176484,8.783347013,35.2541807,1
501.711725,7.646178656,24.2207911,1
291.2366759,18.40301875,44.6083842,1
265.8337722,11.41312783,10.581569,0
245.5394131,45.36933322,44.8594061,2
275.2446583,66.99478424,41.0623828,2
278.5108356,17.32702189,21.7352649,0
540.6717197,8.218472301,23.9269449,1
216.1679954,19.83687979,16.4190102,0
347.6523434,9.65051036,11.4781251,0
223.9629899,14.15544512,20.8278225,0
246.8120504,77.40586825,34.308946299999995,2
529.6288147,18.14840736,48.3415978,1
346.9294088,6.999263871,41.1403161,1
255.3497124,76.13607421,22.8683141,2
78.88843763,67.51968075,43.913592200000004,2
82.56550324,8.784841164,22.2517705,0
398.4724307,45.75939925,49.9546163,2
31.61449533,16.07226132,12.5715985,0
409.3074355,5.71672047,34.1560479,0
565.6144959,19.83919918,13.495586300000001,1
584.034732,66.67379038,36.0402571,2
450.173113,12.51679551,48.7361005,1
252.8520577,12.46474332,28.7717746,0
413.3955237,10.44698885,10.4986608,0
261.4028652,58.02588124,45.9000133,2
570.9753963,58.2810942,34.3818227,2
592.1424035,61.6532031,25.741600599999998,2
116.3079741,54.17009214,23.8640352,2
559.1718736,62.79588157,36.0042999,2
141.8618072,48.33369457,11.1948906,2
153.017282,10.51487069,26.036523099999997,0
433.5490985,10.65215942,47.2860031,1
584.8101498,9.282876076,47.4283999,1
126.1371111,15.14139551,43.5788541,1
305.0047969,51.05726447,30.8313208,2
518.825373,43.71449337,34.209571700000005,2
35.31996454,65.30197778,35.4019929,2
11.8864181,5.14308431,25.9319764,0
168.973181,66.54823279,45.9930185,2
390.1493058,12.89892414,13.7924563,0
117.7493034,18.34754591,25.3244853,0
513.6105941,12.07439548,12.793891299999999,1
429.1828807,49.74946648,39.5546449,2
513.2562484,11.73685121,46.1240157,1
498.6148415,8.856441341,19.9421577,1
245.2597718,14.42520676,35.0302665,0
218.627466,7.404635593,35.0571361,0
358.644047,8.307057215,33.2174892,0
7.063087654,58.99675949,32.4511501,2
582.741004,50.40369738,29.492109100000004,2
148.2247252,64.99095668,23.449556599999998,2
21.25403391,6.762138483,43.9877433,1
44.19959919,44.47137196,44.6933438,2
310.220309,77.41377235,45.5045114,2
176.5997787,15.07267711,40.496080400000004,1
496.87062,18.67012724,14.5021269,1
250.3076461,69.60691361,29.2913643,2
301.4411484,17.40301771,46.0430544,1
553.8181439,5.990829617,30.4115162,1
353.5222439,51.89591093,35.047368299999995,2
267.5446412,11.5410572,23.936153299999997,0
221.1769691,62.09641787,16.5948806,2
565.5487633,14.155908,48.3509424,1
58.38709631,57.06903119,21.483237,2
398.5146485,45.18338148,41.9376667,2
193.7345457,17.94156166,13.163723899999999,0
157.0892331,78.32736624,24.671608,2
194.6462976,55.95061547,36.1759107,2
273.4321122,13.20373271,47.5075001,1
242.7069473,14.11644153,12.1044637,0
178.0806469,42.69658509,27.0854156,2
253.0279212,64.07148658,17.9011986,2
25.49539375,16.67557857,15.1692957,0
142.5608994,40.05801266,47.2904031,2
137.7050049,72.5419525,17.1407551,2
516.1112661,49.31987952,32.1554054,2
500.670324,51.21910207,32.790205,2
559.8608924,76.50953894,41.1586564,2
372.3920347,55.37974326,28.3714929,2
428.5089551,13.95968567,49.5465045,1
376.7094106,60.83508183,29.9440742,2
125.3498501,12.8757401,12.9591957,0
330.7183471,7.032753103,40.1785558,1
295.8487487,10.43874819,47.6005489,1
119.4785521,59.22738145,45.418846200000004,2
154.0504204,73.31133257,10.7704172,2
473.9316312,13.86643071,40.5732583,1
335.3357407,61.42660432,16.5949648,2
84.79720298,56.83299811,39.8233687,2
383.1326106,73.40998816,18.276642300000002,2
364.8710096,11.35158207,35.8030602,0
187.2230108,60.58394895,30.3867125,2
533.8226711,14.59079632,12.2999078,1
348.5040003,58.03534786,25.416165200000002,2
25.12580976,60.54980578,47.305215000000004,2
358.9109488,10.09490931,26.9080759,0
175.7977081,16.29969398,24.701399199999997,0
134.9108419,49.22140488,13.558493799999999,2
455.1217077,63.75927156,12.6204207,2
418.3611059,60.55398974,34.5345248,2
327.1752585,5.527388754,46.21356,1
423.2182025,55.52609152,24.3119426,2
89.29914692,51.4151407,40.5142472,2
570.0725543,50.92654762,34.032901100000004,2
497.8231611,63.10443618,21.6314024,2
18.35467671,13.40362196,42.9104331,1
572.6517128,52.30011098,36.2416531,2
314.2247063,67.71342937,40.0976195,2
403.2605188,54.1450998,42.680560899999996,2
493.7610369,16.30499207,12.9595429,1
504.1404404,19.43547975,31.015092100000004,1
13.74117506,79.67114287,17.7011373,2
374.7957563,5.00602316,43.5652227,1
549.7329588,77.39330297,35.8630975,2
138.7541138,46.22044971,27.6694073,2
230.9033762,68.64647538,39.9592305,2
119.8061739,46.47142938,36.8890921,2
391.3180454,9.088366232,42.782198799999996,1
564.6786651,11.32661363,22.6343498,1
300.1665679,77.80929299,10.4827909,2
320.4024213,65.78893959,28.502212999999998,2
329.0978068,51.02223261,16.5096025,2
409.3385924,42.1370451,37.3343041,2
227.4512974,17.02125216,26.752534700000002,0
560.3745889,11.08467889,21.9044667,1
44.41702582,9.893307605,27.2779539,0
65.53265303,10.4995655,36.0677328,0
64.74014469,6.221708193,42.291956400000004,1
395.2552846,43.84798775,37.4338991,2
314.3756579,5.673215247,26.680464599999997,0
391.5653028,49.25814049,19.9878723,2
462.6099029,74.13693078,48.7070669,2
89.36823813,69.79219012,38.1530393,2
165.5098722,18.71876653,24.108681100000002,0
255.0523763,49.97663526,22.6722689,2
53.1905043,15.81581991,11.1322075,0
74.85591362,19.83313568,22.198995699999998,0
580.0917324,41.05159396,47.7125413,2
507.6672306,6.281045452,29.1595059,1
282.7369004,8.891737566,43.9219063,1
465.0741836,59.46530728,36.507359900000004,2
195.7182713,17.13199167,48.608023700000004,1
510.6450026,15.31197206,46.3207688,1
492.3658549,79.24219354,25.832203999999997,2
352.2829257,74.37989004,18.031864,2
483.1803052,52.06081616,39.5903042,2
313.6210225,7.398698675,25.2415055,0
6.012470034,13.99045328,37.3910723,0
485.8962002,19.23921758,42.9377477,1
309.2680843,14.0760688,13.460434600000001,0
426.2393791,65.84998007,48.2753898,2
583.0354691,9.367946825,47.5459334,1
433.069329,18.75647758,16.6813257,1
141.5018998,52.52867773,41.9902648,2
570.5908921,5.762809533,46.1220819,1
21.3945863,13.53809695,40.071233,1
517.7350936,43.15258557,41.2142729,2
384.0421993,66.41877849,25.421130199999997,2
456.9972698,8.063847019,30.7468621,1
201.0257998,5.521987998,17.6223226,0
453.3715621,9.545986418,38.6666711,1
196.4559034,55.94636368,13.6106993,2
387.4496162,17.49168607,28.0485545,0
463.9807253,67.14020907,29.543173700000004,2
476.5608876,75.2997251,13.126955200000001,2
413.7609715,72.61367305,33.047495500000004,2
415.4565082,55.49374959,12.4085223,2
273.3350935,16.72669739,48.646284099999995,1
18.89583209,47.08604878,31.2729763,2
549.862886,6.13118264,35.9160898,1
585.5460962,12.24521169,36.1118084,1
423.229833,5.979151363,17.145109,1
463.5730148,72.2470672,49.0732595,2
381.5393493,12.84737225,14.200791500000001,0
507.5010304,72.52579164,34.2184696,2
449.0045488,79.09713476,20.793598,2
93.14431732,63.08274863,13.063991,2
165.3979254,44.8831871,29.493567399999996,2
381.5076289,44.01410856,19.1551548,2
418.3173087,8.155581223,38.0661927,1
183.2602751,11.90873826,30.7767699,0
382.3538562,18.08591845,23.7838383,0
434.7762551,5.929197779,43.3459823,1
142.6834443,6.650265817,48.6500295,1
187.5326503,40.53504958,46.6961455,2
51.85542036,13.16796939,14.8727836,0
54.91799525,17.79927198,29.5648198,0
92.83684509,56.42397687,30.379027100000002,2
374.9193004,74.90921936,45.680042300000004,2
166.7636761,19.10269752,19.1913242,0
153.493854,6.947855201,45.980011999999995,1
558.9478618,17.0752654,17.610794499999997,1
302.5192191,5.111947106,25.143379300000003,0
47.5190861,11.59261671,10.4976294,0
253.8507969,47.52053063,35.8448535,2
300.164684,55.28583868,22.1518419,2
269.1666804,51.25342963,45.3658047,2
181.8098741,6.060449123,13.418935200000002,0
325.3956163,6.421527066,42.8544385,1
293.5786689,15.80559819,24.312773,0
63.85273426,71.58202406,43.4891033,2
12.71045653,42.25657491,17.23323,2
501.5983451,74.15308831,10.629121399999999,2
38.03295088,47.30394998,30.1376792,2
415.5025817,62.5166768,18.2959228,2
350.6458062,5.457448218,37.6421255,0
64.62035266,53.40991604,29.3037881,2
69.46262088,18.44385075,29.9071633,0
301.1634123,11.18026608,44.5513496,1
125.3188749,54.33382035,10.6492502,2
591.9134372,60.89455791,46.680958,2
418.6192172,78.27475039,12.266742599999999,2
323.3155067,72.95306047,42.8229574,2
483.6320074,18.47958392,25.0168483,1
468.9746659,58.16421293,31.6163115,2
271.8949248,10.03335803,21.7158822,0
99.91521226,50.34862409,31.887196099999997,2
377.8808473,14.99610957,36.4980386,0
346.5851,6.296862607,28.7944281,0
173.9608876,18.93531329,29.834523400000002,0
133.7009695,14.65861936,21.5768244,0
297.1141348,48.2870771,19.2692513,2
200.1071068,71.16826961,40.706003,2
387.8568691,76.83448368,47.363536,2
0.316251028,70.25698145,49.5685552,2
391.6073691,40.79502383,30.2864,2
124.0695718,44.01854435,26.4281652,2
400.9276843,40.29091926,35.0205539,2
42.61312617,45.23376416,26.0941296,2
366.7222346,73.63379757,28.2822707,2
488.806158,46.72070953,49.7883234,2
209.5323329,72.95423202,35.8025628,2
490.7961377,64.34368346,21.022373599999998,2
382.8807556,53.16437124,17.913448000000002,2
459.4442545,7.718270654,19.7456394,1
180.8998655,11.13049343,26.5134361,0
0.389321746,16.0781908,12.447233500000001,0
534.2831164,19.3433176,46.2907156,1
78.11620938,70.79264638,35.5330253,2
552.3936811,63.27513392,26.6778045,2
288.8341982,65.82558879,35.5507811,2
173.2824217,15.30924507,20.427974300000002,0
523.683716,47.03362822,15.174835,2
372.6333327,54.62371372,29.603995599999998,2
302.1349643,7.054499518,37.0662619,0
555.4971728,78.26106998,20.699673699999998,2
5.16109106,19.13278182,26.5585283,0
306.3527185,59.65053024,28.6275293,2
519.6974946,48.883028,14.2615567,2
300.8494004,8.975523772,30.355756099999997,0
548.7711536,13.07544653,20.48153,1
499.4642369,5.372258172,24.902434200000002,1
103.8840595,64.66702412,14.6743971,2
488.5095879,15.29136731,28.0415831,1
361.1115195,75.20960183,45.458144700000005,2
212.0087155,16.43541821,44.607409,1
183.0902266,47.42924267,29.561252999999997,2
333.4096107,18.13575555,35.032123399999996,0
98.48483617,9.735027217,28.2053065,0
418.3668563,7.043758476,23.459566900000002,0
23.85682536,66.30948316,47.781951299999996,2
251.3876134,6.817331919,40.6560152,1
247.5066192,48.30058501,26.3489837,2
129.6059602,42.61046948,31.5540556,2
182.9497186,9.08700776,23.2774796,0
56.9583178,68.20029896,47.0969635,2
67.13360579,71.68085573,25.562015100000004,2
486.5480739,71.58008704,28.2464887,2
1.022296825,18.51766435,33.4014243,0
554.2037952,15.92922735,35.7613605,1
366.3196444,61.70284197,17.6427311,2
262.0872696,17.35616693,41.886995399999996,1
379.1845615,75.42908833,18.1753699,2
77.99801138,7.113029059,22.9864961,0
203.5280091,11.51073303,17.887551600000002,0
598.6820531,52.35367342,24.655539700000002,2
166.3531761,12.5382141,40.688350899999996,1
30.48906541,7.88739726,28.0763689,0
179.5364701,74.08939266,11.9570928,2
256.3408395,14.39082063,21.1162997,0
585.2459448,61.53346052,24.573309400000003,2
369.2885593,19.56357067,19.2607593,0
34.54529341,19.20960349,44.366504400000004,1
275.7881171,49.14476386,48.301541799999995,2
29.4176917,41.33562283,30.0956473,2
515.9665824,12.57542069,48.3236541,1
193.2416166,18.97316611,11.0618719,0
320.2415846,43.40914642,31.8223184,2
269.0450997,50.26691306,20.5669456,2
378.0443578,9.982587831,12.226898499999999,0
258.8573394,11.15784177,32.0430314,0
299.2271086,74.90273845,25.909419900000003,2
553.9795096,57.5905678,11.7349533,2
539.1304186,8.708091106,35.3509782,1
401.4636358,48.96209648,32.0721627,2
596.5126598,6.619436722,34.1852745,1
332.4000861,10.72970068,21.782893,0
13.60279913,11.96408554,42.6594536,1
279.0419242,42.82088215,15.136974,2
65.49224596,77.97197148,34.6606536,2
482.3573421,52.44952187,13.7566188,2
538.2544565,77.9287779,13.794556199999999,2
371.1381735,15.72053475,27.2204387,0
406.1658775,59.91035756,46.715983900000005,2
519.7058409,7.709823531,42.1200048,1
354.3519636,78.36954339,47.9339202,2
116.026907,63.98039318,33.9797492,2
538.6916951,10.30209788,34.625568699999995,1
491.9486103,8.972244827,48.8666573,1
422.873959,40.13266818,27.690434200000002,2
533.8579559,64.55195836,23.3583419,2
499.8557349,19.42126367,43.6971216,1
373.1819015,17.17710078,44.9396284,1
365.2365533,15.06120801,25.878074299999998,0
10.85262413,42.27004729,38.9786777,2
308.7710799,62.27732675,13.980316700000001,2
69.7203763,16.08207575,41.9908328,1
277.8619587,10.79740584,46.9162209,1
341.0348203,74.72704211,24.9182924,2
596.6260899,58.80479064,38.4231096,2
275.3500936,56.74535424,23.8304473,2
21.34375022,7.956590582,31.0123997,0
217.0045587,54.74777647,22.7360972,2
118.5954836,15.18757549,30.670197799999997,0
509.7539759,71.67386771,39.9184038,2
207.7240445,48.35682711,13.2794838,2
584.4341477,8.791487899,33.7649972,1
343.1915248,18.19089585,49.723760500000004,1
74.703236,53.23811621,36.6641156,2
14.09962313,7.240724543,29.9029619,0
501.5369987,13.48832908,36.4901299,1
518.2710819,16.70782704,42.897602,1
267.249961,46.96933764,43.8145803,2
522.9444216,63.39749995,16.4525881,2
210.1038266,67.0087859,33.5742203,2
359.4090493,18.77289738,45.748335499999996,1
301.25714,42.17079095,40.266643800000004,2
35.78026944,12.14930684,30.949145500000004,0
48.3152588,61.34594472,25.8194426,2
377.2441474,57.31915064,19.5116355,2
79.99645161,8.005097316,30.9909204,0
546.6594221,19.18572663,34.3590316,1
563.142339,49.1160203,25.2077168,2
549.1931763,14.37193098,31.9495543,1
146.3140617,8.497813316,19.5520279,0
311.0558447,69.87593341,42.408465899999996,2
492.8860634,74.81833667,41.0170593,2
101.912452,16.22358209,16.21321,0
489.1727262,67.81395986,28.0771618,2
499.4962199,78.47661206,30.2735529,2
546.8109015,44.26745537,45.5310126,2
464.3101822,68.96712141,28.7596116,2
391.0647819,71.27310851,44.6146624,2
584.0035597,6.488564974,44.283634,1
371.5554882,48.97489724,26.4245295,2
55.90076513,51.17093576,20.9409727,2
401.4467084,13.80230668,36.0129546,0
48.16630995,5.757612062,20.7042084,0
306.8094466,53.63349097,36.2853481,2
377.2546369,64.46436251,49.2628447,2
446.9940316,47.98522595,34.738075099999996,2
117.5407828,7.878097766,16.631653399999998,0
481.7611819,65.45243262,17.4222935,2
576.4519002,6.9734796,43.8444071,1
528.6860605,9.442651483,36.2145776,1
376.1290819,18.01999388,46.323422,1
451.5403768,8.628586589,35.3935202,1
11.50472475,55.18908846,23.4068211,2
151.6202948,64.68068828,28.8975622,2
388.1895712,8.412224055,19.62372,0
177.0601949,17.90371716,34.5271948,0
178.0460777,51.83961981,45.1585902,2
158.7715132,7.642916092,34.3674419,0
544.3344556,68.42940715,16.0234667,2
577.04493,55.68576479,49.4748126,2
524.1914126,46.71288376,31.817018800000003,2
81.74673123,18.81604229,10.717844699999999,0
311.9186573,6.81954497,18.1139463,0
507.716002,43.11200453,27.8016666,2
250.6488716,70.95213325,29.337917800000003,2
526.4447736,75.70335106,21.6008688,2
351.2583692,69.72949011,40.8972719,2
256.0343548,16.49526921,41.3083376,1
544.658791,11.78485216,43.5769745,1
498.9302126,55.41527013,39.1568306,2
545.1105569,58.90279639,47.2693806,2
299.9664516,9.049604553,26.9875315,0
41.74275851,6.112642934,40.5998923,1
188.7434553,56.67833696,16.7894378,2
512.1476064,13.27531952,18.5470252,1
394.9635598,46.50020624,46.0332401,2
211.4566185,58.55988897,27.701539600000004,2
515.9693391,6.603797966,10.5761497,1
449.1072764,18.99269332,14.679298199999998,1
362.3423225,15.7122972,41.355002,1
338.1637117,62.50045664,30.7913895,2
281.4645345,44.86938276,18.742356299999997,2
335.3227761,19.39388221,23.8013337,0
150.8664313,42.61087994,25.2049509,2
468.2155451,45.82654207,49.8956091,2
497.7175496,9.653529256,46.349273499999995,1
200.9396568,77.1181673,43.1826087,2
203.2047086,11.63234207,30.08342,0
503.7106318,61.53362395,26.009893899999998,2
437.6681871,6.752061616,30.427616699999998,1
198.9859203,42.45215287,39.7809747,2
72.59842955,76.85362239,41.7816016,2
227.0062142,61.36360243,35.7198939,2
267.4925592,60.13240124,18.6071233,2
23.07298989,44.11021769,36.2356062,2
230.0250036,78.61531905,49.1734251,2
533.047498,61.081573,39.0257089,2
243.6171253,52.31172827,26.547058099999997,2
591.5641619,66.15616949,46.4299223,2
592.0953375,71.44101088,32.5830014,2
275.6573418,15.06462064,39.1987154,1
401.4857566,59.38151001,12.771493,2
263.2335103,55.66834123,29.811685100000002,2
172.2725969,16.42834842,18.9458324,0
40.11165214,12.546089,25.745178000000003,0
371.5115639,8.117357622,22.9080391,0
501.7771368,54.27806278,49.848110899999995,2
202.4004132,5.241869696,33.7264235,0
261.9476997,17.91848341,38.8152431,1
347.0161117,11.95321759,15.8079772,0
107.8334471,49.60383585,14.874908000000001,2
374.7184391,47.04931353,42.4381291,2
286.4485078,12.39172019,35.329441,0
53.12783527,19.00788194,46.0487695,1
274.8131216,56.56383731,49.2199348,2
288.6646035,62.18485637,32.3134905,2
394.2265644,40.39202108,44.328886499999996,2
435.6719861,75.49915539,22.6286395,2
403.1953327,57.54213526,16.198894799999998,2
67.94123131,17.16095698,49.5475159,1
583.27567,48.05257804,35.6862354,2
263.2715944,52.79643506,25.444921700000002,2
104.9190133,55.21743212,29.1581039,2
166.4538992,42.91831559,14.7070233,2
560.8504088,60.53576286,24.4500572,2
569.1099059,18.58867507,14.2307408,1
98.69337243,66.00442399,22.4376981,2
557.4907714,48.92215819,31.297075600000003,2
478.14161,18.81156274,44.432987499999996,1
73.07344965,41.08913649,10.3832175,2
528.5130169,48.27219474,28.473947700000004,2
355.2724318,62.78230659,26.3497271,2
39.76870431,70.2592232,16.235534400000002,2
465.6039728,60.36785413,39.4747361,2
364.1908047,49.23061542,15.4074891,2
581.6531214,53.30544988,34.2784763,2
59.17681423,10.13338287,17.8478238,0
194.0358333,11.35037041,47.8929669,1
471.2119698,7.528985727,44.4242859,1
97.8139677,44.25734875,33.0972863,2
598.3785064,17.97492464,41.665327000000005,1
132.5821453,54.75880838,24.1735714,2
260.8805094,52.9447297,34.7347166,2
186.7419096,8.857285267,42.983884599999996,1
425.4539869,72.53477945,46.9662267,2
565.7340368,15.61430879,47.4602423,1
571.9824458,14.04819593,24.269478499999998,1
286.5785713,18.21887102,34.2877742,0
24.32788299,7.047545181,32.239479100000004,0
216.5663815,7.23902019,22.7990353,0
165.7165594,66.83832136,40.3257786,2
62.71208022,11.16413829,43.3205154,1
19.01330972,9.186957062,47.5535419,1
255.8285293,66.44341869,39.4974282,2
141.3930957,71.73440049,34.3622308,2
305.0692118,8.464689658,15.147205099999999,0
368.1895179,5.677270466,33.157693,0
488.2849131,67.34352045,43.3472254,2
194.9922987,46.275665,31.577514899999997,2
216.7606325,51.73388951,12.8397186,2
140.0850843,44.76250979,35.6144301,2
299.1495339,15.0839441,25.6212115,0
579.1892554,19.72075001,41.2590597,1
469.1356251,12.04706482,34.791608000000004,1
496.4298091,40.65060296,47.2891803,2
282.2208797,59.67634059,12.2521122,2
576.1116094,10.05856626,25.7026738,1
390.5169763,54.19020685,28.7607904,2
597.7965048,53.64720218,47.168071700000006,2
101.8580641,75.74399275,13.074567700000001,2
554.6561728,73.23385132,25.0792434,2
73.47547973,65.05026921,22.0516124,2
529.5465655,47.21826867,10.8372832,2
395.3039068,61.27941982,27.5560676,2
402.1649736,5.365864897,19.025383,0
514.8597017,9.753695207,49.4023342,1
157.5957378,17.59997335,12.9128398,0
35.50614352,18.00411564,24.9995239,0
539.456849,47.56364177,49.1954528,2
24.51176346,50.40875729,26.6590634,2
403.2268879,50.86088902,42.4411797,2
534.9038997,40.64469218,43.3442663,2
204.6778354,43.15311988,21.1801086,2
513.7251136,16.16905519,45.8199861,1
455.6996981,5.329797831,32.641229100000004,1
492.0076594,51.04491133,49.768563,2
575.4898646,47.59215835,14.140815400000001,2
300.8255637,72.64764251,41.1608039,2
190.6038717,57.02337441,44.931576,2
539.7222482,55.72765831,15.6199578,2
492.1246359,46.29656802,18.4905692,2
396.7865657,10.75221684,41.973452900000005,1
437.480959,12.12756299,42.7390861,1
335.6917546,75.97913082,46.0066797,2
569.0165991,49.22300221,39.6276519,2
262.0613587,59.87048598,10.0369145,2
74.4669165,64.39508509,25.952531299999997,2
75.81553498,16.49368209,11.6806237,0
108.3215475,12.95078509,32.5504421,0
381.5018139,11.65675369,29.125833800000002,0
85.78885405,41.01447109,32.379152700000006,2
508.9951905,13.86374139,49.7820304,1
226.0035721,12.67288461,49.964722900000005,1
444.9375233,5.434951165,15.9414526,1
593.0917322,17.56762071,15.371547199999998,1
261.496268,61.6863243,48.7996948,2
379.2254172,42.96079961,25.212538499999997,2
417.2980505,18.9875593,32.576541,0
471.1754914,40.13083701,12.7457835,2
482.9718537,43.79100486,12.5504829,2
179.6399407,44.55622862,36.4587883,2
556.2152957,58.52946943,29.1791825,2
211.9896725,7.283423209,47.8634456,1
128.3919273,65.61115781,48.5569512,2
349.3129347,76.08077198,18.3171154,2
356.7529873,6.328675095,13.9810651,0
451.3294382,66.98270605,39.360366,2
286.127769,9.019959003,30.9855009,0
239.4871233,13.0757628,28.908735200000002,0
370.8148669,10.78205652,39.1295347,1
1.231224912,40.00440927,19.6751659,2
488.215582,76.75784302,34.1999863,2
154.606266,14.2010277,15.415472099999999,0
234.6626037,66.08568246,19.430682899999997,2
540.674186,48.78731535,30.383802999999997,2
259.4579278,75.57969383,35.4674147,2
122.2934883,8.881886125,19.658224,0
236.5258583,15.09512249,12.2681467,0
291.6782085,45.25662381,28.7251562,2
389.4139851,42.14534164,46.4336762,2
393.4386345,68.62286441,34.047783599999995,2
49.10379201,17.04755767,10.5351403,0
146.5734418,53.80473858,19.3121767,2
370.8059201,11.46474594,25.3281249,0
157.6497469,19.30881206,38.3552734,1
192.2268265,18.21946318,31.8536268,0
428.2249359,53.29997491,19.4135299,2
488.7554241,7.394995241,28.2423727,1
286.7868878,68.34522792,21.7707193,2
253.4121054,17.5443697,19.4323444,0
554.3143356,54.44653609,28.3398844,2
575.0221397,11.65158654,12.0762596,1
530.9038485,16.03930341,31.020491300000003,1
113.0375676,53.41773626,22.3119719,2
159.5494077,6.299296413,46.9605224,1
17.01867659,40.01377472,21.1085097,2
532.2154247,15.84025362,38.8144602,1
394.2353127,12.19182467,35.9139953,0
130.4899759,14.56103722,47.8194395,1
240.485573,78.3757445,33.2396825,2
391.315755,46.40478189,31.3295643,2
481.7507358,53.87447483,14.235422400000001,2
167.7671956,79.91761665,41.2214149,2
69.63277128,15.424552,18.2363003,0
43.1334994,56.2806494,24.009566399999997,2
494.5879699,7.455934368,33.924648000000005,1
548.8043254,6.955275196,38.617972,1
593.2292466,55.52844399,15.083795499999999,2
323.9103379,44.11142314,16.9511276,2
62.43870515,67.20968338,48.2370592,2
161.7416591,15.52347898,12.613658899999999,0
428.8521424,79.70618989,26.7239613,2
508.4701877,8.575058159,26.9818074,1
6.991148267,48.59394038,45.6569389,2
370.5514067,9.35964454,13.9321842,0
469.7870081,41.11639218,25.779775100000002,2
298.9992494,62.83393724,37.3262354,2
465.0123446,8.091106699,18.702993,1
20.91064207,6.258106078,47.1498307,1
147.6441907,12.35920364,38.1137131,1
96.50504095,19.69871649,39.8225521,1
458.1563182,10.92485406,10.4042393,1
406.3147303,65.64650823,26.165948999999998,2
564.6837711,54.41663412,18.5688892,2
43.89659732,64.39170309,43.891087299999995,2
562.1512207,77.52981414,26.961536600000002,2
89.81556749,17.30864659,20.6543202,0
53.64645044,13.99145813,40.6899941,1
173.7541107,17.4767795,21.2375447,0
113.5821219,5.67152583,13.373389799999998,0
86.88873283,53.03387122,13.7284813,2
598.7091117,43.27275618,20.4554025,2
481.2591928,68.0194004,15.0609887,2
100.0852959,65.37996917,49.159562,2
64.7020019,11.85974915,48.044181800000004,1
396.6474586,54.7514736,46.8792144,2
33.66477302,56.57128454,47.9904661,2
52.65553231,6.175073266,10.1071368,0
493.5372548,6.700806433,15.678356399999998,1
334.723656,6.769080123,36.5373017,0
576.9633439,64.77982332,27.1646668,2
231.5645323,75.34900608,47.9207497,2
93.84457558,68.56195198,27.602405200000003,2
26.60596432,19.68421034,33.6695146,0
2.52355277,9.941249861,41.686450400000005,1
244.2664293,71.73678109,23.5283209,2
18.85809459,41.49074891,24.3391567,2
478.2548903,6.178043642,15.701725,1
61.69754672,57.57322011,45.8485437,2
254.5603556,15.31155291,21.7959784,0
452.0111679,67.36790974,36.720478,2
52.0336368,10.39737351,12.150594400000001,0
366.627919,60.27728414,11.7798003,2
595.0621932,70.85815413,31.190695299999998,2
417.9273732,45.35746795,11.1924414,2
13.48865992,76.19408407,25.480392600000002,2
420.8249393,12.11236919,35.1497111,1
524.9595759,10.12355581,35.1621975,1
241.3670233,68.904835,41.2419514,2
557.3548548,18.63508383,26.009962800000004,1
262.4218645,19.28390118,17.8447265,0
96.64039855,59.64938275,46.4461903,2
2.271440179,7.523548687,41.7285312,1
91.93891074,18.77427553,26.3473407,0
405.1639188,6.370298641,32.144880199999996,0
345.2986184,12.07853766,43.8274604,1
214.0960911,60.26596967,41.2575459,2
186.4932779,9.935085945,41.402253900000005,1
76.7211463,51.21167445,12.2892953,2
46.54320627,62.89676256,41.7771557,2
275.5550772,6.478202771,44.721643300000004,1
524.938351,76.3169015,15.569266,2
510.7431775,18.79806401,45.4672141,1
14.79510214,71.42352336,30.3066129,2
572.6343168,8.804637115,36.0707612,1
415.9779583,56.65830876,30.3468267,2
30.8241026,17.38302262,28.540785200000002,0
198.4751818,59.78015856,39.2919994,2
101.6542441,12.52903371,38.1947584,1
329.1061611,68.63466432,44.6624795,2
424.0360567,5.700272298,26.0960722,1
386.7371348,13.73105197,19.8977955,0
87.6318978,10.9151172,25.1429557,0
214.5251421,12.63670078,25.587535900000002,0
379.3493607,56.22053989,20.306024999999998,2
187.2099018,11.19366784,49.872246399999995,1
157.6558666,11.70109288,14.692580699999999,0
335.8930505,68.27755892,21.4480377,2
207.2194021,44.14721161,39.2067367,2
111.649999,18.8483562,25.187089800000003,0
505.4426568,42.40043275,43.4888533,2
461.4816724,13.55996868,17.9278729,1
158.9195895,46.17154459,15.5696844,2
392.5340336,64.10529601,42.3536242,2
176.627668,67.19904281,35.6379254,2
386.2704453,67.74598058,41.4899123,2
244.4811781,19.15035948,11.6864946,0
235.5188488,5.973489193,26.3572507,0
217.9540403,61.64156589,46.7703535,2
110.777126,9.018103742,32.6729919,0
249.2510729,77.8277554,45.6200612,2
66.86333933,65.9185722,11.1610671,2
34.23503021,17.07640065,38.290205799999995,1
159.0348514,79.72628153,37.0978179,2
80.76302071,41.6739178,39.9329708,2
350.5401298,63.25374415,19.9447653,2
132.755105,44.50612347,31.4551618,2
297.922494,8.365744697,29.8639572,0
189.8986485,60.12793311,46.8482821,2
53.83159152,7.301193236,20.1774293,0
475.1896993,79.71851201,36.8845042,2
493.4218205,77.65525,31.834496899999998,2
449.3666729,18.20632854,32.2337467,1
122.1741983,75.08066246,27.877288500000002,2
384.0150289,5.32770068,14.932360599999999,0
16.49559473,66.41967705,44.6300548,2
87.63384833,64.25705963,18.1641464,2
175.2251436,72.35126185,14.7188453,2
357.7401626,53.35936873,43.5026455,2
418.2055063,46.13748117,25.481247099999997,2
170.3621421,71.83457257,19.272039,2
194.3501151,66.83453418,48.7348667,2
399.1576417,44.21092249,30.8488351,2
499.3521664,17.15388696,21.3824016,1
394.6428785,11.75525579,15.375387900000002,0
181.1546127,10.18430253,31.483003599999996,0
539.6874375,11.15455583,29.0419011,1
184.9627496,7.763729774,16.5059948,0
305.9793282,69.38067097,40.8989258,2
516.5517469,13.66815622,23.404048,1
595.1824817,12.88919865,13.940998399999998,1
93.80878185,8.767880069,15.099269900000001,0
1.106590151,5.984011474,35.9015676,0
581.0049574,9.734804405,23.0475438,1
573.4988716,5.658216326,16.899170899999998,1
546.1396861,18.0196944,13.0226752,1
414.9403495,66.05532685,31.9928531,2
208.3280662,12.13482546,45.9113106,1
136.9175851,50.32321845,33.0028371,2
54.19620467,8.801856945,14.3846746,0
426.0769439,16.42901564,22.477967,1
407.6429658,11.271974,34.2708745,0
323.4384635,10.90632712,13.0781015,0
264.4851216,79.53905091,28.2473154,2
118.7356151,12.5202649,26.573734799999997,0
497.961122,10.0210299,40.6978892,1
50.81421481,79.98393529,28.329907900000002,2
410.7244009,14.68018435,46.258558300000004,1
351.1852774,5.228972595,46.5076901,1
166.6150618,16.45422948,34.3735452,0
81.03193603,58.63895305,35.6139657,2
9.91176696,6.692872171,29.9519786,0
456.8309312,16.74385421,10.7861609,1
242.012502,73.71570696,37.1860516,2
240.0624207,68.95262096,41.2489109,2
34.89496503,9.389826465,34.6267419,0
57.09557545,6.321898543,31.144062099999996,0
54.46360696,79.09451632,34.917908600000004,2
579.909222,75.56283702,29.8708961,2
392.8706203,51.22338735,31.7005418,2
251.9895648,19.5081981,49.7131125,1
393.0446598,18.67727854,37.429263,0
307.366183,68.46723079,34.7484697,2
366.9543161,41.18560291,39.2900422,2
527.5267625,62.27237768,45.9526814,2
254.2276877,51.82836382,15.4766561,2
509.0145256,65.19376708,29.081826,2
18.05459204,12.48554259,44.6914619,1
25.28229644,68.97309603,14.805424200000001,2
51.92737044,7.676760111,20.7969936,0
297.5577486,41.11690389,48.2789087,2
287.5500937,14.37817301,11.2683715,0
568.0191464,15.01123296,21.9770837,1
212.333374,50.62554666,17.0724486,2
447.2577356,60.64070174,16.496229800000002,2
128.7208669,16.70706708,45.9000914,1
555.127624,52.01378513,23.6644657,2
274.071122,6.618868324,20.0425324,0
165.0927955,12.90606408,26.985565,0
447.3079574,55.01237243,15.9170998,2
424.149665,15.33918982,11.1572768,1
573.6605776,8.647699704,31.5337597,1
170.9884679,71.08536212,18.9199871,2
40.61739731,9.322282037,24.0726095,0
194.8399866,48.42335576,46.728547,2
487.3885963,54.82405613,23.4546637,2
152.7696101,13.04867285,11.893314,0
572.8983838,6.11370289,44.354335999999996,1
457.7059694,15.78534231,14.1756986,1
559.0627246,15.3013358,14.8261925,1
233.423835,71.30249961,44.2694215,2
237.9053978,54.16678714,12.9734471,2
89.3353208,74.55544131,44.061136499999996,2
173.0261844,71.63861595,37.921768,2
90.22600279,7.835259241,43.8061594,1
351.5064309,64.30107449,22.4930592,2
11.38830906,9.12468788,43.7873493,1
532.8119065,14.4382879,14.7472876,1
51.91762284,8.495284466,25.184663200000003,0
558.4238458,8.979276336,42.0843285,1
453.2186622,6.696586348,42.1023109,1
492.5756317,11.16716505,47.8496969,1
580.8225135,15.56047179,11.2953318,1
564.3591114,48.10866386,45.8179723,2
48.88803414,45.94769225,28.256860900000003,2
247.0852436,15.39814313,18.8742347,0
497.1840234,16.10764282,17.4901289,1
515.7834045,12.24341655,15.65445,1
499.4542692,66.5240814,43.6500451,2
148.6852859,58.37281848,13.3102827,2
126.7569639,15.28569153,35.6794607,0
143.37351,11.79325041,22.4138777,0
42.43007072,76.61326334,17.1800613,2
57.2272191,48.88801652,22.4357206,2
62.92892597,57.8530301,20.3575472,2
369.6237025,64.49805794,36.2112079,2
145.8852898,15.52248652,49.8731961,1
598.7036599,7.157517065,10.764361000000001,1
184.9349408,9.867599738,14.7915479,0
498.1265471,59.3730521,23.090509400000002,2
544.1473552,5.157698368,46.577067500000005,1
142.5335767,68.99757762,49.7072924,2
465.6314994,50.55974338,46.0106152,2
285.7700436,10.32697646,33.8284787,0
144.6540897,18.40900266,15.024968099999999,0
511.4640574,49.14288308,27.938253699999997,2
442.8036877,11.64559965,35.0891015,1
573.0598772,68.920359,32.0435357,2
573.9472859,6.291741658,26.6480043,1
264.5401906,52.74417725,35.6189282,2
497.1787442,56.23657373,27.1100078,2
105.0179644,9.302699685,12.817162500000002,0
241.2707882,12.27921076,23.2267761,0
347.6891142,11.95904395,43.0943402,1
496.0833879,8.909995738,40.0923802,1
130.6268963,60.83096955,28.739631300000003,2
235.1106195,71.51377054,31.7769284,2
539.5693844,16.83935982,48.8300488,1
168.8348866,70.82130188,38.413765,2
525.2734811,7.764520954,14.3482972,1
335.3937469,8.948692622,32.0997722,0
210.4378705,48.33245911,47.2297133,2
559.7098805,7.965354547,38.5993372,1
92.63087414,41.02928492,22.5615955,2
139.3269971,58.84537274,19.4146063,2
155.0810747,74.04775881,26.694892,2
361.7195851,74.15289498,18.4403483,2
551.0452062,9.155381733,29.908618599999997,1
41.33484043,17.11438804,49.416174,1
194.0043413,42.52234102,33.7638616,2
211.245964,49.16458671,22.1852044,2
365.3333312,15.03129882,28.690888599999997,0
2.905607258,9.758828247,34.6732876,0
425.8001698,12.06224629,33.7808981,1
214.2288536,76.62495124,32.3370345,2
388.4680881,18.72934911,16.0451646,0
19.47961154,76.61914411,30.3859094,2
8.902448103,43.60539459,35.044091300000005,2
21.43356571,7.787480833,31.414763,0
5.343519931,12.11652371,15.7191695,0
440.0259176,41.07466089,40.262116199999994,2
141.2983711,18.07327785,20.313927200000002,0
287.9031893,45.30291469,30.0271904,2
361.6206451,60.50645781,30.5784566,2
17.68656215,47.81832017,21.2742876,2
140.9242697,12.30524061,40.5155393,1
592.9368666,6.935976872,12.8817609,1
160.6835693,70.69154277,24.2753786,2
33.32766487,14.08845223,48.2127349,1
213.8621,74.29106544,30.4043084,2
183.5260572,61.716654,31.137391599999997,2
251.0397358,6.94559387,29.4248713,0
483.7555567,66.49322209,18.218837500000003,2
80.72619938,11.43724238,24.5454934,0
94.07710602,13.00220313,25.8213136,0
529.2299882,12.46803771,19.9150901,1
332.5678731,63.46015526,33.4878446,2
108.2586207,5.09275734,14.3039851,0
245.0753819,61.37257679,39.8822041,2
498.5923032,13.92569517,15.8107005,1
301.3536927,79.64913784,32.769896700000004,2
411.443181,9.888352151,48.0703974,1
111.4203877,18.73914506,37.545099799999996,0
12.40376784,10.65877979,47.0200722,1
573.4659745,54.70463866,25.9312678,2
241.2173054,16.57754053,28.144457099999997,0
424.3107945,44.44666005,29.390337300000002,2
201.643807,74.19476099,27.966109700000004,2
390.4187918,46.85400972,25.109913900000002,2
109.8418323,54.84033548,18.4342855,2
360.9423364,51.42032666,12.376775700000001,2
485.3481783,77.35570063,23.577874700000002,2
521.9448273,75.75228102,11.051166199999999,2
225.4987179,58.51369028,32.6493372,2
566.8879155,17.29515504,37.017621299999995,1
162.5064269,13.6144031,12.3667705,0
9.262492837,49.4832562,24.733659,2
247.5020783,7.48249662,22.1099761,0
550.3495925,66.27315249,28.257511299999997,2
80.21687555,12.52162211,34.6958092,0
597.5790222,74.12649568,23.4808791,2
490.1927241,14.13793087,16.202597899999997,1
380.3819737,56.51866371,35.413625599999996,2
236.9197597,66.71127596,14.3702135,2
211.0545403,48.16988345,22.457098000000002,2
503.8068207,70.04724646,39.6305088,2
516.5268895,73.04554641,30.1141848,2
525.4961085,6.569906605,22.494540399999998,1
129.6816951,7.5615239,29.148146699999998,0
252.7377052,6.717993025,19.5948745,0
535.1105277,8.93169458,15.029851899999999,1
403.6375072,49.48928919,38.4327141,2
261.4574647,63.41568844,21.1646539,2
586.4389289,56.62338803,36.8294589,2
509.5805682,75.0345953,41.4371047,2
497.7977929,18.22782201,42.4484161,1
519.4127515,43.75894978,37.9084464,2
564.2967506,78.85616613,33.2827311,2
60.07376781,42.42280333,45.657764,2
86.39135607,7.537428408,48.594437400000004,1
409.2559024,5.824494603,41.0221873,1
561.5030324,14.82411657,39.5780706,1
268.4529434,17.07645968,12.0372861,0
510.0661348,77.9957992,34.858049,2
212.5968335,12.81223379,44.6981016,1
393.2257658,9.802717511,49.3631555,1
502.770944,12.90966343,10.6251623,1
351.0093647,58.0904404,25.848078299999997,2
115.4738491,61.25747571,44.3540443,2
189.5257685,62.7847187,30.471488899999997,2
435.1765914,9.639021672,39.6189938,1
565.0218808,48.70021335,29.5173701,2
403.2164374,11.20498285,49.2679948,1
560.8679445,10.86638366,16.2357852,1
143.4546234,55.32612624,38.3067147,2
461.8833961,53.35825425,45.9779932,2
116.6425315,53.57430975,13.0004688,2
52.36247843,74.24012663,21.533329900000002,2
431.9686003,6.907717838,18.857290199999998,1
27.57904784,50.87337696,32.9687546,2
363.7282139,56.56268666,43.3494287,2
276.644295,46.32597842,29.1154768,2
556.0132731,71.88866664,32.646532900000004,2
88.50131705,45.09881419,26.2471902,2
372.6416232,19.17421131,46.613515500000005,1
480.446867,42.47520845,18.214596099999998,2
340.0194356,58.95531493,18.0363966,2
284.9758422,9.252607854,29.5105291,0
568.2780961,73.06170624,16.0354152,2
552.0589964,7.075678438,46.2180826,1
45.63619857,6.814409934,35.2058003,0
104.7633303,73.23118131,19.2011914,2
280.595166,6.121188555,49.5413997,1
70.52077232,54.2375884,24.754899899999998,2
375.6493204,6.386742756,13.9513107,0
141.7809662,11.56849831,42.905777,1
31.54953709,61.90736025,28.5006061,2
51.37730175,64.33313384,20.770944,2
263.6201316,53.48660051,46.2070857,2
537.8039791,65.15092477,28.8118468,2
45.35427647,70.19502187,48.754583000000004,2
186.6198647,53.22452437,17.7356901,2
72.96110633,5.516469629,12.707080600000001,0
519.2532745,18.00728227,16.8805245,1
323.5146044,68.90064428,38.426843999999996,2
238.2495647,12.0981978,39.799565,1
149.7273348,49.83325073,19.6763501,2
565.5935597,17.24085136,45.0370094,1
172.0932271,52.43480469,19.0131106,2
34.6016087,52.321451,35.9136396,2
115.6525208,61.10821684,40.9969223,2
382.8312654,66.21474244,32.1815128,2
42.79037523,72.34211185,13.931882400000001,2
407.8741081,7.706357331,47.6603079,1
228.1114937,19.58080212,20.117369800000002,0
209.6154837,68.87239184,28.435865300000003,2
384.898249,67.05507343,40.8688748,2
144.4565523,6.655913514,42.6916827,1
103.9001683,61.50259266,17.73303,2
24.59658845,16.61716129,19.0668962,0
396.5513411,15.77905611,40.9134806,1
187.8959004,41.45258957,46.2991246,2
375.621869,63.18005767,15.130522099999999,2
456.9919908,14.92790468,44.3179236,1
353.6008495,53.56305367,39.4616268,2
543.1809991,12.23739591,33.7317538,1
544.9705002,9.723998412,39.5406228,1
105.2033916,70.27600542,46.4702545,2
49.24130707,50.37863082,12.9546232,2
295.3837424,79.42309738,22.7737023,2
73.08445934,77.89471302,34.2044226,2
376.353647,16.23008263,28.1162238,0
528.2745609,9.383734351,30.1196292,1
583.1760172,77.76591202,24.4902061,2
324.0870375,9.032923175,17.3406339,0
563.4200425,58.11021805,27.401962400000002,2
145.8347351,6.453759906,22.195788,0
300.2521759,9.780458859,48.3442166,1
577.6997158,12.45730724,13.155803299999999,1
436.6219934,66.48354708,26.6361212,2
219.6068529,47.73076908,45.8696478,2
322.3729117,10.24843195,34.5492666,0
368.3924443,16.97833757,24.9818012,0
376.5231711,16.17126097,44.906877699999995,1
329.3334381,9.162842074,17.582287,0
294.2808466,10.03413866,44.7538966,1
536.2704236,68.19209379,31.984179400000002,2
159.7226223,75.77875042,27.239838,2
475.6456106,13.43166324,19.589047700000002,1
355.3531822,69.23860126,45.8720953,2
474.3129059,71.95242079,13.6299535,2
486.2390581,6.600677287,11.4172359,1
565.9515028,78.08159698,27.9594927,2
499.0130123,9.746856963,10.6363128,1
17.2964131,68.25634561,29.611611,2
423.8098564,44.76641061,33.5613218,2
316.6748433,6.051030436,43.529666299999995,1
44.93843934,13.33425732,45.5135261,1
179.5971528,18.66192396,36.6070883,0
196.6267317,10.64388994,27.741591999999997,0
19.01046332,79.58758865,46.7019919,2
335.6555286,8.477894208,48.1427171,1
409.4651548,41.5280318,37.2150289,2
297.525489,64.64424827,13.0687906,2
371.0869766,15.15640677,14.9698816,0
376.6171483,61.7147256,25.757432400000003,2
393.8454837,13.56798776,42.7832627,1
386.4015604,72.81573412,22.588702899999998,2
465.0808195,45.09662075,19.3134651,2
234.9336141,9.825295531,44.0807095,1
545.3573128,46.64763678,34.9964283,2
290.5242284,18.66680752,22.162377199999998,0
506.3774547,56.71750828,36.2299839,2
98.93305342,66.21045049,27.670196200000003,2
525.2594443,51.46045144,25.9414667,2
546.2382736,54.29237878,33.9137826,2
269.2432909,69.22352123,20.5137758,2
538.6561342,18.97597137,34.1472811,1
488.2716772,41.77586237,43.9044115,2
91.03886395,69.54092986,30.4799557,2
418.3447794,64.75976021,32.036878099999996,2
492.6306138,59.23328226,33.0737131,2
155.9217076,63.98564816,47.4731859,2
388.623861,11.57447912,48.3688542,1
42.33971866,47.50722537,17.842955,2
124.8726765,10.60408489,47.6400502,1
72.44912057,19.14369067,24.1688009,0
519.1479738,18.29884394,14.736728900000001,1
575.7751596,8.533489019,19.2717648,1
559.0046389,46.71118824,25.2172121,2
313.8621028,8.966064469,15.1727212,0
390.0669183,6.509299658,39.4280581,1
167.5489532,72.61398293,26.352130600000002,2
405.0780241,11.30503084,18.958782,0
215.3006663,52.3622063,15.095588,2
115.1876417,9.858433289,29.4591147,0
407.3837472,7.191448483,33.4507422,0
260.5918633,5.147413289,19.1981307,0
93.47322596,13.05753982,14.938142800000001,0
170.8443872,17.93229437,35.334303299999995,0
397.0840178,18.6652355,28.5393713,0
190.3846063,48.10795633,35.749424499999996,2
410.4899381,63.03253727,16.5956978,2
496.2370442,67.84306503,28.7456831,2
517.3225946,68.92145179,34.7139461,2
237.1154387,43.19103701,44.237128999999996,2
206.093319,66.15889303,23.1277955,2
312.418185,75.89446496,43.634684,2
80.91005207,77.89872682,21.8722416,2
116.3585885,72.90534221,12.1609889,2
538.1480245,15.59087172,40.9643618,1
556.8131134,63.9073401,29.9506925,2
132.1681007,10.50916552,14.207783399999999,0
75.7909147,59.473943,16.4237395,2
444.288651,66.01364677,23.0911909,2
488.3843726,14.67725125,38.4858938,1
240.8343121,66.08056509,44.3665821,2
229.6198333,18.95008067,16.7827261,0
39.2445275,18.70721784,40.0909667,1
456.3896834,45.91335178,43.7932908,2
275.8848799,61.36035639,36.8898983,2
176.3314395,78.75793967,13.532321699999999,2
420.5329417,16.535917,48.565334,1
92.28582149,12.55660166,29.073575400000003,0
116.6047148,72.8904921,31.5948054,2
445.8163463,16.90932627,18.6220943,1
373.7938933,40.75796621,33.6945513,2
131.5935042,68.16332144,38.1979248,2
270.8838474,71.94482937,40.030318,2
298.3654956,5.23464943,28.2570517,0
233.9055113,59.66156977,11.653987,2
415.4886805,42.05994728,40.3079262,2
124.9885805,79.68286202,19.1090289,2
484.192769,6.954806498,19.078455899999998,1
59.24420312,18.6625134,30.679450499999998,0
82.7566419,62.46691835,39.8893541,2
99.38538592,53.07649869,19.7398607,2
233.4563986,61.66363113,43.5377043,2
273.370705,79.28327604,42.425410400000004,2
221.0700703,50.99862335,32.6205354,2
286.1762197,69.91428876,27.672195300000002,2
110.574214,18.20975866,19.0429226,0
320.2436085,44.31723421,22.3495656,2
552.9518353,60.62831869,14.6630325,2
332.2826474,77.84174577,28.234655600000004,2
94.40548234,60.93754835,32.7095996,2
460.3554316,52.94451871,20.6301794,2
533.6352464,60.052468,17.922827599999998,2
129.8476335,65.72872123,26.832539399999998,2
318.5778242,57.09958601,45.9503453,2
360.1687094,41.50580164,26.9545682,2
275.6559458,49.859701,19.669268000000002,2
66.96579997,12.05444334,36.9394671,0
314.0692514,11.53383737,49.1150003,1
455.7753806,48.33060754,19.3192114,2
322.5332536,58.67294178,23.1953379,2
274.4274567,63.58657226,34.063363,2
69.53053844,10.10863906,20.7804783,0
235.9962291,16.00102774,37.5721607,0
96.88228891,6.899838093,43.5460042,1
17.23628019,19.98810948,47.8380652,1
207.6857559,54.09531036,22.801307400000002,2
180.1660503,5.515652875,29.009066100000002,0
482.5418982,15.04078136,22.3052846,1
102.7010103,6.977155602,25.262791699999998,0
259.926241,13.52402924,17.1343679,0
599.9741726,48.39510687,30.7729431,2
278.3928293,50.90372224,27.252998899999998,2
506.887017,69.83518181,31.9127747,2
416.2475413,17.24982865,23.7308464,0
455.2658336,59.19280726,25.6514867,2
373.7886277,44.56735072,34.6616053,2
598.9734981,13.72049836,43.404659,1
585.61422,52.16157848,40.7080834,2
149.9343053,13.56280904,34.635986200000005,0
548.2563145,8.140225991,45.285161800000004,1
112.4481609,18.94105226,33.2476885,0
560.5360491,48.2581962,34.452170100000004,2
119.6057038,45.84415998,41.2434399,2
133.0931109,78.18035229,15.141618200000002,2
159.1486875,11.09549608,45.2902107,1
260.344346,54.50304997,17.6013808,2
164.8835205,9.80851379,23.0809662,0
142.5111304,66.22604121,39.721287100000005,2
204.6589515,18.99914619,32.2662771,0
250.7549772,74.22518465,44.6761028,2
123.0663965,14.95601541,14.027325199999998,0
473.1769158,61.24932244,39.9625288,2
367.2697405,65.2121791,44.1031675,2
309.9023259,55.85872483,28.8391213,2
477.5797012,66.49468381,43.8993904,2
346.4946726,9.467890976,47.8851698,1
455.5485912,19.16061917,34.341815999999994,1
67.39665651,5.136472719,21.5111578,0
243.8979411,75.38003853,37.2485097,2
404.7620707,48.56071469,12.1102739,2
141.9110729,57.37072644,31.3259953,2
51.09156862,9.323179527,13.333674,0
528.2532195,8.053032837,32.9556338,1
197.151248,13.98916277,24.1689491,0
68.19762036,18.83461663,33.7751874,0
513.1434345,7.868631936,32.4551256,1
437.8248191,56.35482244,14.905343400000001,2
460.1195185,6.911121075,25.6227757,1
488.0084911,15.69982594,39.4612485,1
413.8139683,19.48414747,30.6307465,0
291.0231655,53.51428517,20.2999011,2
106.8051057,13.0493492,47.3939849,1
134.1879509,17.13287809,29.4265509,0
394.2270347,17.06480489,36.741621099999996,0
260.5093144,42.95742574,46.3261031,2
89.04861581,78.12016621,21.1604293,2
119.7671757,6.001253823,16.323110800000002,0
299.7668214,72.043514,26.4675497,2
183.4951305,6.12343763,22.9355929,0
23.81451441,16.13554906,32.397739800000004,0
329.8418111,57.35093607,34.969182100000005,2
152.946453,41.82569598,35.0177934,2
54.64846366,7.016501411,33.566206799999996,0
461.2790413,48.32340762,28.329821300000003,2
439.2817567,52.48521947,35.719735,2
532.4971819,76.18016565,22.004452399999998,2
10.73216496,71.93967082,17.121843300000002,2
27.56028423,7.933559707,40.478598399999996,1
475.0267193,44.03855245,43.584608200000005,2
285.4780648,72.65352748,17.7374999,2
418.5117784,8.700326446,41.168034,1
532.4404142,70.18140006,47.8752772,2
437.2888184,8.053023108,23.2131924,1
440.1163271,70.97165162,31.7590091,2
47.07803484,45.3851283,17.9248116,2
34.40085613,17.9167028,11.1583767,0
321.6857036,51.93852147,27.9306609,2
524.9869919,70.12163985,14.2525925,2
311.185398,67.34201268,46.050400200000006,2
61.11489852,61.62572992,47.740394,2
591.277272,57.30241202,22.2377218,2
55.4709225,16.58360414,31.6602625,0
253.7547681,12.55355112,17.3450679,0
290.6639924,11.68594731,16.5975295,0
277.635226,18.96008383,26.3007206,0
563.9531356,53.0870777,25.9695907,2
374.4475728,10.51562762,37.504997,0
324.7982156,5.176698144,16.8566817,0
577.4137983,56.242475,26.8078795,2
279.0746753,9.659014571,48.3444711,1
269.1827163,69.27624503,14.888832399999998,2
154.9878004,42.38731994,10.6752945,2
128.4843965,7.872344224,23.656624400000002,0
510.9301127,45.73908977,48.6565764,2
79.69274756,79.51884885,31.3881403,2
135.6257147,74.43285043,10.0065947,2
351.7662596,6.365544724,13.935657200000001,0
185.8737082,56.32171995,20.3525226,2
448.0470773,15.63971442,10.3792333,1
591.7069177,65.95593592,44.3313922,2
17.45630581,45.9054074,21.0085494,2
9.32103779,12.6720131,16.6745157,0
597.6785856,60.40120835,38.7261282,2
405.7660715,19.21347689,10.5151141,0
193.6231134,12.77739462,26.428028599999998,0
576.6626393,11.2227141,13.0617962,1
31.50543329,8.819956488,22.2846284,0
74.0177068,18.42142981,43.634374,1
547.9029728,14.9355779,22.7825199,1
114.1914378,74.88075024,27.1021235,2
94.0956584,13.31271883,19.4468947,0
234.7138559,40.11736231,35.88151,2
217.9593035,78.61031325,48.8581027,2
231.4267828,55.8285148,27.3318446,2
124.7953504,7.073481302,17.0536713,0
22.09404032,52.41370856,23.3421582,2
9.147789468,9.722617331,27.460323,0
548.2067364,17.23618071,17.5323745,1
394.3546453,68.10915132,20.4142072,2
99.94517008,16.16663252,18.752257999999998,0
311.6526656,59.13088259,49.8861105,2
167.936461,16.22562874,38.4538077,1
443.8512666,65.11257187,33.2725676,2
446.9200113,5.000792404,22.0106571,1
54.42173816,57.55143417,25.895927099999998,2
280.3218683,19.56002042,41.5082287,1
229.1804598,6.088621971,11.6958301,0
404.4119927,78.26648323,48.243935,2
257.5716738,11.73722304,45.8307354,1
346.027983,41.56409741,35.2083097,2
41.43550738,62.99413252,27.774689600000002,2
400.3721124,19.15661181,42.0974322,1
166.4012323,5.735069675,37.848239500000005,1
596.1433029,15.97557909,14.0437453,1
374.0068469,65.80168049,14.652464300000002,2
370.5595942,75.17204186,40.7491349,2
180.3488242,11.24427393,11.8279547,0
340.8291079,59.78740595,32.9590661,2
475.3489406,51.33211453,12.0080196,2
67.07865109,18.04474527,14.544634,0
30.70677544,43.8556429,44.668365,2
373.4678757,43.9298603,42.6614735,2
84.7864278,5.1780702,38.7123865,1
464.6827575,43.63119041,46.3026873,2
78.0847983,10.08201755,17.5639413,0
0.865349991,10.89102671,49.4006628,1
175.7582853,60.30441533,37.9090942,2
167.1720885,43.06551501,35.458169,2
77.42060292,5.058775624,39.762052399999995,1
257.2132678,60.90745565,22.1668546,2
66.87973561,12.50296903,13.0004112,0
270.2495032,12.35468734,46.982277,1
543.9045416,17.54659606,35.3435096,1
479.6019678,55.78602508,14.409261500000001,2
165.8498166,13.12003074,14.0344538,0
389.0324887,5.803648394,34.9943705,0
204.672308,60.43669053,25.2983756,2
309.871748,9.940671006,12.7380254,0
203.0544099,61.72455547,14.9373748,2
337.1226398,60.81154923,33.0433671,2
388.600318,59.14721017,22.862912899999998,2
242.9005818,11.93542171,32.0129785,0
345.683457,41.27229468,10.3339898,2
249.3806562,53.59223782,26.1683135,2
157.5403506,41.03441534,29.7825172,2
561.0189946,15.24763345,43.5521503,1
246.3290106,18.80295479,49.150378700000005,1
56.30289201,11.18140414,40.7386488,1
350.9145613,49.42066474,23.2761048,2
476.9419276,12.68035084,16.3576949,1
400.023939,58.13317885,27.8252537,2
232.0129009,14.79092186,45.6275343,1
120.1656227,79.71005093,24.941923,2
134.7730217,63.87198147,17.3781906,2
452.3481067,72.07409634,15.509189600000001,2
391.3618014,11.47710643,33.3149245,0
135.6469051,48.66728805,48.7944069,2
68.95760493,16.83370944,11.11719,0
465.7221842,5.565460856,22.5035725,1
526.8702964,52.79795449,45.1674417,2
353.4909183,10.43440235,28.750047699999996,0
61.59888092,12.92266582,19.0722884,0
404.8230259,42.54021877,12.4820452,2
575.627944,51.20880614,43.2201545,2
505.3827513,13.78712591,46.574590300000004,1
294.8332896,73.30570313,38.9660368,2
358.681718,68.68109185,38.6135991,2
106.244863,19.1712512,30.4525842,0
552.7251626,8.70121131,45.1253668,1
182.1833897,41.10465504,18.4973397,2
334.2244014,70.12333839,15.6736661,2
223.9728982,8.953272192,35.7781662,0
180.4482295,16.71099095,12.8886851,0
349.4295676,8.151766639,40.6638563,1
437.8750432,78.65926636,48.1956834,2
79.36448267,5.739417391,35.857951799999995,0
343.1738836,17.67994964,27.958112800000002,0
586.1866028,40.86720047,27.9976752,2
168.9348966,8.08052277,34.6054264,0
509.0851491,69.62067198,38.7829459,2
527.2516467,19.85964106,48.626228,1
263.7872411,7.424565407,33.1485461,0
581.6148347,41.4329435,41.3042027,2
531.2045705,78.86601992,11.8689969,2
142.0819336,70.48382682,35.7491877,2
153.8524411,64.0769981,21.8962223,2
207.4279734,8.826308336,18.464046200000002,0
214.5504838,54.77075292,43.9555607,2
51.6273391,72.43874394,29.2394514,2
518.7394898,19.25569627,18.4525048,1
11.56318298,59.93057997,31.895065099999997,2
11.80962372,43.83478699,15.576119799999999,2
185.8665245,16.44927785,38.3271214,1
522.263668,68.22549177,16.8968963,2
554.5607163,15.80167,44.2921319,1
133.2577248,73.94661247,32.9747675,2
276.9321148,10.77438084,37.1937513,0
150.0144236,7.358058253,15.2897526,0
584.8116443,9.601914247,41.3854017,1
377.6933696,78.12569359,27.5985142,2
512.0961431,15.80924436,30.4537644,1
20.32801689,42.40353411,12.3137575,2
119.2987119,10.76028611,45.1271943,1
222.6019231,49.3663658,44.5905413,2
246.1491209,19.18662076,14.709866799999999,0
333.4213894,50.36480417,10.739167199999999,2
377.9225671,62.35639147,14.1814886,2
353.9711899,47.75583658,49.3037322,2
316.0319247,12.05373628,35.1126656,0
93.49582998,17.09145122,35.7338962,0
375.5135004,13.30592347,19.501241399999998,0
266.8277348,12.90511437,29.7718926,0
339.7667428,56.80138827,25.721503600000002,2
592.7336802,13.31148921,15.4931413,1
445.661178,64.29032821,31.002577199999998,2
261.2251357,72.81714236,15.734631399999998,2
105.5752428,70.44010511,16.7424977,2
536.5253261,45.79983062,44.733585500000004,2
533.2642914,17.5881193,25.968859,1
84.62287087,56.33951013,10.199791,2
163.1358749,65.53414337,22.473859400000002,2
339.8684096,16.34534082,49.8602948,1
179.1816711,72.399515,16.4242508,2
48.03703063,72.43965092,13.9790101,2
150.9536364,8.711944718,33.925440800000004,0
321.8321084,11.80124346,45.0005866,1
472.8917872,11.89449132,28.8928007,1
476.0328408,6.494958831,49.6282615,1
212.7836078,9.718814501,22.7248627,0
309.9004836,70.24244448,14.3548579,2
138.2469424,15.7268753,13.986574500000001,0
568.9708394,67.93076928,47.8480057,2
226.8380751,54.01365608,47.4337499,2
583.1627955,13.64733355,22.6677212,1
420.1025335,76.2724242,15.039332799999999,2
389.034514,41.65724985,41.6862195,2
519.670292,6.169907996,47.5256399,1
249.6166338,40.32292379,16.093179,2
594.1612181,18.10362959,37.989095,1
207.8273924,64.48437638,22.4216311,2
576.4470197,63.94636222,36.9897282,2
22.85969822,49.19355983,48.9856403,2
483.7334472,41.63983047,38.7559769,2
560.5619789,9.578217952,18.5670577,1
14.47779994,79.97642351,15.7446498,2
11.50374303,10.60029742,26.6329415,0
41.78999464,40.5759509,43.7852931,2
20.31668722,11.14171906,46.3773102,1
339.6900508,12.01789194,33.0471919,0
472.7605719,7.743843889,22.203050899999997,1
214.9195341,69.43246415,16.9969017,2
519.8982652,17.30962341,33.2401883,1
137.5854199,8.686254683,23.496037,0
452.9403264,11.38333817,10.627880600000001,1
391.4209637,5.545111225,34.3705311,0
202.2474918,69.34323156,40.4944951,2
121.5284272,66.45370448,32.2668817,2
395.3803889,68.54688748,29.8565633,2
142.4991649,47.06116416,22.8903934,2
362.5145473,61.1746395,41.5073803,2
413.4489529,67.61021438,39.5537718,2
150.022583,78.6446529,45.1537426,2
115.0061138,73.33094737,45.1535553,2
370.8551514,17.27540962,40.7381779,1
193.8041223,56.47849828,28.0315272,2
309.5338696,49.45041627,13.101011300000001,2
211.1946374,18.49864315,40.050734500000004,1
596.1539983,11.49259882,35.429775,1
360.5767704,65.2550123,42.763608,2
289.0297916,8.687278805,31.7898511,0
543.1028511,44.81692905,32.30369,2
138.1857463,58.61228786,25.952427099999998,2
471.3629258,59.26888816,22.702708299999998,2
477.6594404,19.35660644,22.4563239,1
543.2208763,11.41537682,48.244903099999995,1
538.5810064,12.27526981,14.2951297,1
132.2278886,13.94045241,32.202246099999996,0
61.60394727,10.21606753,40.208483900000004,1
299.1411315,41.0515992,37.4749591,2
473.3081395,73.13946326,43.0746627,2
46.37582311,5.399125491,32.8678923,0
190.8360423,71.39757394,21.0336448,2
561.1616675,56.75811581,32.2526236,2
509.7996653,42.76019357,48.3185542,2
396.9135307,41.98674824,24.8313689,2
378.8876312,9.34981089,26.3847114,0
311.0602475,78.253248,48.4760635,2
573.0431273,7.909909343,17.2625827,1
533.1443909,10.07760319,35.8338831,1
482.0137368,60.96998925,24.903422,2
458.5205813,18.64393087,17.0491353,1
22.16681157,11.02814407,32.1697274,0
443.7639198,15.27087746,23.74561,1
188.7793842,52.45290717,49.9586373,2
257.4135555,55.3773239,38.4974029,2
44.30790198,12.33984121,34.2126498,0
537.8479421,5.191481398,35.1444999,1
155.5080292,41.21495515,34.417674,2
160.7305831,70.9228325,36.1865658,2
341.5655923,12.23534313,37.4150597,0
257.4385611,70.34092765,49.2613238,2
7.673336551,8.782593162,12.1372837,0
332.6584946,10.87305649,39.157705799999995,1
502.5671,52.61777864,16.0180661,2
143.0447751,8.222819096,22.1793438,0
58.91739972,18.40661282,16.050557400000002,0
458.8672474,14.26541879,10.1972166,1
591.3145523,16.48676439,21.0396089,1
531.910943,59.97794877,32.922541700000004,2
479.8723149,62.9801731,16.5180646,2
485.0176916,10.44883028,16.2972225,1
316.7902352,10.90029258,45.8088674,1
80.62345594,19.15649573,21.5582366,0
232.3411538,5.010752881,48.558782900000004,1
10.24519381,49.95326223,18.895620599999997,2
438.1731467,53.72542214,10.1310805,2
555.6212014,15.68107988,43.351838,1
226.3539005,41.85685542,26.2466612,2
455.7917511,55.21140993,20.302439,2
397.6867217,73.65212598,41.1654009,2
590.4916592,19.03284534,34.4439116,1
240.2461502,41.99015166,28.327495400000004,2
386.2404882,17.81852996,35.9041231,0
542.9513559,48.22512326,29.7089241,2
75.39344907,60.39448514,20.0489079,2
246.7715575,78.81611203,42.9064229,2
341.4345309,7.336274343,35.1334968,0
597.6773888,5.737412437,13.3687159,1
465.9811931,11.68276722,23.007691899999998,1
299.3055235,66.76732108,20.2419485,2
263.9367119,9.672684485,37.8172269,0
108.0230674,13.04288419,42.4964931,1
396.5106893,76.97455847,35.6460108,2
175.4052767,14.27154448,24.357985900000003,0
458.6854853,8.724312194,37.0181513,1
517.0439415,64.44617961,27.274953200000002,2
346.7412466,16.48644982,41.6790924,1
554.9404211,10.95841294,49.5052102,1
73.90200245,13.72383257,24.0744239,0
586.3234782,14.06571079,48.2530529,1
12.31186741,77.02967379,20.6758457,2
111.0058456,7.883868777,35.8235959,0
163.6211099,11.30945355,37.3422847,0
349.7045652,5.294157987,21.062814799999998,0
383.0580578,75.58841094,29.040025000000004,2
542.2198696,68.99929037,34.0432904,2
245.8471317,79.05029759,28.6018363,2
42.9720394,59.05930537,10.9988801,2
148.7548096,60.70167221,19.0057782,2
353.8987439,72.81118243,26.8968908,2
305.3065457,5.855035813,34.3060908,0
380.0771553,70.90208537,29.8436598,2
171.5532929,60.92930996,30.728884899999997,2
303.5462867,18.4669371,27.958505700000003,0
91.49412965,70.95203193,24.507685900000002,2
2.518948704,44.50274946,49.4257224,2
294.6452126,68.10348226,46.4831735,2
506.2649086,19.87391353,32.3937486,1
326.1400646,5.750967906,26.3372699,0
507.7325824,9.281061027,28.298900399999997,1
419.634923,41.41516861,49.1761381,2
526.1409503,48.06790225,31.721703899999998,2
464.2982507,67.10392843,13.407619700000001,2
96.85591698,69.88270937,25.1627227,2
36.00405899,45.90994314,34.960867699999994,2
507.8059729,49.12614913,30.1591848,2
234.1653339,10.63956833,32.383265900000005,0
449.3373873,60.66157301,11.974955900000001,2
209.0456144,45.53858384,25.075665800000003,2
126.9004589,69.87308702,15.9914313,2
6.402119556,57.23725773,35.9159516,2
400.6532644,13.39839652,12.4000673,0
463.275813,15.97809106,43.0486303,1
404.3890299,7.993574238,10.6646346,0
363.9286433,77.38969452,32.7905028,2
383.18472,54.20932128,27.720286599999998,2
252.6565705,41.07819039,14.753888300000002,2
431.8281961,53.54647785,26.9551519,2
355.4769941,7.294147797,40.3284382,1
314.5580866,66.81061379,39.0859891,2
340.7214787,73.99186683,41.0629674,2
321.9390338,63.95399745,45.195562900000006,2
555.1583636,64.60703246,44.362690799999996,2
167.3865535,42.34126957,35.3362718,2
64.60539364,75.69228189,15.2325313,2
277.180059,43.66216909,33.4353673,2
204.9682708,14.38761792,31.431941899999998,0
195.1390126,8.670733955,19.4638064,0
387.9201314,18.24254736,46.6186201,1
156.6703466,15.80484375,18.499683,0
173.5680802,9.517633805,28.013703800000002,0
167.8323949,57.81080113,22.7954705,2
143.736264,79.84641185,31.1945276,2
543.8185422,18.91049614,24.8892785,1
251.2144053,5.199218052,18.149518,0
419.2998319,73.74257169,35.7727826,2
357.6161271,16.34288351,43.1665196,1
66.64491879,14.47316568,48.2678624,1
276.4600333,15.34552302,24.7528284,0
314.6125557,6.243718721,27.4911962,0
92.02813055,53.04446051,15.570298099999999,2
195.1912967,8.878358955,31.604850499999998,0
409.7863407,10.77587084,32.793727700000005,0
458.5550806,55.51650522,44.2587461,2
464.5032872,6.975643028,45.4335627,1
460.2459945,13.1862452,20.8870672,1
482.5587201,16.07808559,39.1359364,1
374.9484217,11.36739249,36.2053461,0
451.5648435,60.57107298,19.4659701,2
279.5625809,71.43486656,18.129546599999998,2
146.8149328,67.82065025,32.3422682,2
194.5783345,12.49427618,41.9010365,1
361.1944302,9.24944792,45.459614599999995,1
585.002896,70.11924296,39.6380433,2
551.5041649,71.16285794,25.8528447,2
505.7788427,9.842146902,10.600923,1
208.9935789,48.22358645,10.8341069,2
109.4198712,41.75996122,13.8032831,2
215.6292535,73.35832499,28.4112257,2
112.2010235,56.43649173,43.2901764,2
147.676729,73.53988872,26.3262756,2
528.2364159,45.86248011,42.7063104,2
253.2405117,56.21298831,31.7944457,2
580.0898555,19.74420319,10.3532498,1
240.3442505,19.96508395,13.21564,0
560.7998024,8.318567297,22.2124539,1
378.1251761,17.8756007,17.5323737,0
321.6403601,79.89610828,37.836691099999996,2
401.8386459,55.36098328,12.3010228,2
464.562468,68.12025931,27.830641900000003,2
51.79995843,64.24670805,14.0180756,2
511.9462759,57.63520933,33.5326734,2
205.6410754,11.06164772,42.5268673,1
487.2559081,10.7458821,49.521346900000005,1
459.8424097,50.86667227,15.966169699999998,2
153.092768,9.814031575,28.1869041,0
236.2353511,7.243239778,48.7551922,1
78.39281732,79.39207392,25.7035638,2
305.4894572,11.84475231,41.6147329,1
236.5709531,19.00119981,31.1173704,0
466.6771997,19.11488484,42.1006252,1
173.9681417,44.06448607,32.0633806,2
10.56667402,11.08571636,30.4738954,0
151.3800485,12.31201753,15.8372237,0
260.0333135,9.113927752,36.6585549,0
526.0589445,12.15475089,41.5190143,1
171.9355307,79.88092416,46.4374615,2
30.67895549,58.10098897,42.8528587,2
63.18205982,10.8637614,25.245286900000004,0
52.48871327,43.78243901,35.3770833,2
569.443096,11.39609085,30.780981099999998,1
432.4040195,78.36160866,46.5541993,2
550.9683156,7.257432471,42.2225691,1
466.1278959,8.624883812,36.6429344,1
522.8385126,11.60181156,17.0503027,1
61.69061654,9.581663398,40.824528799999996,1
62.49518065,19.2611707,13.084896500000001,0
523.22871,48.82272295,29.2188713,2
416.6499674,51.85248554,13.849156800000001,2
189.9220712,7.983752206,42.5143037,1
331.6235056,9.015026558,47.8397872,1
452.9161814,67.53464217,33.8514578,2
202.1538097,18.75134005,47.2910411,1
383.5750371,57.37406079,35.065138499999996,2
533.9002033,12.37271339,45.153875,1
37.27871112,16.50152535,23.7905781,0
344.5964854,47.62865616,47.6325196,2
448.1815012,5.546915762,35.788355100000004,1
207.9619391,72.34159267,47.012166,2
162.0879581,11.9053306,47.018346199999996,1
488.6892296,79.79576773,38.420976499999995,2
244.6457664,42.30493527,30.045115900000003,2
587.368172,16.85389856,21.4842366,1
474.6730622,15.76905535,13.110216,1
578.190909,19.58852353,36.2290517,1
70.09711325,44.86687572,16.1128741,2
99.15588878,10.21655146,25.111270200000003,0
53.69241076,67.94959629,44.8868777,2
32.90817416,5.57601316,27.4627162,0
228.8113313,15.71130534,45.9954191,1
203.6814133,19.22637733,10.6098679,0
24.85122723,14.50834193,26.9237569,0
388.5595874,68.77291277,23.5861251,2
198.8166643,7.378042377,27.3140318,0
561.911773,10.89755652,45.5423256,1
472.648471,8.139591138,42.4593581,1
459.022179,11.16224593,43.435444600000004,1
392.6305705,55.71806543,34.6834321,2
498.5858915,9.744385231,18.026550699999998,1
455.7638072,61.38420218,23.5201113,2
518.3209581,18.35028352,14.880880099999999,1
531.7470894,51.74153355,28.900826499999997,2
525.6450493,10.21733521,15.683234700000002,1
418.1499272,14.55953235,32.9570115,0
24.5996089,15.10634345,43.2785753,1
288.8476049,12.11800344,17.6903239,0
550.1774104,18.98850063,40.2710255,1
68.67650155,7.091753543,48.7310579,1
343.3379896,13.10916491,36.7984421,0
575.9398188,15.44332154,14.787752000000001,1
323.9526676,18.14438523,18.1915124,0
455.2730053,58.99609167,30.8299143,2
305.7439145,15.39380344,31.2868391,0
561.5834251,14.14292765,47.651939399999996,1
435.1866845,50.63921566,13.344208900000002,2
402.1966772,7.36057375,29.7972234,0
107.4645272,9.127853177,21.057797,0
180.7072306,15.45033482,37.3233457,0
189.3879676,67.48860165,22.7827457,2
56.98103593,45.18104507,47.3886905,2
493.2913131,70.58592963,40.1313718,2
139.232593,19.54728297,28.9428572,0
1.333105998,18.58774085,31.0632366,0
58.24683834,16.91201843,32.2882496,0
270.2227494,11.53094485,47.5718356,1
500.7249093,58.69317187,33.3735572,2
198.4359106,7.978142883,35.9768063,0
121.9761385,12.59067039,22.3414214,0
511.7928768,48.93881303,48.7033717,2
402.4098013,59.08452127,48.149242799999996,2
598.6350589,8.088309661,29.167039700000004,1
414.5249661,60.39133463,16.4548879,2
158.3992331,11.67278649,17.1032902,0
67.08012591,65.67443115,37.9789935,2
423.0232305,41.39654458,29.8500586,2
29.91385877,6.098684062,28.271550299999998,0
581.7201889,79.88461887,42.4485796,2
421.653271,7.079787937,33.601581800000005,1
340.0746615,59.51333891,25.7870277,2
419.6538685,12.78406046,33.8951769,1
112.847943,18.19756622,39.903176200000004,1
597.6764088,7.531241576,24.5250407,1
575.2770571,9.629489728,28.5354631,1
26.56662698,70.0646505,30.145536099999998,2
87.51809105,11.54070461,30.460041399999998,0
497.9694553,46.14774625,40.755505199999995,2
30.93598975,66.46808371,39.846887100000004,2
597.639048,71.41080264,20.5288336,2
530.8756126,49.93858419,12.963635100000001,2
222.6292595,10.67294524,49.3476823,1
9.011836844,9.698761107,24.397961000000002,0
273.6882306,16.63815882,25.7932525,0
262.2180056,69.83885352,14.7614644,2
315.8427606,42.60153839,17.3732787,2
552.290657,10.01663791,44.8879413,1
262.182102,57.93400428,32.674846699999996,2
126.327356,43.23064739,25.551359499999997,2
121.4258384,54.38070768,36.6069463,2
70.21012234,79.13812593,23.471239,2
591.8073139,16.1132481,19.9166955,1
28.9375602,11.39477441,16.697662899999997,0
118.7508188,15.68011942,41.0857797,1
408.2379175,19.64684794,39.7507292,1
457.3082569,66.06118741,21.9933649,2
359.0624301,14.70833425,15.8084174,0
425.459208,11.10760608,10.759347700000001,1
88.39831563,50.55459504,32.9899917,2
382.1733025,55.68880914,20.1200053,2
468.7642527,13.79353248,20.8928701,1
487.5706882,64.96552633,47.0315407,2
73.14458211,13.13050018,11.886711799999999,0
214.609266,19.40550162,33.9286074,0
308.642019,5.437560029,45.3075752,1
486.0389278,14.60376372,32.4772267,1
231.5341733,63.10822004,13.1354382,2
97.66619081,62.0113671,28.0145631,2
399.0939143,74.39996875,15.8586434,2
460.794281,50.15949797,48.8693451,2
22.61507819,14.10459674,29.0092256,0
173.6740229,17.06391732,20.7776258,0
278.4425685,64.89214053,17.7209774,2
279.6321446,55.68453562,39.4391535,2
386.1762072,78.65914692,17.1779233,2
386.4743521,7.120753313,42.4000049,1
293.3808554,16.88284907,14.1746936,0
139.5038534,8.008469894,48.989569,1
392.4373944,18.64333143,48.9628755,1
171.1941158,11.64040553,28.5317479,0
580.3863961,45.33054892,26.661698700000002,2
4.892756676,61.74242359,44.1381152,2
229.431005,6.527708977,36.9788373,0
402.5232693,12.91658314,38.145550099999994,1
121.7834266,56.2634164,48.6167059,2
132.2251095,19.29686919,49.922025500000004,1
194.8208613,6.642235491,23.4433625,0
142.5169829,13.41041722,37.5642347,0
292.3829956,17.08955193,47.8000148,1
552.7768208,66.06663983,30.1954018,2
272.967699,11.09123199,11.112519599999999,0
503.2837658,15.9451762,19.835467700000002,1
467.1394952,11.74375029,47.5893897,1
307.2889602,51.99888715,28.9019731,2
317.6143365,14.34706781,49.618516,1
361.513786,10.11571809,32.2733001,0
290.5129656,12.80983031,24.8666512,0
331.0567846,12.12650511,18.211781799999997,0
158.8091053,46.16011494,34.8113154,2
93.97328521,67.90991999,49.3329963,2
121.6336347,6.117656927,38.7302928,1
292.5175281,68.78613735,11.7488388,2
453.4953546,59.87455423,26.442921000000002,2
578.8214826,70.65391855,34.4980179,2
481.5819593,15.56740455,26.2090718,1
119.1871232,40.28771824,31.9116352,2
571.6991981,72.32673244,20.4989955,2
331.057378,15.26037293,32.4626857,0
195.1778356,50.3795083,15.5290667,2
576.0194733,13.25855952,42.119086100000004,1
448.913359,16.22242699,35.1645323,1
30.45762529,79.21513876,44.7088154,2
199.1693785,12.5610512,19.3694132,0
240.474567,40.85199352,25.068390299999997,2
577.6793994,16.04026053,24.314326,1
171.2886833,64.04489568,27.002856200000004,2
410.247038,6.404861789,25.654805000000003,0
176.483547,70.48174032,14.309871699999999,2
500.7748439,17.07678813,14.951177800000002,1
178.6053028,78.62299919,26.0574494,2
321.6171497,17.63290596,11.4897236,0
104.1031455,73.09399854,22.4102562,2
348.4383173,66.46507446,10.847464599999999,2
450.6920209,7.70986312,13.630144399999999,1
222.169437,54.8993613,11.4941214,2
109.0377061,5.996080302,33.1512798,0
151.3935147,12.38002594,26.263343300000003,0
574.2941534,7.464056742,39.7843936,1
490.6874783,78.46067227,24.0784312,2
298.1372169,56.22918772,37.7419054,2
491.3265307,9.219268453,34.5010153,1
361.7213616,17.22770348,31.1450422,0
387.1166017,65.782224,42.8162965,2
552.0712375,15.00555286,37.2307958,1
175.1955939,6.602314894,10.7705588,0
221.7920219,47.72735651,46.5369362,2
357.0865518,13.74960872,45.4038301,1
456.6200188,8.510866625,27.484814699999998,1
449.4071117,10.90578754,38.092323900000004,1
264.2007397,8.212643791,35.625195,0
437.9257507,66.52284448,38.888387,2
285.6947287,7.211795139,20.9103174,0
88.88878733,71.27935414,17.7218695,2
99.38204278,62.49491129,40.3727613,2
241.1224812,14.05632716,47.9505889,1
472.4861568,14.14522862,21.3079335,1
0.335456342,79.14868548,25.878083699999998,2
252.0166311,8.067251918,17.5654929,0
524.4714853,15.35922969,17.0141989,1
411.6425185,19.20755925,45.3489131,1
66.20476061,17.69831484,48.2963257,1
572.3534864,16.83560906,37.6377261,1
121.0756774,16.61728405,46.053117799999995,1
409.5866529,48.05819811,46.2131934,2
430.9049892,18.60299866,41.6984152,1
247.7607358,11.4865575,18.0948262,0
166.7009903,17.03841122,35.089707,0
460.8298346,19.84024271,24.0773829,1
376.1853355,61.44836684,35.3346504,2
93.56840723,15.55903861,10.3501389,0
394.7686232,16.35390268,47.7009413,1
302.0475125,17.91513232,41.7809201,1
438.872735,46.25033271,16.5895102,2
353.019592,7.803609447,49.9093389,1
421.8110887,63.51075471,22.288375,2
346.7487659,10.35084754,35.8811519,0
73.74456481,7.837080445,30.8189112,0
235.5068196,12.12662547,28.7802712,0
220.1210667,65.11249716,23.146431500000002,2
64.89790818,75.5894241,43.639767899999995,2
521.4776606,13.57009293,48.3380422,1
23.87617371,14.04520795,19.0593842,0
107.7571688,63.21640093,48.5171833,2
243.1614048,57.7400553,24.258373,2
402.0533223,14.1007937,26.3011419,0
472.2959042,64.69734082,45.8557874,2
180.9159608,11.96497617,31.062170300000002,0
76.0370411,11.70311293,14.431881399999998,0
387.1460054,74.50838355,49.415953800000004,2
368.3531118,13.48777681,37.324008400000004,0
471.8038516,59.15867647,25.099686100000003,2
360.3589944,67.63026625,24.0714458,2
253.7854193,62.91587447,40.2634975,2
453.8819075,60.63303194,17.0378693,2
534.7937838,6.177648027,10.3241427,1
595.0126426,7.855726794,23.671135,1
252.702753,15.06090988,43.1436617,1
92.6967002,9.550464233,13.9758077,0
417.3554825,12.40263774,22.8740724,0
149.7968845,7.609455589,48.205460900000006,1
403.2376285,55.35805863,32.549259400000004,2
431.9696621,19.79573257,34.395985,1
318.0927769,61.0835434,45.5111798,2
115.8721688,74.01702248,18.2488499,2
331.7129485,48.38117606,48.7558911,2
521.2498899,15.29036336,19.929705300000002,1
481.3541568,42.16803235,29.5467733,2
24.4463027,7.904357147,42.7943136,1
365.0674356,18.064514,20.0464217,0
9.946483011,19.44098876,29.138459700000002,0
126.769404,45.3800859,41.9452772,2
487.1822319,76.87164417,17.7767144,2
231.5507866,19.42315584,29.0644925,0
313.9756534,8.459579603,48.9231019,1
238.3928784,53.58963073,31.4819203,2
145.0184015,17.19713007,36.6717953,0
519.776976,16.49235652,38.0277826,1
67.65419275,14.45952942,11.1127071,0
473.6712006,76.43988089,14.635575900000001,2
104.057712,12.6426331,14.1683337,0
73.91604293,19.91431979,23.6499456,0
338.6789521,50.58236512,32.9935695,2
131.2978833,44.08244414,26.7599582,2
413.7778803,62.65806999,10.596644099999999,2
246.3272902,62.13036749,45.3772834,2
545.9429243,5.856486177,42.9222747,1
209.5127092,58.83163112,39.1227317,2
412.4904832,46.4287764,29.925647599999998,2
483.4301704,5.585096311,34.9107271,1
123.3888634,5.275335866,38.4059214,1
250.1900113,49.77019559,17.371013299999998,2
346.9781153,49.82333473,49.1482935,2
340.4484979,64.01863253,38.6158359,2
558.6272098,9.281079355,29.083729200000004,1
239.9740943,12.50457735,11.2866977,0
510.0252801,46.78289826,20.7217098,2
172.7220073,41.45483335,49.648927900000004,2
238.8590798,8.144913832,25.0526352,0
227.5701183,8.549146741,40.6082256,1
239.3196484,74.18129478,49.2058375,2
219.1312525,6.896963681,46.7620823,1
561.918698,45.75161903,25.083005600000003,2
127.9386998,17.78813967,31.1192671,0
396.3372303,19.02233061,31.089560700000003,0
53.62486673,8.957091124,23.7105072,0
426.5737337,17.0837124,38.2516397,1
427.393395,8.500944042,27.546890400000002,1
37.61190444,69.83670444,49.5233128,2
343.4717431,78.17301863,15.4366176,2
409.0158441,44.37387293,25.551421299999998,2
345.2382561,13.47610687,13.0592299,0
392.1908518,9.541514114,43.4167724,1
110.0131768,11.24325547,46.7725834,1
128.2526739,15.76514237,26.742772300000002,0
478.1935487,73.35525041,23.615260900000003,2
50.47907278,9.472255344,38.9916386,1
30.53084041,44.03325915,41.431087500000004,2
351.962645,11.47765538,33.6044488,0
347.4037476,5.355745405,36.0391584,0
56.8906651,15.40066308,30.9619017,0
141.8405999,9.476759917,27.631816799999996,0
418.6975371,48.38715112,19.674742300000002,2
20.28529791,79.45298835,33.171422299999996,2
87.63846896,17.773721,45.6366124,1
180.7185071,72.27680614,19.5721663,2
279.0459619,52.58687291,43.1518892,2
511.2053361,52.83925894,25.534656100000003,2
598.3282569,57.00671492,25.985947399999997,2
561.0727383,48.39304144,22.0215377,2
517.6379763,18.63376616,20.160182600000002,1
57.74752728,8.671998095,12.341262799999999,0
312.6335812,12.5355773,31.3224332,0
531.1710708,61.89550315,34.0765245,2
16.08627453,9.216108282,10.2710801,0
292.9438433,67.90418006,46.1560679,2
247.670738,7.718753833,38.8647765,1
107.3169967,61.65300476,37.176957,2
520.257895,52.29903741,39.101418599999995,2
528.7120959,6.685955408,37.5730675,1
393.6157917,47.91980247,13.5013317,2
312.0316449,11.60904671,18.6476129,0
318.4455789,17.43000715,26.963758799999997,0
248.7019601,12.74371735,33.0706215,0
560.6199384,5.633007029,42.763841,1
145.1750763,55.46770152,19.150588900000002,2
585.5063178,10.39314717,28.077963900000004,1
13.62021945,48.89771823,36.579080499999996,2
44.66213769,18.22453024,21.9118614,0
168.3048448,9.804481137,13.8875024,0
544.5565792,51.6312074,47.921176700000004,2
104.9629468,19.40017821,21.4529105,0
194.2829726,71.33741877,39.8501878,2
437.1338291,11.28873874,27.052735300000002,1
162.9017072,11.07452881,39.3967112,1
7.525512418,63.62581004,46.1501162,2
270.5337691,56.68544571,35.6359693,2
248.3936358,50.5292402,15.3844748,2
390.9364817,69.47633979,46.0152775,2
516.15742,9.676664702,41.159596199999996,1
132.311081,68.86380683,47.7769781,2
373.3127608,63.40168193,25.836942899999997,2
29.99520894,57.39212818,36.9723252,2
226.1929076,13.91497601,33.2327418,0
110.0514229,75.11476028,12.8555853,2
293.972894,49.41759919,44.2806504,2
246.8752423,56.03452955,34.322185,2
281.6234358,76.21659253,12.6887521,2
292.7556868,13.16691998,17.3196971,0
132.4053584,48.92000724,47.6668444,2
402.0572325,17.96604481,44.7765729,1
214.6306811,59.22236499,35.3538531,2
425.8821859,41.12984825,46.5721873,2
243.4257173,7.890145947,30.5958247,0
581.7411219,47.29316919,10.2638584,2
454.7822752,13.24117748,43.9316391,1
544.8396963,58.95798063,14.706471500000001,2
48.60056963,65.86351802,44.4970109,2
115.8622569,9.303003125,25.689866099999996,0
153.9614609,17.39696914,20.7137258,0
3.294840522,44.13110741,34.9380737,2
342.7013372,12.646356,38.282564,1
369.5752174,58.61261898,36.647544599999996,2
61.0735869,12.27488427,46.1980344,1
480.1517287,9.809941321,32.111844299999994,1
519.3189869,48.53147672,44.865546099999996,2
412.1535972,64.73581938,39.873626699999996,2
589.377579,19.2588802,44.5879058,1
574.9783018,8.718986747,12.4632597,1
560.6811358,48.34276113,19.072060800000003,2
201.2038916,13.2833342,49.4353261,1
540.3405164,73.93508555,32.061854000000004,2
51.22995918,42.38144262,24.4170793,2
360.0456112,65.06759609,13.3902198,2
553.5338343,5.087970918,21.1949902,1
220.1778252,10.12461669,32.419084500000004,0
101.2501225,5.817639161,44.4363007,1
162.0367566,57.37134073,36.231733,2
256.9756925,49.39344197,28.0325675,2
71.69147586,18.1251305,10.4715579,0
397.3481241,18.94805723,27.7477935,0
71.64734544,14.23143373,39.2121651,1
76.09892111,68.8596251,47.1714821,2
301.5487853,12.57367177,44.8552191,1
90.69427855,5.774860357,20.1519368,0
350.8649872,49.97111465,32.414129,2
218.2619245,62.64698167,23.225525,2
230.3892467,47.20745277,48.4593108,2
52.32624055,13.42815434,39.7025945,1
238.9234542,67.79424319,30.3933692,2
174.0682132,71.61909797,29.466249700000002,2
370.7318503,44.44103793,36.1552256,2
371.4572891,56.22727602,48.167028699999996,2
517.1831365,16.52599893,33.092384800000005,1
195.8004409,8.940399648,46.445689699999996,1
23.91897575,74.70320123,47.7714422,2
242.4215868,9.961894871,16.775151599999997,0
307.352438,12.51314909,38.0695334,1
550.4290563,57.45973308,42.613414,2
27.93827874,44.14314206,36.5746728,2
283.9642465,54.3683813,22.237707200000003,2
143.6779434,68.68152405,47.6664715,2
78.13264352,9.632913489,13.1255281,0
60.89271759,63.55767136,30.040496,2
574.6466256,17.8869554,40.2553052,1
192.2643739,55.45544172,23.1391056,2
584.4386346,16.55133547,29.696987000000004,1
355.9289044,8.503706513,12.2585917,0
491.3054597,14.71580082,35.0982735,1
243.2069936,59.70046633,10.493279,2
283.9564051,6.567204751,19.215286000000003,0
329.008041,60.15101735,25.6041542,2
453.7792906,18.46128575,32.3712845,1
355.3109941,47.28323733,32.3770788,2
197.3700425,62.32192965,32.5659456,2
486.7824064,18.18321719,23.965645799999997,1
288.8985823,8.317214152,23.5250734,0
388.8866892,54.12532301,40.3172084,2
276.3146327,49.78049661,23.1909806,2
58.61860256,6.399310771,14.5647515,0
439.2184149,19.73723871,18.4619166,1
117.9889523,54.93761045,47.573214899999996,2
106.2862522,13.0033165,32.1169959,0
427.3949364,16.70072131,21.828055,1
493.7160516,42.5420852,42.3209952,2
63.80919939,16.41508974,41.6448962,1
366.0819294,72.84082685,25.387559999999997,2
476.2273502,74.39583441,35.9430544,2
369.0208653,62.78914677,19.3857562,2
60.18632814,65.3203117,27.672631199999998,2
322.3664147,48.77586842,20.086282399999998,2
297.026196,68.40965625,29.3541551,2
511.2955703,16.65197656,46.5798578,1
216.8169947,65.51348528,27.243771300000002,2
326.1429549,46.63135145,22.0764597,2
140.7516147,17.52435163,30.2382952,0
306.123805,12.6912485,22.928486200000002,0
133.8528684,7.617477296,36.15733,0
590.1249471,70.94560622,14.757474100000001,2
457.1703561,57.76975683,28.2970231,2
354.8756588,14.66319524,43.0687659,1
345.3989822,44.16815809,15.1117589,2
579.8850117,50.65364451,44.301694000000005,2
144.6175553,6.789075081,39.098135899999996,1
251.6530062,19.1956798,43.8594436,1
501.1340569,7.575649835,43.252647700000004,1
314.2758411,19.95024917,27.632849399999998,0
419.3762355,19.21215852,30.778918,1
138.6689773,6.892036794,13.3715469,0
31.31197792,64.65518418,27.1649477,2
196.3294879,13.06538193,15.855709000000001,0
130.0087373,7.682616028,30.2852164,0
116.9116914,5.439491647,20.4898064,0
4.154578239,59.91187188,26.7761931,2
380.1380133,41.10968907,13.878763399999999,2
196.3659365,48.16505139,40.9777536,2
434.7544309,6.849777366,27.7919172,1
368.8889716,14.43101023,38.499675100000005,1
328.5355517,10.75413561,40.1376858,1
332.9690262,51.27527325,35.3460481,2
306.7465902,19.34029566,23.2572026,0
411.6716068,72.02729426,24.4300295,2
264.6521835,11.32065412,19.090991199999998,0
163.7917027,11.66169508,42.3712609,1
158.8181297,57.75343299,48.0372705,2
23.39607174,69.4586955,37.218972900000004,2
104.6924466,75.5765916,11.869001599999999,2
354.7386974,15.76105333,44.8659326,1
208.7054592,18.79688858,46.2583697,1
104.8440154,8.869092602,32.4332795,0
60.55393005,17.93502375,39.9393216,1
572.8286206,9.108723059,30.703815499999997,1
348.643237,9.240010408,18.357167,0
241.2806721,7.439783273,25.92685,0
457.4784285,61.22147588,13.2351234,2
373.6572684,8.874506437,47.9409544,1
541.3617496,18.65294186,47.6602971,1
157.4591273,45.01832358,29.38685,2
368.326212,56.34903713,17.4124487,2
44.18955748,48.41606763,32.561047599999995,2
60.52599412,48.5085318,25.9565783,2
520.4433718,6.58933867,34.3937069,1
189.6178887,17.26856265,49.2725647,1
321.0349029,72.82238924,17.1939697,2
448.9730195,45.93541454,11.377588,2
166.9096054,43.05892531,21.3590858,2
189.2521866,16.75928777,25.3777888,0
44.37257536,8.748011979,21.0674232,0
295.2697829,40.50627081,39.2738618,2
200.6108647,64.9244275,22.4000707,2
279.6045293,57.35710758,39.6162454,2
531.2010063,16.95421256,43.3062516,1
423.2437735,5.366403244,36.3383367,1
449.6582996,44.26870594,21.9773904,2
124.0655058,65.19787843,49.3399209,2
539.3565524,46.26687578,20.7668158,2
352.7363449,18.12115474,19.8393093,0
188.6718543,16.82239682,28.253473,0
156.7384923,63.55927374,38.2186182,2
17.11710536,15.92174656,13.105181499999999,0
316.2023817,17.78808111,30.8831254,0
502.5084896,43.59481883,38.6475277,2
103.5600712,10.94081716,34.3207504,0
341.8449467,16.84510421,35.1360533,0
519.671658,54.42915938,43.4352096,2
318.6269547,10.4764088,21.325382700000002,0
38.04640949,64.42037261,28.3786748,2
415.6280783,9.981108362,45.0228689,1
75.27912082,42.45791664,43.775018700000004,2
357.4798065,42.02067558,49.0744987,2
147.8788587,63.65919544,16.4393952,2
173.0233262,47.48286461,39.4032687,2
166.4136504,52.86198832,41.803409699999996,2
255.5139311,9.422258575,40.6565623,1
445.2866553,18.67365331,35.8084809,1
188.6579194,59.51961482,41.3430012,2
490.9909322,78.68473418,41.612050499999995,2
258.8821906,72.66220096,24.6669518,2
456.7460758,10.70292497,24.8978301,1
69.20106997,13.87711861,32.029600800000004,0
312.2378199,17.08858764,27.1708772,0
596.7572136,19.93467765,41.4399356,1
245.03927,42.2636339,29.3971186,2
225.4303182,12.27883406,22.2055732,0
83.09735049,8.266712027,36.436485600000005,0
408.0357162,6.173631479,23.5913817,0
212.4279271,50.72801448,22.046221,2
537.5649088,64.91200554,22.6448817,2
355.6372708,42.81266371,17.4116772,2
498.185965,11.13874361,41.472983400000004,1
570.8653348,7.99809462,18.7581296,1
96.31289133,6.528181462,17.9398813,0
42.56170766,12.75681332,35.9381564,0
105.917386,60.439674,36.1186796,2
425.3877838,19.28396022,42.1482161,1
391.8151683,53.3599768,42.4171336,2
271.6640327,15.33715035,25.978868100000003,0
354.2059428,17.53356065,38.1048377,1
9.534069473,68.69214951,43.53046,2
247.20011,49.94198232,13.985315400000001,2
299.1732525,61.30813228,14.792951700000001,2
496.6374395,7.300472411,29.115187999999996,1
367.3105169,76.42209003,47.0904494,2
472.1682169,8.154142669,14.6305138,1
90.29796464,18.99789376,34.616660700000004,0
171.0024878,45.58218418,22.338790799999998,2
330.7993116,63.75300396,45.061000899999996,2
369.5787255,13.35571379,34.2335992,0
128.1795964,59.94957323,14.2744922,2
216.7859555,67.79156409,47.9389834,2
316.6806309,55.3956054,44.95316,2
215.3006514,73.32853673,26.078833000000003,2
555.4282686,75.6281611,39.2856877,2
319.397165,78.90231852,20.8223922,2
46.09378993,5.794039034,40.338893999999996,1
335.4892971,17.67296128,21.8444147,0
161.5927921,55.69141831,35.481429399999996,2
72.43337416,41.07898479,13.1416375,2
439.0813998,16.00880555,18.742330900000002,1
528.5508156,69.25687789,46.5967024,2
49.57045848,11.20889087,35.6205396,0
437.091813,73.80194851,25.739894200000002,1
12.38125495,49.22155169,13.9161398,0
47.82097022,11.75036359,43.419175700000004,1
516.0986623,76.47902975,42.2992307,2
554.922805,41.52272925,26.7893849,2
443.4571742,8.943863714,36.4167644,1
93.39338476,13.47228744,17.2075025,0
64.47380768,19.08078953,29.415617,0
374.2946408,67.5300066,12.4146779,2
424.4533762,6.729516355,29.7995947,2
576.9300037,6.934683619,38.089874099999996,2
503.9637042,9.060254065,25.5808398,2
597.4897312,14.699317,22.5203873,2
54.76965152,12.64584757,41.7521717,2
352.9330948,56.3861669,12.0170385,2
596.3302167,13.94095897,14.3426592,1
578.214071,9.261562238,49.2733999,1
36.96826357,16.82412812,41.3894677,1
479.393932,60.32322145,37.543919599999995,2
481.910105,59.1742227,29.0244816,2
267.3898808,70.65193512,34.7443739,2
370.2027334,77.43735085,27.156858900000003,2
400.4929629,48.22362866,46.6397799,2
65.36325696,65.85317782,31.628781099999998,2
139.3347687,13.37256776,31.0911069,0
172.0990867,50.92652224,26.812482300000003,2
178.843862,5.607637594,16.165413100000002,0
280.81014,10.63907563,30.5299865,0
220.4310965,63.87804869,48.904580800000005,2
210.2824804,17.05312665,17.4298775,0
19.42538198,9.655563337,41.692648,1
562.2829517,43.84209054,27.882860700000002,1
278.4781675,19.76863845,42.2827508,1
560.3645392,54.10579226,35.955172499999996,2
248.4928085,6.180465128,44.1560267,1
392.5485814,54.13536623,20.1440873,0
365.0651191,9.990942148,26.8342645,0
42.05506692,15.11440361,45.7854728,1
476.7191559,40.53989084,15.6308522,2
542.4320135,41.91165935,37.281112,2
88.3610545,8.077807144,40.2129415,1
439.0109652,14.65143424,34.166622600000004,1
491.4355724,75.04083329,31.4603464,2
46.49522144,7.818553832,17.4934703,0
578.3355136,8.883564122,40.042923,1
592.0710473,14.0742502,15.4320042,2
42.11378435,8.344250128,21.7381346,2
538.7140225,15.91368983,27.227597999999997,2
451.9532352,18.31627287,22.4737849,1
19.93923702,78.47771868,14.0817593,2
473.7129723,19.44177212,13.803592100000001,1
416.9266238,47.3044565,40.9913478,2
511.4022658,72.19301454,41.7354111,2
479.567654,58.70945948,41.8935417,2
176.1193271,69.94151451,21.950134199999997,2
76.97609548,75.32785787,20.762045200000003,2
68.45434966,9.69266942,17.4093438,0
554.4700823,10.01204618,28.047382999999996,1
509.8878392,15.71581343,22.0032967,1
145.9752461,12.14085053,25.363652300000002,0
159.5212498,76.0349437,26.0587621,2
58.25862094,12.2728811,41.5449283,1
462.1643333,10.38113766,34.4248415,1
388.0092588,13.03533456,19.5307731,0
442.8613285,18.0028282,37.4404787,1
583.5237527,19.93132269,22.9009557,1
253.6048926,11.10160623,41.551712,1
209.4597223,79.71682202,36.112364,2
383.8657944,58.57893048,11.1624726,2
363.0259684,78.32602991,18.2904318,2
452.5404103,45.91974098,10.900788499999999,2
374.8008068,55.48416633,36.4431507,2
137.0717999,50.2976798,12.6501052,2
89.74565972,64.57835704,43.366457600000004,2
400.3856486,5.270435134,23.4657816,0
573.9372746,57.13581396,24.0268653,2
191.8190246,77.36175171,10.0234817,2
536.4961097,5.566767599,25.3679043,1
196.373653,9.118168771,16.7694634,0
87.68141401,7.416500349,28.600819599999998,0
582.4658436,14.57209854,36.7901459,1
584.8764118,14.92286486,14.4473283,1
276.9606119,13.90244624,42.3479507,1
390.1065724,11.1503568,29.934165099999998,0
457.1716546,7.470766204,15.4248028,1
25.64394882,13.0105417,31.2518015,0
563.8606448,7.564173404,28.553994799999998,1
432.8982459,68.57370132,27.6166169,2
576.6309899,46.39373952,34.016336200000005,2
198.3010649,68.15494132,41.6707459,2
541.9812997,78.18246981,46.348703400000005,2
85.21788693,44.99874473,20.2158676,2
274.3022996,7.322640224,22.3569171,0
352.3882887,16.47723275,34.2876302,0
474.2890672,15.37465103,32.2367476,1
423.8680462,11.02690506,33.156448100000006,1
215.5863654,77.52341038,16.1139839,2
70.5186657,11.45519799,21.11158,0
501.5147123,52.24614249,28.9287493,2
199.7771252,8.007035716,38.3443605,1
227.8271013,12.37785307,37.325586799999996,0
297.8464493,65.8124653,20.1162749,2
98.1859521,49.54282096,43.1248533,2
507.1673335,67.00202493,13.8577162,2
557.6965005,40.96889354,27.9232062,2
40.26992296,79.11051154,25.2931115,2
320.9958404,11.61844504,19.0423439,0
55.19736345,74.39499,46.0505705,2
330.9127288,10.05271552,21.0004759,0
310.9789702,68.33388318,11.3024314,2
584.4581812,5.827348859,39.1500252,1
20.96938823,53.38973868,20.250605099999998,2
521.4707934,9.05574853,10.3247273,1
29.46198414,49.6370237,10.0044035,2
27.63965742,18.72123993,36.3838394,0
346.8436728,6.955296951,29.7036738,0
8.078643739,15.03973125,16.221781,0
235.3220923,45.76340644,40.8860346,2
122.866945,8.420927254,31.6846753,0
157.5314673,11.04558137,48.0871413,1
476.5403314,8.930525068,48.295578500000005,1
485.5737553,75.51895772,31.375915799999998,2
340.6804803,13.86299401,47.7885151,1
0.8572825,74.61048917,18.4511504,2
224.5253965,12.82746313,17.0045884,0
493.9570467,63.45871088,49.0444538,2
313.2608754,8.599233556,23.2051258,0
465.0662946,61.7853995,33.7985352,2
44.53555885,6.559390639,44.2758384,1
488.1783087,43.58530712,35.255406900000004,2
594.5034763,16.47974449,27.2588158,1
73.50626908,52.49384575,42.5757338,2
518.9903183,7.155314378,30.892827699999998,1
7.397211323,15.53944365,36.5517788,0
477.9709708,45.63103105,39.5656853,2
571.1666975,17.80922695,28.4099039,1
174.4652086,6.076030156,33.4678624,0
557.4508923,9.206825971,15.5209809,1
216.5126805,75.34414978,29.634815599999996,2
39.00137958,54.67828451,48.052325,2
344.1518173,73.63794079,36.2419677,2
343.4037663,11.07366221,47.3805448,1
29.92352449,7.760671581,19.3010501,0
10.45527715,54.9113104,27.02132,2
331.8373666,64.37799034,21.9058487,2
98.43873012,47.62377082,11.726819500000001,2
368.368834,17.34505362,22.709457399999998,0
540.5558489,13.83901008,48.57316,1
185.858117,51.20811469,37.0606133,2
389.8522231,12.44484157,37.4566259,0
499.2282825,12.78969039,18.401796700000002,1
369.8307001,79.27177886,15.6075132,2
34.9012847,51.03595268,48.8408199,2
523.4919092,56.37049131,49.446564599999995,2
212.9128517,48.22984728,19.0848324,2
299.4423887,53.28693151,21.556888,2
146.6781589,13.53433225,10.4439031,0
301.0989129,49.5242251,13.089373900000002,2
385.9100039,8.63293838,35.1197926,0
439.1667214,15.26653042,21.6989207,1
292.5657299,13.40523012,34.311388199999996,0
200.9714207,51.15130983,13.902349899999999,2
117.0130288,7.662227525,15.125947,0
456.5354698,16.78499903,38.1958016,1
107.040802,48.53657741,20.329270899999997,2
29.63524571,67.43049767,33.6496127,2
288.5576817,67.15715079,29.459937800000002,2
540.191473,18.32408295,41.339126,1
446.8339149,16.35183834,31.7237796,1
421.8911709,59.2049207,13.8515535,2
49.17835532,12.74819766,10.380142300000001,0
214.1799759,58.99868154,39.092515500000005,2
156.1551242,17.04818185,49.703895700000004,1
529.4869366,43.93060823,21.8514467,2
473.0917467,13.42033736,23.936383,1
90.88486093,10.45417174,39.4361142,1
17.07410982,46.35263585,22.1093117,2
426.3492021,63.0570602,46.448960500000005,2
560.0516461,73.03267667,39.0555565,2
405.5779777,12.21910928,37.3994607,0
410.6697041,49.19185821,45.717177199999995,2
305.6708724,7.219375012,26.0946568,0
82.18176394,62.6484818,40.0640102,2
454.911983,43.19079191,39.196497400000005,2
257.1515677,55.46200739,34.4543674,2
335.0463554,15.20069085,17.2912123,0
113.6397922,60.49321021,21.1647041,2
315.5934086,10.68741296,37.7262183,0
111.010166,9.151311979,41.8164146,1
465.394207,69.02580753,47.1275669,2
533.5456271,60.59413154,24.856165999999998,2
239.6338229,16.71023112,31.5434968,0
332.8068564,17.77233772,17.252204300000002,0
9.182655527,78.46711179,30.100769999999997,2
253.2316726,47.96909775,20.195373,2
594.9047397,52.44626867,45.5371056,2
341.1591817,49.04823063,28.1264866,2
211.6939149,11.84488886,46.6570753,1
376.5548401,60.31508863,17.6870269,2
99.62833723,69.04902819,32.595873600000004,2
531.819462,68.68599532,44.1623707,2
534.5356579,61.06393721,11.3010176,2
259.6386217,11.33668685,10.325327,0
6.236004196,58.19366883,19.3030577,2
450.370563,69.51513411,45.2742925,2
110.7025079,51.18553312,17.7283012,2
552.7582274,78.28401284,12.0605403,2
371.6324136,13.1357984,12.3189624,0
164.2854569,7.437665979,42.8389028,1
186.9195171,10.55737156,44.7147213,1
588.1235645,76.56000148,11.8581256,2
94.72302846,53.28032045,18.4282271,2
197.5602423,14.56248204,46.9143851,1
360.499018,77.2840784,45.5042963,2
548.8653024,12.01580924,39.346258299999995,1
252.2592358,8.704481187,27.426631099999998,0
178.9666743,46.68471186,27.157537199999997,2
19.11542184,55.34749607,27.422649500000002,2
88.32359128,14.00377115,46.582886,1
36.3069368,19.63402879,32.6495708,0
269.0403752,12.56955932,47.2900752,1
539.3627975,60.77890467,33.8723219,2
379.106704,11.03390621,24.6510513,0
166.421547,9.272790149,16.9402597,0
335.2157559,15.16416773,35.2302261,0
527.3914759,16.11169801,46.762822,1
363.050076,8.346350277,45.0220576,1
281.3462911,55.70282882,41.3019063,2
481.0634796,55.04489724,49.9924091,2
471.3762137,78.96256497,10.0707363,2
55.75640401,59.00150835,10.0720209,2
532.265565,47.96588466,45.0863245,2
596.0090764,14.19026517,38.7363527,1
535.4219389,7.90683695,17.6694179,1
23.86751844,8.261793983,37.0274513,0
431.1336304,61.77040087,49.6347895,2
518.3414693,66.75655709,20.9326805,2
424.2436252,75.51941196,47.9089905,2
96.26051857,15.80624104,43.3065219,1
456.2959891,57.7240761,10.108542,2
300.1638185,76.79364096,30.972905299999997,2
421.85955,76.63011091,35.3207863,2
493.7510343,55.67877849,47.2353671,2
170.9686989,74.17041748,39.5341711,2
343.1483761,43.33697369,21.215295,2
283.408232,14.83264958,14.5655127,0
103.7678363,18.33695804,25.7615137,0
249.1442813,14.93348237,23.2318733,0
280.9436665,13.6579962,12.1522956,0
168.5839979,15.64677575,13.0676866,0
37.15222012,55.58989659,16.730840999999998,2
182.9604991,58.02592984,48.450511,2
279.5085936,41.15552689,42.6978747,2
231.5015549,47.61867294,43.928090600000004,2
332.8454236,70.23352502,27.7887792,2
239.7687925,42.63292072,48.7615195,2
276.6343173,57.47885735,11.422073600000001,2
535.5413012,57.49018003,38.708632,2
325.0295856,15.25144123,22.228277799999997,0
382.5388113,47.67687232,19.443397100000002,2
176.5876072,7.390923272,11.0820731,0
576.3595448,14.14562293,33.1039514,1
63.93559286,67.96263651,13.3367334,2
599.0842107,18.91901302,45.7778711,1
474.70322,48.36336812,25.327393999999998,2
335.6825043,48.04540443,46.5610038,2
342.3512987,9.33405525,15.867435799999999,0
92.17222882,70.20507157,29.5100466,2
197.748041,14.77519692,25.8602357,0
373.3818843,14.8913487,12.2831908,0
96.36070756,72.32358346,24.175977800000002,2
249.0562619,11.81724099,27.4892375,0
328.2939319,48.78124079,33.0137551,2
380.9086405,5.180045409,32.7073911,0
475.2025846,66.69996478,31.782047400000003,2
50.23274019,12.4098077,40.533482,1
100.1279058,11.12060692,14.7964931,0
59.17081179,54.48448724,13.0338923,2
520.1633105,16.55617681,40.512833900000004,1
273.0999517,6.338098382,16.4193834,0
146.8514694,17.37084746,17.5107018,0
103.2926546,65.01592972,29.4617666,2
146.6517367,42.99474518,25.073400499999998,2
444.5185159,17.14682793,43.1860954,1
17.07793301,19.62140122,32.7617352,0
539.1144579,63.35898609,34.850020300000004,2
453.490318,45.1339825,44.484551100000004,2
64.5407831,48.29082664,34.352506399999996,2
81.78103406,77.95123098,43.0028206,2
368.4424575,59.71562277,17.9835902,2
529.6096904,64.94261625,40.130803799999995,2
199.835074,16.0346399,20.7037468,0
166.9152733,16.60904193,45.7334044,1
306.023292,72.4654128,26.3193682,2
166.9899962,5.329727222,21.7723853,0
346.1589527,7.679433151,31.1044412,0
527.5678998,7.56910116,39.0987576,1
287.49047,7.428434151,28.2771817,0
244.5385873,53.68905236,44.923248,2
66.07171435,8.792824681,40.816832600000005,1
577.4653178,51.05574176,39.0610756,2
133.5161604,67.79846484,45.525705300000006,2
490.2624602,45.29491838,21.3449434,2
218.4379707,8.797983605,34.061945,0
239.7553288,18.53368435,27.0929307,0
276.8766774,13.46891122,18.2631457,0
73.74686513,73.22664459,19.4395417,2
211.4275748,17.44348747,23.6212482,0
386.8685889,75.23679982,25.872643299999996,2
253.0373204,5.739104804,12.988430300000001,0
91.08839314,66.48661419,30.456829000000003,2
349.973778,19.68284023,24.533872600000002,0
49.39641574,64.23945081,37.547075400000004,2
227.9453602,50.9075616,24.1474589,2
57.89226423,14.38474869,37.7062826,0
194.3127321,65.28906783,39.8312928,2
273.847224,7.911931557,19.5695141,0
551.2739956,45.55833058,19.1471826,2
589.5027141,48.77606319,46.2737153,2
132.1193503,67.99175768,33.6608024,2
295.0013904,19.14947596,40.7940404,1
386.0304652,5.494654155,31.3088462,0
539.3402519,61.70893195,27.7214696,2
98.53672241,63.4088915,15.8898467,2
134.6162999,72.38320482,35.736532,2
505.0446531,16.25241249,44.3171447,1
590.7060479,56.64770031,21.839135000000002,2
216.0534828,11.4066867,32.4325761,0
533.5316253,75.79865515,22.2555204,2
265.0355343,10.02317435,31.905446799999996,0
288.0215745,9.180414739,36.9064477,0
330.1240085,41.58202917,16.6533172,2
157.2426395,46.00159057,35.579287799999996,2
261.4609847,10.34290915,48.6958305,1
552.6145944,40.76408338,31.364079099999998,2
84.51896205,8.226278432,27.330665399999997,0
63.67997154,62.61623034,31.2938771,2
445.4036351,42.20110856,28.1016983,2
397.148268,5.967360207,44.3558531,1
263.3904983,11.49459575,29.002820800000002,0
217.5796551,51.37577328,24.034797,2
84.35710542,47.421816,48.1410081,2
96.26218009,12.22992377,21.1949369,0
558.5816949,5.106377192,49.407527200000004,1
516.5678059,60.75047783,21.7523797,2
456.7838471,78.29273464,37.4398707,2
86.32764952,66.86102308,39.8737465,2
265.2297104,78.88430912,46.902704,2
120.4279511,9.728251061,33.2542983,0
590.6123201,11.50541497,46.7425174,1
531.1261161,6.692608168,25.8117,1
452.5537437,15.2954991,16.216962600000002,1
196.7226969,10.45105898,48.2447765,1
160.8287895,66.88234766,13.879170599999998,2
326.399437,53.47578261,10.349692600000001,2
526.1552996,8.77722053,16.585984200000002,1
374.7402111,79.18870002,39.7559681,2
456.9245536,16.98623219,25.1827321,1
484.338775,7.158142331,34.3336329,1
413.693953,10.50128115,48.3447859,1
76.61431039,51.31967351,14.635842299999998,2
526.7024779,58.1989478,21.5783035,2
201.6056465,53.47514181,46.4473788,2
90.82139512,51.54593944,42.4514294,2
563.9012549,75.87047385,38.6561312,2
345.0471268,48.17598476,27.160896,2
423.7759274,12.54828811,25.647756100000002,1
329.281036,16.41337209,17.6450658,0
116.6647063,51.32996249,47.5305961,2
452.4203455,9.692512963,42.571259,1
151.5440402,40.90461833,37.3307607,2
438.8195607,19.47035718,18.7412195,1
87.13825414,11.1913748,19.2463035,0
221.1172002,70.77322355,25.6623807,2
442.5259188,15.30391125,19.55258,1
420.0272847,15.72983466,29.0261559,1
81.32070542,58.63354556,37.267592799999996,2
152.7509609,60.53626936,45.615884699999995,2
101.6363534,48.5893401,19.5940912,2
271.3948973,13.53219105,30.645913800000002,0
425.8782138,76.82242808,49.0165207,2
282.7218334,43.88638974,10.219152300000001,2
447.2297738,49.79920864,26.807059700000003,2
364.9806412,5.657702787,25.5844864,0
393.7662446,16.3760551,23.689127,0
230.9146787,57.00282982,49.698547999999995,2
142.257335,19.338782,43.3646715,1
207.3334101,78.97599329,49.0020774,2
596.3305505,63.61965383,25.745700999999997,2
387.7621867,11.27674246,22.553064,0
62.31775602,7.03439924,34.672219999999996,0
338.4269661,79.9353952,46.997855300000005,2
437.1417574,79.4263939,39.915478300000004,2
583.4134888,17.16845838,10.5810379,1
186.0014957,9.410595651,31.993613399999997,0
392.0816984,15.93860374,43.7938004,1
147.1966784,55.43714065,13.4833855,2
364.1542306,41.62761749,49.1653764,2
536.7137401,11.72948887,39.8665998,1
486.9473667,5.550694152,23.2232377,1
92.1139826,46.33957293,23.8649385,2
220.9509793,11.83092358,18.933287500000002,0
22.15522131,10.74250092,40.238390200000005,1
73.25703332,78.42250807,10.1497941,2
293.9541683,9.020707811,29.0687578,0
336.1685094,12.68390846,37.7113417,0
52.4309997,8.164548359,34.023096,0
309.4259631,62.46116292,11.8825972,2
115.1213833,13.52708303,28.8497982,0
545.6021508,73.63768098,41.5008174,2
457.2982907,52.35103105,38.851106099999996,2
268.1147802,76.31448349,31.534259799999997,2
511.921629,43.25409491,29.3419761,2
427.1582774,11.37503621,32.7697576,1
333.1945017,10.89178469,36.343719400000005,0
236.5481484,12.62467541,14.3361898,0
154.0211839,19.18444517,41.763463699999996,1
275.9692492,71.71242247,27.3837319,2
292.8084228,44.26854221,37.5531906,2
23.16473616,19.06646839,40.5116845,1
484.4329041,51.18922987,10.1179054,2
23.95482423,11.31678357,35.7183228,0
562.7334429,63.54216355,26.063729400000003,2
31.46632489,13.55280824,48.2826895,1
587.554517,16.41057209,31.400817800000002,1
483.0304821,66.08676508,39.0890167,2
238.5210815,15.28814413,18.8641702,0
247.2862354,14.29373889,31.5551758,0
25.46368601,12.38782781,38.5116916,1
81.41937475,64.97946224,32.1197566,2
406.1322785,46.58699682,49.7174238,2
488.4027584,63.2036775,43.9459762,2
319.9381996,74.55877027,28.133468900000004,2
212.0447878,64.92477952,14.6853723,2
151.991602,52.90117818,24.3908829,2
4.185561171,14.71279693,48.0142387,1
30.24332654,10.95780329,20.2614515,0
459.7667139,72.74568754,43.9363982,2
469.2021486,45.40963142,33.9174082,2
557.3509563,19.99191022,11.2016765,1
450.8592115,48.07829898,48.849319,2
107.0613891,15.70936922,26.0769419,0
102.2327692,62.54064077,43.450236800000006,2
525.3141139,5.57545792,29.6983424,1
210.9604708,12.28828409,22.2650676,0
497.491596,54.08591556,17.0755992,2
339.4973381,64.1799437,44.706059599999996,2
27.90063836,10.98663949,17.0728619,0
129.3163865,55.38295786,46.737314000000005,2
146.6019902,57.77742439,16.5937319,2
195.5042802,15.31084869,10.0842072,0
406.995933,64.39906887,35.4537684,2
454.661501,69.66789506,35.2050821,2
506.8255,58.50593468,14.008231199999999,2
1.20934446,8.825054788,16.172679600000002,0
69.32275392,72.43239586,16.1363617,2
464.0961281,77.66570951,35.2942416,2
133.2869568,63.685824,31.949210700000002,2
385.8580926,76.70331136,40.7648512,2
326.143383,9.647706751,13.5645088,0
499.6402715,6.08319778,21.3302716,1
26.94301718,18.11597048,10.7608608,0
255.2471944,11.7224131,31.4308975,0
56.16065317,55.11736425,48.7140937,2
574.2375793,45.07770126,14.974116700000002,2
375.0966701,72.81202381,46.7159392,2
267.7526274,11.02479689,15.4855139,0
534.4755024,55.1380525,12.027239400000001,2
452.0766635,65.25993131,41.4323754,2
284.4605574,49.05049277,24.834247400000002,2
187.5500598,51.49597093,12.845072199999999,2
74.17010099,51.04287649,37.4036147,2
492.7080422,6.085645898,26.918542699999996,1
290.606309,13.71133999,36.0599211,0
91.96748266,5.345706326,16.992506499999998,0
317.3470398,13.07489558,49.7883438,1
328.1548746,15.74246807,21.8022093,0
384.8624802,58.91643787,18.6756846,2
166.5823091,77.74640103,37.9552812,2
274.9453093,7.31781245,27.7557153,0
287.9780623,62.28692666,10.812292,2
577.7155549,72.59585161,34.235793599999994,2
554.6804341,19.23619405,36.9819411,1
490.7183162,6.248864871,37.678614599999996,1
307.1464926,77.54368254,20.7525327,2
232.2596072,50.96171568,49.2797528,2
51.13818659,76.1273566,49.4202146,2
32.79184975,66.70791047,38.6260024,2
220.9747531,17.48243681,45.860137,1
337.9431317,56.57808743,38.338456799999996,2
185.8860295,12.06758839,33.10346,0
271.1793513,10.9533409,10.7150067,0
287.0924048,49.63017659,29.9540846,2
448.1394977,59.95957866,24.1660481,2
437.159419,7.739376954,20.5888422,1
576.8005358,74.81415997,25.79741,2
400.9643283,77.38483361,49.5207291,2
298.8702122,5.149538521,42.9661956,1
513.7895509,10.50436748,26.6668534,1
102.7154749,17.72304693,41.691784,1
493.1467025,11.38839733,42.6564679,1
197.8185189,18.2739012,16.643806899999998,0
66.57078585,8.160599976,34.1261747,0
219.2444059,48.24109488,25.964762200000003,2
46.06327299,46.98555459,37.4612381,2
35.38692733,57.06411122,24.7784848,2
112.0980811,7.76151985,13.1731609,0
454.7701323,44.66807074,44.1955602,2
263.2618678,67.29591276,12.1552776,2
111.6037398,19.41119454,46.5176713,1
476.6808478,52.74074306,26.03331,2
57.80062148,40.74904611,33.0958964,2
247.3233375,11.45214098,13.8685546,0
376.1071311,5.988382475,36.4869919,0
396.6242261,14.57004853,41.6716524,1
510.5422992,62.50482005,23.6862514,2
170.7883887,67.89952226,47.4094769,2
520.4390835,15.39363367,32.9627244,1
265.1043333,65.74955978,23.3836396,2
202.7339453,42.91006101,49.5986611,2
178.8256174,12.56395191,23.2560397,0
98.32453372,52.10396161,10.9967518,2
475.3305553,8.017048139,49.2788177,1
266.351777,50.13083583,23.4089164,2
592.0399108,8.175751677,23.8490434,1
549.289564,15.62486074,40.444463000000006,1
437.4965274,52.75975097,11.2544541,2
400.089405,12.27935951,30.4151664,0
315.3710901,15.98681944,24.9256454,0
578.640421,68.2594254,34.9488578,2
83.5254463,47.7929465,46.7424366,2
109.4661743,70.12252185,12.1851839,2
77.14787351,69.64610693,22.9066766,2
282.3214205,16.54658461,46.2882421,1
341.9309863,65.19204431,22.440217,2
63.85726363,7.569868167,39.8457637,1
527.3618272,18.1304486,28.632245400000002,1
46.41984846,56.90330275,22.6594363,2
338.2944878,15.88202253,30.6038523,0
308.2278192,6.611758289,39.0350611,1
477.5630501,75.045774,17.7847647,2
495.5936724,69.85443633,39.9671622,2
338.947276,76.82010505,30.479989699999997,2
276.0312475,50.73392269,44.635936199999996,2
354.0990765,15.63148449,34.9359664,0
43.95982141,12.0359051,22.9183173,0
114.9267199,62.34906171,32.0008289,2
333.9741402,15.35113031,11.227279900000001,0
308.6794888,66.55187736,47.6046026,2
374.8254164,76.16561889,40.4819977,2
234.9637839,5.46236928,28.1707688,0
5.339044009,69.59265338,15.2024298,2
73.73518093,70.12398719,28.266373500000004,2
360.1727224,13.02309134,44.697323,1
409.5513326,62.25215446,46.2836296,2
69.51031349,52.92934308,16.8150272,2
443.7708998,11.70033083,27.501637099999996,1
118.7237808,47.21767995,48.3503743,2
596.0116941,6.116426277,12.7034602,1
175.7561158,64.70924865,30.6765824,2
213.7023291,50.4546837,37.3073502,2
572.0444344,16.23973033,28.1824099,1
87.78426495,51.52811853,15.262356699999998,2
509.6522063,14.61065337,10.3667603,1
5.960422618,16.4614338,42.1648112,1
132.4093129,11.1182739,43.6964214,1
182.8185681,12.29086313,29.346909999999998,0
52.81766368,62.96622182,42.7414915,2
460.0602695,61.71269448,22.1415974,2
497.8647849,18.01553147,16.1789877,1
476.249128,15.87365408,25.5849618,1
303.6365092,16.13301514,46.8001925,1
138.4723337,73.34321275,23.576660099999998,2
585.3789691,11.77320534,42.7868704,1
256.7246902,16.27697245,24.9243207,0
467.6114244,67.17816576,44.1441455,2
70.4496268,54.39163816,27.062325700000002,2
114.4709181,6.089983814,33.3542235,0
20.77969084,12.52804297,12.5959669,0
249.44048,6.762527603,12.5044036,0
255.105094,64.5583061,23.7615414,2
218.9633203,6.165686276,23.6094001,0
66.93000125,40.96310673,30.691293899999998,2
324.2627606,10.66022716,18.512905800000002,0
325.3067868,12.55833195,48.1665452,1
493.6375298,41.93691786,28.1267865,2
314.9431361,65.31945881,27.817976599999998,2
138.6345954,75.31015233,49.1902862,2
221.1447385,70.76515606,29.5977475,2
532.2880847,19.11126289,27.344471900000002,1
236.6113965,77.77549591,47.7931703,2
352.112284,13.30912601,29.088283599999997,0
334.2334201,40.82452635,20.5390042,2
277.6359082,15.87989586,45.9642343,1
283.0364239,11.90849011,13.278119499999999,0
228.3979602,76.26001106,19.6529779,2
127.9091548,45.55132056,18.0887295,2
554.1287099,59.17744356,20.949038,2
304.4665947,46.83280546,28.8383332,2
107.6747277,10.54998329,10.9021049,0
344.7176027,55.08500399,45.033994,2
474.6127411,41.30118618,26.8535357,2
591.0762416,14.44525393,11.16451,1
564.634146,8.000133817,37.131637299999994,1
282.1751336,40.70767692,10.984179600000001,2
405.7074567,42.2490972,11.4175557,2
320.234049,18.6432271,16.714087799999998,0
326.2442452,8.295841252,24.6469106,0
417.1078479,76.07725836,46.1360058,2
427.4182279,10.04469091,16.5785365,1
355.4542932,11.23662201,25.392054800000004,0
410.1797641,12.43729209,14.238662999999999,0
482.6812515,13.32364751,36.9196604,1
456.743899,55.83347235,44.173381,2
99.26519497,50.90621053,38.8812763,2
423.1889851,63.6880072,10.829026,2
205.9164405,11.70954134,36.8123004,0
270.434282,12.56199263,40.2853384,1
510.3855289,17.42567218,13.7820183,1
20.63824869,15.83917587,24.1842259,0
587.5663608,18.64346641,19.1191013,1
97.55691237,46.54083805,11.9202374,2
58.13921487,75.96491319,10.0188983,2
7.220889195,76.11914117,39.1625471,2
189.908497,59.83010515,29.824903400000004,2
561.426381,69.97595177,19.1462817,2
283.5538676,17.66314379,13.550716900000001,0
367.9968357,69.86660691,37.9163029,2
169.8885537,53.10719096,46.5844766,2
478.0406112,6.935546133,16.5945564,1
548.9449024,8.866328234,47.8721968,1
572.1045148,61.12428504,14.2114246,2
283.4711522,13.24433452,24.2104209,0
31.64273777,73.11256977,37.7425549,2
28.53992599,57.69756757,24.693431399999998,2
44.20433917,77.96118168,19.3762147,2
39.14810153,7.470963441,12.4030384,0
91.02278525,54.92898973,22.8760936,2
271.4284143,10.39513342,40.4811202,1
220.3273088,14.97909254,37.1878642,0
343.6584711,65.18502873,15.8089732,2
127.7405046,62.61593941,35.8102975,2
444.2938611,43.4099698,42.4238378,2
474.6233522,57.73632852,35.5794886,2
265.6418675,75.10671052,27.7694831,2
594.0208538,65.09011152,47.892606,2
326.6219907,7.824537874,23.387238699999997,0
565.4189079,14.67856467,49.8850172,1
323.4371342,16.53120697,37.1150985,0
560.116502,75.32627555,29.733171000000002,2
284.532687,14.61509086,23.9357625,0
39.66185782,12.52548749,25.7842294,0
51.19978938,16.72284694,16.5809343,0
173.8262759,71.21872161,16.234638200000003,2
338.4989894,11.05322931,28.7572045,0
91.73119792,9.161401022,37.0120107,0
454.6829561,8.203062168,44.2953178,1
587.9894291,53.3074119,24.1896512,2
309.2357828,5.767482597,48.2214194,1
257.6125734,60.8621781,33.31511,2
267.7473138,44.75264989,31.7399484,2
171.3410255,19.89248198,48.3002563,1
474.267652,47.56366082,49.2516154,2
117.4295656,6.889109616,46.1705965,1
286.7330949,16.90306103,31.2617853,0
131.7642259,58.8407564,11.7762195,2
136.8865947,58.84873396,39.204384,2
35.94444364,16.94102788,11.2830524,0
10.05361533,15.65632723,36.6319308,0
275.6429965,5.843364423,15.107103599999999,0
331.1113158,72.23935179,12.768072499999999,2
129.832204,63.95369502,33.0736127,2
192.5422004,13.73652615,41.5988245,1
213.1485426,63.20194637,16.5228881,2
3.276567019,12.92283893,44.085005,1
397.9551088,11.16097315,31.1743936,0
76.63833554,17.78658328,35.6461109,0
290.2941613,60.53511933,36.2839711,2
556.7685133,11.89344466,42.3991915,1
342.9988813,7.561404252,40.8629502,1
595.5829055,7.585795432,31.4066769,1
475.0103793,14.39388912,47.281177,1
396.2196151,63.57444208,38.0939301,2
107.5362934,59.61978607,48.352193799999995,2
468.0312294,76.45246329,35.6647919,2
545.0029928,50.20465459,36.2319249,2
122.3239855,10.70225213,12.551347600000001,0
407.0229608,41.70453153,34.0899473,2
494.3864101,51.65792334,16.070404699999997,2
526.2425,72.37269503,43.9245067,2
126.4800298,42.43436607,14.1209174,2
546.730035,60.9543865,22.549106899999998,2
571.3643496,57.20047205,15.7709841,2
164.1646564,16.87460108,20.7431709,0
37.76157264,16.34676632,35.3978218,0
245.8305547,11.61911505,20.8039822,0
303.5136161,55.37122274,15.7787216,2
446.2072417,46.0722182,18.7724428,2
431.7592109,14.27519461,40.5142655,1
473.1663767,7.575172926,48.1623857,1
458.1040253,48.72250291,40.0223843,2
255.9799671,7.248638799,18.1563988,0
288.1193936,13.63251528,49.1062363,1
504.5723368,63.04993,22.3105112,2
511.0745469,68.89596996,24.7729757,2
466.4167321,64.87126514,31.284576400000002,2
195.7944954,8.289429238,23.6769523,0
271.7838606,11.4859454,49.0750093,1
395.7067634,13.69657163,36.5583903,2
546.7356204,53.95636908,13.796978200000002,1
282.3713546,13.56279538,23.0583501,2
451.9927725,15.65365013,28.5042509,2
191.5998033,42.24664658,38.6347291,1
421.3429779,16.65778864,11.8715635,2
301.3506344,78.2473827,10.7461145,1
431.3627915,42.21554138,47.224599299999994,1
86.4723671,49.16103648,22.501866500000002,0
582.039266,17.0122715,40.9171378,2
86.04959887,6.845781854,41.1976185,2
352.6293827,12.57746027,18.289838,2
203.9351985,79.97106104,10.884597,1
406.6422881,11.62301016,21.1326065,2
538.3472873,15.06956635,37.2730405,2
584.9882853,9.541626924,39.2867334,2
487.0334237,70.73472274,28.2554669,1
186.3469873,17.11216903,42.0290816,2
409.8336369,79.43766265,24.46351,1
111.5921998,16.19196467,41.2299278,2
116.0510028,46.81838116,17.1118105,0
227.3847369,18.22563454,42.6036931,2
459.6512184,43.83398535,20.3220798,1
52.77225205,43.62377623,36.0551392,0
545.0965508,7.833052801,49.8679844,2
90.55772437,16.39280223,15.764925499999999,2
559.2825161,10.69886436,12.635172,2
18.78169162,10.83277245,26.963068899999996,2
175.5773148,77.42902194,38.793235700000004,1
363.4835246,49.56699039,29.7205182,0
155.4678635,19.69601502,35.6419809,2
35.65353415,6.68361608,13.0175018,2
24.48117728,61.1423385,31.9172236,1
296.1296941,13.04911264,44.7535487,2
133.3359614,59.38811035,37.5362341,1
419.1901531,52.70386679,24.7496995,1
449.344586,52.6436179,15.349044000000001,1
313.9536089,8.072036136,17.5502438,2
258.3201637,12.14851915,12.547225300000001,2
253.3929381,50.4971994,37.4573029,0
101.2241868,50.35859332,26.272817999999997,0
123.0071145,68.39525786,43.161414300000004,1
575.8642508,71.44794307,12.1961169,1
400.5920565,7.414766475,33.454283000000004,2
106.6328843,15.59348748,37.1479295,2
204.8113752,14.82360685,14.6277709,2
325.691597,50.04925527,41.6774435,1
555.5508532,58.40393032,18.3387123,1
358.0789909,18.51140244,28.5560201,2
159.8586827,10.92162975,23.1956344,2
129.123853,49.38280639,14.808753999999999,0
78.24656587,9.308865423,15.754105299999999,2
83.11920316,9.980010532,35.4455467,2
141.6400336,11.97034203,37.0101759,2
170.1541644,43.94611585,49.1390888,1
165.3621589,14.23021761,11.7005255,2
534.5793027,62.28625678,32.334433499999996,1
118.2706333,59.02800085,32.4968867,1
159.2629148,45.07179377,39.1228179,1
477.0352441,9.518469422,14.5867677,2
468.0733638,12.87977397,31.3549397,2
338.8374003,14.6713509,31.712179499999998,2
66.00057624,5.351885326,32.7425055,2
218.184649,77.47875802,10.4188083,1
476.3957694,61.08377372,29.0778521,1
545.5362231,49.18131537,28.2158068,1
6.938453216,19.36649987,47.1596843,2
472.2830031,66.59941814,11.000428900000001,1
43.01452818,17.78072624,22.5250108,2
247.5439196,55.65193344,32.811547600000004,1
471.1389635,14.40887601,33.9094551,2
294.062023,72.8378863,22.7633666,1
91.56197461,11.66719967,33.462728600000005,2
351.1208776,18.27012477,33.512690299999996,2
302.9158506,59.98346612,38.0224529,1
287.9108808,13.15204805,37.0933242,2
422.3131474,19.45527783,17.5390463,2
338.9709394,14.81034616,45.5987352,2
380.9364468,17.09024757,30.3386408,2
595.0016479,63.20099209,46.7213356,1
55.2740489,72.05766779,21.0247723,1
551.9568976,11.74705986,44.286800799999995,2
198.3060491,71.92937255,13.711622000000002,1
547.5897678,62.52019056,20.9794886,1
590.0122687,79.06602223,41.7159523,1
173.7746747,66.56435562,47.308598,1
76.61443327,66.79656075,45.7152181,1
422.0161895,42.38116929,21.4923538,1
396.9256355,9.044450132,32.9122883,2
556.0537786,16.73977344,23.1797394,2
555.764894,16.34969824,27.542840899999998,2
493.9815261,9.251917239,18.8027316,2
169.6800285,10.79693846,27.433332999999998,2
77.90976955,76.96622346,22.2705427,1
197.6694416,72.45051399,38.494195399999995,1
102.7866758,15.32045778,16.0751211,2
112.2293081,10.50082863,19.1938904,2
14.9595208,51.67350094,28.790510200000003,0
339.086164,18.1212061,45.1958142,2
433.559844,43.52021001,31.137243799999997,1
455.1897614,14.08639234,16.129664299999998,2
483.6122563,15.54107449,18.0507165,2
597.7175474,16.50273347,19.7458828,2
101.4430433,56.14963186,26.1220715,1
580.9076982,9.808448365,16.4845192,2
574.892499,12.16801032,22.0577412,2
87.20585235,5.138623826,39.919406200000005,2
44.56749048,19.97631851,37.7503815,2
586.1648102,41.97416173,15.829754800000002,1
569.7497094,48.78841851,22.263711,1
93.81070577,48.97295675,10.0811831,0
190.1806711,46.4030465,34.759157699999996,0
328.0622862,47.35466566,22.7318416,0
376.1264072,68.91600402,24.1247045,1
528.0820809,73.45905522,30.0628574,1
565.5784778,18.00232229,34.3160391,2
387.2069642,56.26396647,14.140317699999999,1
309.1650602,42.78818731,17.3082105,0
509.5558124,9.084730958,40.588584700000006,2
238.2455728,58.74722075,13.1715452,1
484.914455,48.58473745,43.1990901,1
129.6603586,17.42319137,11.7810275,2
462.7109601,14.75909785,31.2292515,2
413.5444332,65.68212991,18.206072000000002,1
435.7367329,18.26367761,35.8103896,2
326.899926,53.56280344,25.408657499999997,0
453.9711709,13.13022948,20.9606572,2
567.1122322,12.44263889,24.172839800000002,2
103.1030566,14.57139089,48.6626166,2
536.5126492,18.04311753,16.1893127,1
555.744157,73.32908833,45.0425471,2
212.5863505,59.91754254,15.3033468,2
89.61115209,78.15524384,26.9674376,2
93.73448021,6.091043927,27.909221600000002,0
555.3713506,71.95652671,45.6510361,2
238.2325417,40.05788882,30.608653000000004,2
152.5057051,51.77849856,12.0170318,2
531.8825082,67.73923505,28.5312595,2
346.7953239,5.08023483,48.080647,1
256.0176712,16.92665424,46.8813117,1
248.0692286,72.75905272,17.412972500000002,2
139.5701967,10.78328752,29.9248566,0
459.0749887,75.15033919,36.3364446,2
192.435503,47.8696209,30.3630951,2
284.2280491,61.50077705,17.7884514,2
120.1772538,63.10085152,26.161848300000003,2
396.3938016,15.24671429,18.118365,0
34.06174954,18.86531519,42.7791533,1
482.2633808,75.63640387,20.445232999999998,2
399.0288804,54.27669478,17.5168716,2
381.6908448,54.35991666,35.1944434,2
282.5332804,13.94213974,25.7568508,0
125.2082537,66.7756444,41.401375699999996,2
541.0255792,11.0053494,13.6074278,1
492.9773944,13.34354591,25.763408599999998,1
146.9804507,67.29393706,42.989877199999995,2
165.8809777,50.7482648,21.7616006,2
152.92631,77.497607,33.511991699999996,2
12.04945841,12.50537541,25.192986,0
91.62767121,58.95148957,49.4306543,2
551.7649062,6.421083722,39.0196295,1
88.47939478,71.90149042,39.4010884,2
41.64029802,9.070720926,49.587122099999995,1
131.0583748,57.04633301,24.094617099999997,2
575.0201357,40.5871694,32.802589999999995,2
421.7488181,14.63314456,39.4047149,1
410.4066863,47.6009517,12.4501248,2
253.1537098,19.07867359,46.8021515,1
158.3950483,73.34995724,16.1319012,2
228.1878663,19.98189404,33.3310486,0
442.6134699,50.32817571,21.7817519,2
192.6159419,67.11478136,14.753490399999999,2
355.5748412,69.10884385,41.4079117,2
472.4267816,62.88687509,12.2336016,2
36.84308643,11.60651856,48.763737,1
581.1166435,19.33970088,21.10984,1
85.7920229,79.052516,42.604880699999995,2
414.8380107,13.14317199,49.180040600000005,1
536.435853,71.20933469,21.1720679,2
490.9830265,6.79071517,20.3705143,1
335.6138209,18.92761628,48.7105192,1
109.4991685,60.10885236,13.892416899999999,2
408.9944718,69.42432426,31.212450099999998,2
287.9542835,78.950538,19.2354481,2
388.7424985,53.50622853,32.530740800000004,2
230.0367866,54.15521626,35.055459500000005,2
75.81372941,12.76101935,26.5982844,0
389.6204625,10.29507126,12.5122331,0
401.9266006,50.02025421,28.876951000000002,2
272.4725899,7.498077702,21.993425,0
446.9025563,53.42192518,32.6363006,2
54.70811553,44.68376325,32.6235771,2
314.5503502,47.89011111,12.937393499999999,2
550.5892957,66.08891298,23.743609399999997,2
359.7443426,51.6395806,28.2746932,2
397.7315666,73.66380907,42.4069904,2
486.4266593,15.20376032,33.193733800000004,1
452.4120758,45.87996189,14.8711147,2
58.12373344,40.48020533,15.7469532,2
544.2602169,15.10129593,33.246081100000005,1
50.13783973,16.05225248,42.6639871,1
499.7499119,6.769587254,19.2672404,1
188.2076405,67.82922112,45.9926168,2
153.2763692,58.37717274,23.9071489,2
298.5202678,66.37989962,49.819965100000005,2
27.6689934,41.09944185,46.9956869,2
97.1650528,6.895552129,37.1624172,0
554.8901368,14.24436123,10.5063031,1
165.3148067,10.45588282,28.3540061,0
2.949853024,60.53608741,34.6808384,2
269.9618719,6.687561999,14.8124958,0
583.123521,15.90744215,27.084901,1
310.095132,15.24604363,24.5099146,0
26.19096783,71.06989465,46.9786662,2
49.70573909,6.552125955,36.7885242,0
90.27780699,56.43187994,22.766471,2
59.42372317,44.77276416,10.6058365,2
337.0916718,42.89493372,28.4922302,2
380.4993791,53.84105136,41.7976706,2
342.2036742,40.51229331,46.6587416,2
427.6163432,66.27148044,37.155984800000006,2
330.3954278,7.502445574,36.3755528,0
305.0929499,75.97337827,26.330453999999996,2
499.6044103,72.1106115,36.9695762,2
552.400615,66.771737,14.595908499999998,2
28.9085233,73.23340582,34.8396426,2
44.90904445,73.41623516,22.495031400000002,2
320.742125,6.907736804,20.5968111,0
350.4811874,8.473744869,18.9006984,0
46.33210246,8.978427838,39.9410619,1
344.5410965,6.087834754,48.6642353,1
211.3101391,52.10915976,43.7168086,2
597.4799176,6.335146023,13.715448199999999,1
62.10313885,12.65319375,17.5091785,0
414.5515057,13.77891313,31.175306000000003,0
594.5818919,14.64203075,49.6133903,1
407.9215392,18.86962687,10.3275867,0
384.4590418,61.9579804,32.5362613,2
124.191134,5.801519036,32.9802294,0
354.8450985,5.582194217,38.3911824,1
67.82741343,52.74233033,14.8751257,2
552.1579554,6.640338547,35.5925921,1
357.3421229,53.58088346,17.8033833,2
476.5465906,43.45497518,12.1702516,2
226.4125376,46.75877022,16.6920181,2
551.1675311,16.20114962,40.3115717,1
132.9645464,7.794751648,34.192488,0
58.15506128,14.8835271,42.983624999999996,1
339.2898526,52.89688664,41.4285595,2
72.39321109,61.52957793,18.0088948,2
558.1776609,73.51848699,30.2691431,2
559.5865478,10.59811054,20.4338451,1
184.1009544,41.77174106,26.6189327,2
37.00147957,10.31822313,40.8885863,1
480.2784727,10.56906381,25.210964800000003,1
263.3923377,49.58205396,11.3527424,2
99.1479402,64.62935334,17.5782423,2
212.5412059,17.81518974,13.3387873,0
292.2256766,10.91719086,39.4074245,1
557.5841156,73.27910595,34.2987388,2
375.105005,56.8731521,45.3029128,2
128.3572766,58.46891673,43.0333355,2
195.8762431,60.15834551,47.7706723,2
363.0216724,19.48172952,30.2731739,0
317.4094143,50.08237407,31.8636339,2
