rainfall_24h,water_level_m,drainage_percent,risk_label
218.99949329699112,7.415552031175952,65,2
55.35359867961347,8.811018750963168,100,1
103.99190831096584,4.63179875379001,65,2
198.98419105734547,2.891787316734076,65,1
144.626803357344,3.188465743554615,65,0
221.57131159046816,6.969482583643939,100,2
288.362370366858,5.675580339914962,100,2
34.96400631455925,4.864941309772571,100,2
212.8703149194183,2.0277407877617404,100,1
69.10324668963436,8.754556874989033,100,1
124.34301822227076,7.810204475074061,65,2
9.858817738541948,1.406386017392296,65,2
40.77221468780968,3.6738845460213674,65,1
95.9331867146699,5.421320936388914,100,1
102.59574158639548,4.54338622771532,65,1
269.8755649386287,3.977958387377384,65,2
222.5438727799545,7.188318975605293,100,1
291.6548904561123,0.5450350423783745,100,2
179.72145310057215,4.714103391259419,100,2
72.51411962739539,2.621816903896014,100,0
98.29650897649286,0.8461838523475895,100,2
95.95077698759012,4.648871580029655,100,0
97.94829829897547,1.7136869107056871,65,0
201.8892519335447,2.5822428189020865,65,1
159.24237842712486,5.070087295100759,65,1
115.62725342599327,9.737089799328215,100,2
44.72693061861498,6.842550068035559,65,0
6.641748882643772,2.7962179815682475,65,1
65.65040327630778,3.824060525753765,65,0
32.24142119060438,4.061331523209772,65,2
235.6335092556718,1.5363762334437714,100,2
33.74938734416561,1.6065418885968077,100,2
217.26847119205084,1.4839472348736449,65,1
115.6976069328248,5.216641377369169,65,2
22.01351692313279,6.741860867397083,65,2
243.8190148294757,5.9072068461082665,100,1
173.889171070984,9.777671854533486,100,2
70.72845385907192,1.2587457225765186,100,2
268.4043522998004,9.864744063027551,100,2
13.577494161165438,4.666739338878919,65,0
60.54588245932887,2.186327877771377,100,2
225.6140783417583,9.432808260057572,65,1
212.8133790929668,4.686133101445926,100,1
86.7815081173434,3.473469552105204,65,1
18.607462605834936,2.138101038179566,100,0
257.4234216674831,2.6787545111580213,100,1
94.10929142097078,9.792195102272194,65,1
58.714024478479566,3.0397343990477435,100,2
154.81854670829313,9.77805923759605,100,1
273.0681597847342,3.3021498661208715,100,1
13.063973353012605,2.31418465588562,65,1
229.74122640926632,1.833641829018473,65,2
171.74196838161268,4.11854505273997,65,0
127.63473496554508,2.368064485350272,65,0
223.224133231518,6.969379638270531,65,1
289.7473273324897,2.397717353639784,100,2
68.76186334880731,8.35396844997869,65,1
43.09420952163588,8.34011258488167,100,1
273.8645235668091,2.8552637404806616,100,2
200.6859232371911,7.535401304868298,65,2
131.3958064685898,8.575458759794532,65,2
171.97787107928494,5.901328439371466,100,2
223.6841715528732,3.663324108640549,100,2
231.9095696117152,4.409671867126791,100,2
275.96825424568937,7.862288650347819,100,2
128.0528366686868,2.9331746399681413,100,0
88.02327300581851,3.34462334376194,100,2
191.89928003695255,1.6078433625785071,100,2
124.7183697838591,3.990524030130026,100,1
178.37953618469336,0.8651513224948593,100,0
125.99573953678504,3.210344409891115,100,2
45.89873600345234,3.73479380947857,65,2
140.82802549768752,2.554791324241321,65,2
207.27534658230985,1.0135811913498816,100,1
239.78514230029492,5.216672425615551,100,2
147.99788303896406,8.650811697554708,65,2
49.57136706312028,3.356447458004705,100,1
124.40631289482948,2.3680157142013867,65,0
235.88817865250948,2.8503821769050344,65,2
123.85778118512184,8.618871813042368,65,2
208.9592380812667,5.278075896077976,100,2
152.16410450342693,1.3079035127077476,65,1
72.36693753281901,7.092216490554625,65,2
238.8451524069223,1.543689332334495,65,2
25.26403622120611,0.6024440294223665,65,2
157.46708482654518,2.556848764979173,65,2
62.667310273021485,1.6809017951676586,65,2
20.119688562412698,6.049974743746681,100,0
150.88018112497463,4.845664073400418,100,2
149.86864678047706,7.240645504928672,100,2
212.07027050271623,5.115710502602458,100,2
223.42520791557143,4.1900593520938765,65,1
218.33744660786903,5.262186904377431,100,1
122.8676198750265,4.344861130877779,100,0
189.5069361679688,0.3708689391403952,65,2
173.0835727931881,6.8069911299624,65,2
126.46852683507588,9.621303262144554,65,1
179.16380825579796,4.220335570360464,65,2
284.1743630118788,4.237329837680467,65,2
57.86812310441321,0.4576887863724654,65,2
271.7316287356579,8.903790846867484,100,1
16.03665419495951,9.291213874629298,100,1
92.5167638704982,8.131391180141431,100,2
86.44357458345847,1.063454715418567,100,2
187.9095323642717,9.002236811539392,65,2
39.36748553318709,0.2395566339504085,65,1
264.7042835519261,4.445743232363087,65,2
248.5654225395124,5.006236541013945,65,2
195.61974590558333,8.340021010263388,65,2
137.52414953765933,7.50859213453971,65,2
279.8868126426235,7.970968964998858,100,2
249.2239664161668,8.679009495573746,100,1
149.79454442437347,4.760709204927257,100,2
210.56200633629336,7.802523535171715,100,2
170.07898565390536,0.6803309440543892,100,0
176.38267151647935,4.445464227505388,100,1
99.2928208312414,0.3013267486964111,100,1
138.62538138746902,9.15315065318594,100,2
23.43642923692326,9.584137819529207,100,2
107.20460749937774,0.8393906028816278,100,2
208.7485546086456,5.326266444077605,65,1
285.9648091518559,3.251396063368692,100,1
288.9192338289061,3.4253428466287805,100,1
166.7168607374675,4.507000613754847,65,1
181.98667554287465,1.2506596525455072,100,1
55.716355650290254,1.8077019878391265,100,2
208.59243242805923,5.773686601279447,100,2
21.19763780231587,0.1875590943748828,100,2
85.40570573983337,5.998010220142007,65,1
200.50900418563268,3.189171877866693,100,1
93.0930394630468,8.322064148040017,65,2
14.954062234336297,6.000065077286838,100,0
249.56112280528916,7.080912007121719,65,2
93.09900214036892,1.1442518123794532,100,2
18.931567457603528,2.658623646816886,65,0
22.436449350859554,9.966696089720363,65,2
75.52763963662609,4.3365224690922375,100,2
53.40478416645787,3.588652053242096,100,2
232.29003533404529,8.738553589772742,65,2
96.50521400011031,0.3307460886313484,100,0
241.40873551194971,5.347733616761196,100,1
52.15379934694584,2.1025721378592435,100,1
147.86375386322513,3.681527914537632,100,1
206.41114006593864,1.99777071870328,65,2
195.59725615975643,0.3782275954870773,100,1
180.33882297908065,4.165121339685567,100,0
277.4464805793509,7.892030211950896,100,1
68.55754431202331,9.51954432626891,100,2
148.1157613386316,6.238529746100124,100,2
265.1977650217226,3.888370923527215,65,1
23.368129678547117,7.698552735473022,100,2
16.766480475922574,5.052239834292209,65,2
69.99068626748742,3.676202798906616,100,2
189.90636586140556,1.7908969255297469,65,2
77.96388793494206,7.961299843370574,65,2
57.07196514263969,5.004257905170166,100,0
137.64069460748763,9.638037413110627,100,1
184.07942063082345,8.0190960034872,100,1
74.56731210502213,4.20016119142277,65,0
90.20735601712262,7.408500408674572,100,1
184.06779144345413,4.53391492852071,65,0
283.7215265968358,0.7986572841426465,65,1
202.4225182314265,5.166810515582188,100,1
234.871243075368,8.657286195341495,100,1
110.04302842664065,8.554413185170164,100,1
81.67630781533983,5.7496691363997465,65,1
136.28032296078675,3.8002353641485,65,0
242.1398486135021,0.1010060231037179,65,1
136.88989253716676,3.114097789395127,100,0
254.0176226369583,9.898085773077344,65,1
296.6315942085381,7.264910332929944,65,1
21.607999719100903,7.175885638250628,100,1
13.623046825111109,7.61083390331761,100,2
44.876910874008544,6.201133833419443,100,0
115.31090272030386,5.858586571750079,65,0
39.31266274362972,4.536192553624145,65,2
261.1993432856268,4.43933993669687,65,1
6.943875308119141,8.708484554371987,100,1
94.73781490074676,3.934562616967805,100,2
55.4083888482616,8.402917840677217,65,2
279.4617990472597,8.377344256249371,65,1
200.8443014670084,7.708981993415111,65,1
273.6090769354124,0.3764239986344619,100,1
291.698613093118,1.4797224440361978,100,1
149.12947310321076,3.14705142186515,65,2
70.29573241440788,8.475333422594817,100,1
58.11863585897679,8.732593813561659,100,1
66.87565850575216,0.4155729435549216,65,2
212.57799228660087,3.247245531285988,65,1
12.13371843690022,8.503842046380706,65,1
15.40832190981446,2.496932490352383,100,0
182.442882714945,9.76003306597132,65,1
192.617144021222,4.893037665760273,65,2
199.578877296738,9.3731268939841,100,2
111.56415137657736,4.2882639436526295,100,2
241.78346661424595,3.237989270876299,65,2
160.08737631798527,3.624101752088528,100,2
31.639689002825836,8.843005825306731,65,2
239.1297921202036,3.3068938628833267,100,1
285.9203358811375,6.693462214597103,100,1
18.010893900707604,4.698426821245846,100,2
117.40540161017398,9.416711887268477,65,1
146.25481345042428,1.59363472071141,65,2
43.941228023495086,4.286568301018422,65,2
260.31268433486315,1.2463381190312195,65,2
85.2448934670132,5.781393419601892,65,0
234.90256198144803,4.028991913380774,100,1
201.2983446084948,0.6093723248441663,65,1
179.41374674010703,8.498381097667531,65,1
57.64285460896632,3.755147828664389,100,1
66.21105616527171,4.936307409504639,65,0
14.204521423970796,4.075133354835784,65,2
72.2137289346799,4.886526784499662,65,1
103.63308283815424,0.1632519766810081,100,0
249.9435911587276,8.15459529307975,100,2
109.9178000144416,3.3230801194614368,65,2
226.38653482968192,7.244617644261435,65,1
131.83268438864627,0.6488679538113173,100,0
235.4604935981665,5.238252524980913,65,2
292.881480131112,9.087919720707374,100,2
71.95246741727404,3.982480355036875,100,2
258.70248358916285,1.9725901008403055,100,1
186.5472258917324,0.9908115711509724,100,1
245.18827847659645,8.590879634880926,65,1
195.47577068034155,2.3880622735961743,65,2
127.18485218224504,9.750711114986512,100,2
68.4224818325371,2.4782278332790773,65,2
21.010567599349507,4.8099099574279975,65,0
160.6555093382151,4.579941317991669,100,2
297.0978283580597,0.620096193665074,100,2
221.41254150426187,5.318394198174479,100,2
98.20366241970498,6.7264097968853696,65,2
248.16144002602056,7.421356632912185,100,2
230.695200052922,5.225917563109292,100,1
84.49073800603703,8.125851651213527,100,2
4.292246938270406,7.520975018439174,100,2
35.44879156018488,1.9397431208722091,65,1
263.1918570936173,4.016016818985069,65,2
250.96891059146157,1.425818512087107,65,1
88.56270026350873,1.334236537709215,100,1
85.55862788532612,7.121273546232116,65,1
237.8594961307413,5.304591323775849,65,1
281.3212409686266,6.0094980847810255,100,2
233.74117703928,7.321842832725891,100,2
181.67360310922845,2.772349321617468,100,0
72.80140509954136,4.0136195865265565,65,2
157.7243742285782,6.068030889836208,65,2
70.05355757797939,0.9662898141836118,100,2
242.4034260290321,8.33054081195257,65,1
116.08832385532118,3.4344962418887603,100,2
250.10916509820785,6.587529840348395,65,2
114.4827653948176,9.955649018568158,100,2
247.2448215599674,4.753624453773155,100,2
99.99534454957258,2.150484492890988,100,1
132.03981138530096,2.164333987818478,100,2
184.64652580279727,0.6037621618598044,65,1
21.0862842089756,7.670823009964601,100,2
284.46211854463934,2.9343134009202734,100,1
172.08173583714097,1.727257625360824,100,0
152.34600440724068,7.136960338155216,100,2
251.81819133597364,3.091366414141341,65,2
259.7288189690483,6.00468947664389,100,2
156.6781213587048,4.178262138353389,100,0
278.1786977380912,3.3415272967977003,100,2
19.421329822944188,4.894295955389597,65,0
33.967737675365264,3.137932393721972,100,2
179.03646900433205,8.70564919142517,100,2
106.2197585380751,0.730403044251241,65,2
139.26754985675964,0.3015362494690454,100,0
98.42376536914996,4.063930273835195,65,0
121.41759343348068,1.7284363498898236,100,0
246.79390414388985,7.43726455022875,100,2
178.0428599562914,3.5343391072314576,65,2
299.2033647850495,2.614377121620939,100,2
236.0637593462889,3.5938146320282947,65,2
82.09987623054799,2.194839313100261,100,1
79.30353531800887,2.9965247899984524,100,1
100.76948103510212,5.679852853703765,65,0
252.9778441943228,8.640325459584211,100,1
8.186295195169679,3.7086935891678063,65,1
69.05438366137732,3.206717772441303,100,2
271.47552610328006,7.817898786449065,65,2
191.9689308249756,0.2242638355795612,65,1
68.05412865031693,3.0207632541182337,100,1
65.7434904697741,4.521708185442338,65,2
258.78543052782913,6.006616768491085,100,1
268.1272524831139,1.560615297786937,100,2
76.83932728863458,4.3285439805529125,100,2
126.15310742295968,5.663004668819045,100,0
250.37872158849515,5.102504584736023,65,1
231.3022315829656,5.745510780465695,100,2
244.17483196982533,6.62398267461522,65,2
155.51945723639062,3.793726691315218,100,1
273.46471449155194,0.6363574177599263,65,1
97.78546318633056,0.5555628230625342,65,0
47.00164030425541,8.587146470198228,65,2
212.61969976945943,6.7741921682854525,65,1
161.8063248020689,7.6418468251725375,100,1
256.3757306428443,9.288046199302022,65,1
24.34777473741449,7.505444033056378,100,2
253.10772103142008,6.923012684145627,65,1
87.98839596264666,6.557585389064013,100,2
196.4567001504549,2.5857338467581084,100,2
12.038636723476737,9.572940717475577,65,1
182.8743888910802,5.420443080659695,65,0
215.1815067562008,2.220738946186072,65,1
110.62506435168608,2.098262110728031,100,2
64.62321157864207,8.152659114940398,65,1
161.2892029810635,2.502086014562797,100,0
249.957241330694,0.4142639787584179,65,1
97.06420748899524,4.28412272834647,65,2
75.74078925638386,8.173504547328779,100,2
83.68059259130631,4.144396411860094,100,2
284.7396458749993,8.035475776019341,100,2
107.7830747293679,8.272109757617002,65,2
1.0812719664861523,8.577071627894075,100,2
234.50436238788592,5.888998407660207,65,2
209.78243860061704,6.994707701724257,65,2
38.57047938089067,2.6185906083657584,65,2
295.47127474047375,0.99697943016393,65,2
182.41868559153332,5.327805241800846,65,0
150.23384728218045,0.1058189259799424,65,2
114.66578028686732,4.657378509523667,100,0
269.6018266690914,1.020936200695758,100,2
73.18904442556898,1.0842029980506451,100,1
85.73067006597056,8.707834158854489,65,2
36.72324200597007,6.405181923060354,100,0
227.735728675278,6.452342986480478,100,1
178.664784121756,4.044766754891604,65,2
182.7198507763495,4.132543239375133,100,2
65.54112930583909,3.0310769280931096,100,1
195.35051673812515,4.343585332920799,65,1
229.6375341740592,5.871250614068569,65,2
107.36655921770678,1.865890577064796,100,1
240.40414318851367,2.616834469179224,65,2
104.63717655960627,4.947539361782014,100,2
227.4415384527863,3.847803020255193,65,1
10.119032237315697,8.194865134900533,65,2
165.3493804420958,8.216870270768133,65,2
290.857968191966,3.359920408309799,100,2
294.3733802047172,4.507952800131594,65,2
84.52577350252218,9.765874980571835,65,1
132.41972732410665,8.27476083286064,100,1
18.893372395989918,2.1566041647357084,65,2
262.0023922813799,2.8022897722073115,65,2
170.57164594206424,0.8348033824163659,100,2
115.5302036821551,6.778231426173299,65,2
33.831167546745924,3.16895300034324,65,2
284.0301856490668,5.365951871199167,100,1
159.0657143462981,7.6814228191838065,65,1
84.87837872487117,8.360350673796889,65,2
105.06453903945284,3.253643440735856,100,2
81.2091542766443,2.372469370744137,100,1
180.5429426570942,8.485363726118605,100,1
278.98907273415296,3.8127081159293783,100,1
257.0081409979693,8.219981403791955,65,1
138.11426262779324,1.4976315064146806,100,0
247.94980869030235,9.119094103760249,65,1
126.93164438289897,4.831256571279342,65,2
75.6921422275914,1.7013339000181993,65,2
295.02453457992834,5.350681502624544,65,1
91.16627039124656,8.700159819292617,65,1
97.11726929607252,3.8932506875909088,100,2
296.9078603359567,1.7806150696456624,65,2
40.17824794969647,5.765561651617974,100,2
228.16019640290853,8.34467111582599,100,2
280.743827544818,1.2135377603565167,100,1
153.5384982826256,0.414083076526115,65,2
0.7565285108460107,0.5629349358184366,65,1
112.51768323393188,2.3048871970045592,65,0
33.470697715448125,0.0730200127352431,65,1
124.85629828010872,4.286727694012878,100,2
237.0080284926854,6.977494539209169,100,1
131.61346466514016,7.104581892712821,65,2
129.57753640377675,6.367115232411065,65,0
167.036843075654,2.9620013459500685,65,1
174.50717542430405,7.359377057084177,65,1
256.8888926396914,5.7648756762494,65,1
92.50663176868544,8.611791967673655,100,1
246.5013793104048,4.780055155192783,65,1
169.78012460761417,1.8014730991556305,100,0
90.1588649151441,6.346528330341737,65,0
88.53781320182314,1.5078422935405744,100,0
108.34125513171736,9.631448446082192,65,1
186.80797278599263,7.032851897673639,100,2
69.24351940798475,7.563218874224475,65,2
276.10006850168025,6.79268442467408,100,2
172.47377525337012,0.9755956992356728,65,2
276.00473309880203,4.652998194550749,65,2
13.921307573746413,6.514152429123855,100,2
102.78341113844202,2.293558730849594,100,1
6.842298206286923,6.795021069094571,65,0
81.67554452939095,8.198854752386783,65,1
258.60194168057643,2.749299794182951,65,2
10.982914752660257,1.9960330026575777,65,2
130.84412997472344,8.831599779348892,65,2
35.27012114196834,0.0519449276456718,65,2
125.05219777811033,2.557470484099287,65,0
251.6554752793132,4.067303981459162,100,2
186.92131002075573,6.722597187868979,65,1
221.02690359942696,9.97063494459672,100,2
104.7312346348743,3.7081839490267576,100,1
283.31930850304246,9.488087260395194,100,2
212.77862813385,3.6677428215822574,65,1
126.53964578535928,6.95529256684021,65,2
127.93944006811648,1.6536701732446069,65,1
275.6052533829893,4.604078585847549,100,2
172.92140803061753,8.712735186392601,100,2
211.9137629709125,3.199943800738092,65,1
125.11056735395124,1.052025986807329,100,2
67.10782942941424,5.227133358625299,100,0
217.0677875983256,4.395346862840107,65,1
182.34713164241637,2.295396301195164,65,1
150.40286412743382,9.05615226147165,100,1
187.2062819983392,6.01686738180253,65,2
62.48567581927009,3.471736218332727,65,0
238.1816119595869,9.961312390539405,100,2
284.4488415060917,1.3756620327569349,65,2
267.33094325031084,8.479515125836945,65,1
96.43072359210514,2.3062493578382504,100,1
121.80173198462276,2.395068579029618,65,0
242.52068993926835,4.981621982405471,100,1
178.53513924738115,6.619419698175189,65,0
164.37433310299477,6.904630975119893,65,0
277.9925902600336,0.2212763610269907,65,1
160.80748829311523,2.8685795319750715,65,0
154.48160387619296,6.606040752735673,100,2
12.605577379907896,8.897347936877923,65,1
20.82508757704129,6.698908884063027,100,0
2.2260923641950536,2.6588131475356915,65,0
273.9732677350901,5.0777274898771765,65,2
122.5159980053102,6.475764187454032,100,1
140.56841284002377,1.3533935089702465,100,2
253.6160842777386,5.449069032673095,65,1
182.7738931127334,4.716662280526613,65,0
182.85047891717437,3.3664803474134706,100,1
88.96032880644373,6.235376682587858,65,1
250.17251217735577,6.362162930304626,65,1
49.74899281184813,9.714699060403111,65,1
15.94487765188437,4.283051974128959,65,2
57.48100725555969,5.312671554836946,65,2
80.3211656323694,1.5750258097065897,65,0
84.69331735626201,5.4836233887579136,65,0
201.15407958563029,0.3608594917487495,65,1
65.34737619859305,1.4987757445686611,100,2
202.99749134849537,1.7124680349508048,65,0
27.33965197013992,6.3263911750440265,100,2
44.16073832937271,5.672946407340433,65,2
152.6464345472985,7.980369569444417,65,1
276.5687407729928,4.643994318717968,65,1
257.8702766433342,4.7485623686661125,100,1
290.62603273284094,1.615560321245514,65,1
195.1437195834513,7.427014297298196,100,1
202.7444599248276,0.0365292565193542,65,0
187.50689967944763,4.248908731463496,100,1
186.8456768574592,1.88325091136336,65,2
44.13610352027539,7.710099245419837,65,1
163.1216868491786,6.73391360687125,100,2
115.82038003551772,7.067687098370855,100,1
132.76116473318802,1.4857788569647046,65,2
157.0801719177712,6.688140736603108,65,2
38.51885154067548,6.908937098203936,100,2
107.84632015563596,0.0263708470338597,100,0
19.034868262981075,3.176008591114934,100,2
293.90043912671973,0.8728818124243176,65,2
35.55840864603784,6.813942324114902,65,1
77.55742156348634,2.121086698074349,65,0
267.38787801101915,2.6465931522932173,65,2
144.81301387174256,0.7832907547015056,100,1
40.69116045618909,4.838066652719983,100,2
115.26916141180467,0.3303280949238174,100,0
34.760398257415744,8.455922128750107,65,2
60.06479912535053,0.2636604001627995,65,0
15.608954084953508,0.6163969418178417,100,2
131.46824836473,6.404066332174871,65,2
241.99083651757795,9.16933523025437,65,1
175.79075360996865,8.921211346441968,65,1
181.90359164538356,0.8363051101386232,100,1
60.1752090249721,2.8844672163905627,65,2
103.16815297570994,5.210368568622786,100,1
253.5726311522496,0.266237386964665,100,2
26.35685529795436,5.286426155484825,100,2
257.37919610056014,4.477656408439569,65,2
145.10700787943568,5.884109955595209,100,2
251.1442293975352,9.203148835436032,65,2
95.4019258183201,2.746193057114631,100,0
101.65288547490624,6.390965435185888,100,2
225.48146049694284,4.2983233597309525,100,2
235.49885201766605,4.35128724321577,100,1
68.89340339704403,6.472714022593479,100,0
291.86139744657163,9.513363951802347,100,2
25.347031273448685,8.630315056658379,100,2
20.550888930639267,6.395224454791682,65,0
178.65126458583083,4.61538088945903,100,2
216.8222303314864,4.239921009118271,65,2
288.26583876749214,7.871329109605401,100,2
121.48373423965847,2.1822068374341157,100,1
7.587422696889934,5.876665441624591,100,2
180.86890183392208,5.049537682364711,65,1
86.90880617963155,6.493535607005073,100,2
129.88413635862068,1.8742102784980164,65,2
146.54084467498058,6.957572238045302,100,2
19.353783221410147,6.269997942038847,65,2
145.79453536923083,1.801461214696266,100,2
127.89590004129442,4.49621689291029,100,2
213.76327958597795,6.786193548433424,100,1
193.6997733637034,9.016042694423964,100,2
55.56471544516831,1.220996282112904,65,2
61.841675463119095,0.0873941824860602,65,1
75.30185363231197,1.6515415807516776,65,2
53.6851320891532,9.892737345188166,65,1
197.1639599005401,7.6837025761181454,65,2
298.32905376008114,6.143690188443527,65,2
195.63250215478095,1.3301306714937589,65,2
182.00446385738735,4.160458492614759,100,1
122.97838000532174,7.152388681467185,100,2
93.77407765792822,8.958841622363781,100,2
273.3221270719438,3.818232547592416,100,1
290.7005622426459,9.996898773860396,100,2
149.03285267631833,1.3973641232889045,65,0
87.06014865196724,3.8693592101789487,65,2
231.03666230093032,8.753974588663038,65,1
39.73703726006354,6.499156094483276,65,0
229.67647129310447,8.109194930073627,100,2
245.6845122934016,9.077991387728838,65,1
37.47118338815021,5.073163955066891,65,1
293.0584406389692,2.3474715088704325,100,2
295.65368711654355,6.937069050624437,65,2
281.01584379820537,5.634796847093573,100,1
148.8104428218793,7.726492047567128,100,1
73.82224268304853,5.117137545627663,100,1
174.6027842645739,8.11111368211255,65,1
125.98015154143071,9.020174759625975,65,1
61.78459341515913,7.495830266523974,65,1
127.10292288535427,7.436551538926041,65,1
199.1669507032772,5.871893412409877,65,0
21.27399323579732,4.716420121160376,100,0
100.02540043380496,9.725876568098888,100,1
5.338467003847558,6.451125321172891,100,2
224.8486516385027,8.40356502225362,65,1
192.20738028501023,5.054090285435765,100,1
18.80164041058976,5.548578579442208,65,2
289.42126788059034,6.628890236121588,100,1
6.786467138130203,7.285523686503388,100,1
176.98819394282657,4.48355741536631,100,1
232.91023853971677,3.563149283333657,65,2
236.36889391341688,2.394199224633483,100,1
10.285540677961135,4.236454228552198,100,1
271.9245397921318,2.112379105572764,100,1
275.53550157813663,4.167616457785178,65,2
168.4171119463118,8.746594728255118,100,2
144.62495966614384,9.770701815888136,65,2
13.460238918779943,5.771019706415461,100,0
168.5862427529606,1.460053802788054,100,2
122.81372453106924,4.275555810641559,100,2
231.84192222259685,6.020765106375667,65,1
121.16507006582636,3.707717549380392,100,0
205.0742499974129,2.051561737274876,65,1
30.42244387125924,2.268242706471584,100,2
39.88568122979008,4.739288890145287,65,2
41.9130571947475,2.164286958732723,100,2
13.657649939923056,2.495226918418373,65,1
162.39865778094114,8.730841830021864,65,2
238.1903178130908,7.790603185665495,100,1
183.12336110809983,0.5531298293891918,65,2
172.48646566585688,3.2017673005786307,65,0
204.1871785208209,5.319331521089473,100,1
101.89359692160444,0.6060863952195539,100,0
108.58622149446867,6.831712629262854,100,2
94.28102946627676,3.844451480432639,100,2
213.63267985607268,3.9717848081049887,100,1
48.49210070123229,2.653273666066541,100,2
3.9075840938773134,3.339289938012805,65,2
178.85893401674772,8.616898971813265,65,2
282.71440942026163,7.886029753914975,65,2
182.8223750988914,9.357718962016984,100,1
234.87649588226853,6.989973812352522,100,2
201.83721283980904,5.778717626742365,65,0
149.23099605690487,2.592562866125554,100,1
215.5177205351538,6.668553204824734,65,2
247.23123715656652,9.06158088377702,65,1
67.4194932515094,0.6916559756443375,100,2
100.83914414494366,4.430702313879202,100,0
67.11771975098516,1.4936071295560271,65,2
135.6518866771323,8.106164810003058,100,2
265.51936527500027,6.140982426652944,100,2
103.56213025059972,8.796493170190193,100,2
112.340066739166,0.6310012251665764,100,0
258.1101704015795,9.05730679114099,65,1
154.61229922340257,0.6719661851978043,65,2
160.63469989423032,2.8760580084445566,100,2
258.2403609996639,1.5616574713000375,65,1
147.15802110764196,1.4538566408763187,65,1
204.46726038881857,1.7166989797900467,100,2
25.693399762218217,4.80217871770544,100,1
53.58951393806559,7.843622877984587,100,1
121.31286021487368,8.982772750471963,100,1
148.45172034596246,5.668773584480813,65,2
289.72011037086884,1.5775155727412182,65,1
291.195489914337,0.791906725341851,65,1
255.3591262436285,4.94129619578266,65,2
94.67965058567236,7.653802348170146,100,2
289.2084872497319,6.201610523539563,100,1
206.80225940286377,5.827815837180015,100,2
117.88203834522012,0.4815521425033597,100,0
210.5024750954299,4.11545388430821,65,2
4.956818935957974,5.503838691373927,100,0
43.84640468226407,5.982915586821162,100,0
248.90571346691036,0.0480806218706086,65,2
193.6720910619513,1.9955497647066207,100,0
109.2584103875652,9.497860109387608,65,2
150.19999206681564,5.086438382788067,65,0
271.5426448937301,7.036422019511383,65,2
189.473432843726,3.081867321963474,65,2
119.44478518029908,5.85371993018531,65,0
36.097997219260506,3.5646727658885027,65,2
88.1240404876683,2.969588787869586,65,1
293.502069838975,4.113979805737347,100,1
131.20891885553326,4.598279291596723,65,2
141.55183915345825,3.311478871724968,65,2
149.5794097191046,2.5798961046940816,65,1
265.23120688446335,6.238203767851158,100,2
181.17848531559292,3.8073247658451614,65,2
208.10311093557664,2.0182603058049087,65,0
116.8240627647312,7.583677080585346,65,2
8.726285576692305,7.237415809956866,100,2
279.2918742728533,8.86815828185292,100,1
284.7383042749219,5.55019019118954,100,1
284.74591600441534,2.7943700741176025,65,1
283.106125994015,8.637076790532806,100,2
244.57258232086832,2.803011205826992,100,1
205.37881503489805,6.556006032152558,65,2
253.35297548018568,1.903930360227245,100,2
180.1638717003109,6.291747152852124,65,1
40.310884167607085,8.408571893573551,100,2
117.36544951242632,5.39944100334915,65,2
291.3884735918812,4.70887511311814,65,1
105.34134407869688,9.934729244548752,65,1
260.34837411941083,0.2245209122630043,65,1
27.963441232460877,3.317315806247243,100,0
100.25515271264088,9.185983577955078,100,1
105.28599741821388,6.426426851861329,65,0
15.480762932694049,5.420972754098969,65,0
35.72829905602649,6.376917086513855,65,2
57.9495633365313,3.2194115026671053,100,1
251.34467724303389,0.7116813792401622,65,2
19.02059698194192,2.7514783516831285,100,1
89.61027040331616,3.364960996528468,100,2
3.0525007767802537,4.798651301614548,65,2
208.68832362090745,3.938965143104664,100,1
186.09092701301395,5.21002223902917,65,1
193.49467861594252,1.9608138323383997,100,2
112.3148354143856,1.840484620175814,100,2
62.48034638027071,3.5171247764387914,100,2
216.09606398581,4.73715141577472,65,1
243.3353618222085,3.4172859259866084,65,1
41.58044942946053,5.765622323861214,100,0
146.0488283812264,3.1000611358964503,65,2
74.61470459365876,1.7716899443854497,100,1
50.43205836184011,8.628281100085108,65,2
220.2975940484997,2.006020985760636,65,1
161.4290806418511,9.666413898085889,100,2
64.85559971360033,9.87404074251121,65,1
93.00000336346352,6.968037955199113,100,2
289.9961013983227,5.0200099413783725,65,2
254.603869412567,7.954188312706285,65,2
263.9840228619385,8.732027157281557,65,1
138.0036291242124,7.095917972001607,65,1
187.1421791762625,1.020447554366517,65,2
113.03032206132347,0.0298786942467543,100,2
23.31359270666716,1.919013224105516,100,0
120.32079319703476,1.8853189560521575,65,1
178.1942259621434,1.8251749663995287,65,2
86.14328123043943,5.097723187297301,65,1
254.38517241822476,5.200844636456625,100,1
45.33004775237959,7.23022046708672,100,1
110.13872683107596,2.01467812970211,65,2
37.47117159726088,0.9265995824500473,100,2
121.4496401955676,6.660913177090527,100,2
11.898391492281135,4.839970229358965,65,1
81.76481851849363,6.663206500436703,65,0
120.2205765341051,3.807402447464829,65,2
143.4496089830075,7.50795534448621,100,1
163.10890754254257,6.826007776023695,100,0
82.49733893697567,6.503418553132153,100,0
156.9124003844617,0.275692833212845,65,2
152.70138646861795,8.581241587046225,100,2
94.85341526286253,3.766070234487151,65,2
249.06009919694347,1.3561554226918893,65,2
163.69233797806953,7.555885221385743,65,1
99.6809156239635,4.864749214518201,100,2
284.20155362423293,0.320053816872381,100,2
253.5337239213483,7.818714697490404,65,2
294.77634346554026,4.35037463052149,100,2
207.6701623936262,7.549259362478632,100,1
113.46687165181406,7.555910194228117,65,1
84.25820000370369,0.9993621042976752,65,2
198.9953531023443,6.132258231678035,100,0
294.2449747485911,3.6013706443202054,65,1
188.01452403115465,5.464018940056633,100,1
264.48448229695146,0.885469790718435,65,2
98.73102931433058,5.881835591567189,100,1
122.08613474227668,7.775400229737778,65,1
271.882571876806,9.8681380404516,65,2
227.06001058734563,3.2027954983569877,65,1
294.4230961103717,1.551247508591812,100,1
232.42926291967257,3.659012028252136,65,1
134.55471216546954,0.1930248447386595,100,2
159.32040594670892,4.087733221317454,65,1
270.154647738941,9.145894849220404,100,2
165.49402082941438,1.943510941244937,100,2
76.61921224933356,4.777196484229282,65,1
130.68594383098483,5.726170535778663,65,1
154.89479665473536,1.7990711988523556,100,1
29.01595006533887,3.301055237006568,65,1
223.12880227586703,9.113575574919984,100,1
32.8061800064919,2.957287383454231,100,2
121.4753140106417,6.353630189829578,100,1
241.38673246212136,1.3695191871664825,100,1
140.27110848398908,6.698667793426038,100,0
252.6046559155524,2.7914440996246004,65,2
102.5643966168345,2.312627817324362,65,2
287.2908881995306,1.2416518171819724,100,1
62.84052954157067,0.4682438505117148,100,0
11.479243496790392,9.678597114295629,100,1
261.7279628971256,4.139047161022582,100,2
225.66081478512243,7.776155022927769,100,2
69.59515112021184,9.200892998522315,100,2
295.4224821410021,2.0402043627779665,65,2
150.68403878055835,8.698485961111482,65,1
285.31963204324904,7.080245478783155,100,1
151.5086314160998,5.779770559756994,100,0
141.56237603138732,8.090778083550788,65,2
134.7415611433395,1.1066457951418396,100,1
100.46258283988506,2.636003362634296,65,2
160.11044915296551,1.3105087367704893,100,0
135.76639858457037,8.959705701940518,65,2
11.02406298706624,0.9879765975980604,65,2
78.13057002705075,9.799504215215038,100,1
63.93684003166752,1.098912146981944,65,2
260.23068069631995,6.618196786501732,65,1
179.66099316805244,6.604940486351103,65,0
229.10493013491825,9.312461776377068,100,1
287.04781132478416,3.231325096995344,65,2
193.211781757923,3.320119099429228,100,2
294.7829974214233,8.462933063317603,100,2
93.52921549563888,9.785755527377964,65,1
55.88015469386816,0.3013877873095338,65,2
120.99296639787345,6.353169207639709,65,2
141.2398244807424,2.43639650386179,65,2
268.60846285577554,7.2796228809510435,65,1
167.9821317110029,7.727190092049641,100,2
87.6542998254051,7.625255569408173,65,2
222.79028486025624,4.355111763221794,100,2
151.74958114172128,1.5780138640834052,65,2
48.63958358255105,5.847646309510582,65,1
173.04593627737566,7.890380730717112,100,2
273.41836104218515,9.121949991163447,100,2
252.78678524274605,4.526443237792796,100,2
176.04299179059933,2.456753971274183,65,1
113.12495216549644,1.1882247312119951,65,2
26.093625319263342,7.976011077694186,100,2
140.89467699948713,5.352973671337607,65,2
225.62383125887376,6.74184092480215,65,2
108.08211591990316,1.592404006478998,100,2
70.63404766549932,0.0657881720551023,65,1
279.41391578128605,9.675816068824115,100,2
246.4667101373977,8.108881919770853,65,2
191.4826858260434,4.000264094891747,100,2
41.03500317615582,4.57147784946299,100,0
43.47265212185191,9.290653599939576,65,2
30.96587743673369,2.07650283749502,65,0
184.88900006782296,8.028286854760424,65,1
34.668838942000804,0.1792952807170822,65,2
252.7881596587899,8.757127863942625,65,1
297.88950054579664,5.892840063930289,65,2
109.90445541259956,4.775779593943378,65,1
136.10095409012922,7.064577021764153,100,2
213.5001530957036,0.6765113128060973,65,1
281.14590189772974,1.9554395688268569,65,1
268.2281320669155,4.069850821379716,65,1
17.277548624954576,6.178661767301317,65,0
50.7215407670295,1.4454829022325255,100,2
226.3791595673377,3.794923011184901,100,1
206.6679324097342,2.608928246456622,65,0
39.96557821203698,6.455693672182431,65,0
150.6193746004703,9.19278449562048,100,2
234.24438932558868,1.6597913331940783,100,2
65.63420467880809,1.8926114392769533,65,2
261.38629072039987,6.005284797113769,100,1
15.89153244611039,4.535625087746888,65,0
234.65852552042216,7.181046055669684,100,1
184.74566993696104,2.878853271732196,65,2
94.55980399630474,5.448196162071215,100,0
216.2797645025734,3.8682814957682696,100,1
234.7097385453479,2.812641521555279,100,2
280.1696913911908,7.292964115097963,100,2
110.3324016462791,7.958937485925746,100,2
205.80502079398647,3.2895145481953856,100,1
180.78488308040727,6.22971837726694,100,1
157.56182083712653,1.7859138987930443,100,2
267.1249422465113,7.909678827901601,65,2
0.950194241520097,2.81250755107759,100,1
84.6334818310793,1.7095474562262936,100,1
161.48317186344903,9.399613956663469,100,1
53.4879784909657,4.224842809496964,65,2
272.35996011982746,6.434999133494333,65,2
194.2785352839046,8.092133595761617,65,1
143.36489838959696,6.861423172034328,65,2
244.4105277199964,5.646600540220723,65,1
135.26585743953115,3.716134590984259,100,1
167.59590357900285,9.185230365058684,100,2
0.8252986661762995,1.335420078709192,65,2
109.71015905852208,8.8391972087281,65,2
41.63714170529092,7.0984883025679,100,1
206.9066041986873,5.714106762744539,100,2
143.70808769272014,3.247477614848057,65,0
90.52726717506924,1.4604415574762586,65,0
140.34970181152272,4.431605554534057,100,2
62.888966385403855,7.837595205905456,100,2
277.52598974584214,7.45309725081505,100,1
16.1917897652739,6.454422026762544,100,2
259.6251105888361,9.924996719843636,65,1
153.4076366200053,9.726347706564042,100,2
185.6839488416452,4.000048744227902,100,1
90.78168627261114,1.9253434266461236,65,2
290.0092850382964,4.638382698215352,100,1
84.55528755584695,8.445766095126428,65,2
176.6633991420913,4.585630877007309,65,2
298.02501153213865,3.359819650532061,65,1
264.3283189150337,7.412315006063612,100,2
160.89894758583182,6.501374118018846,65,1
297.1123568901636,9.686976700757764,65,2
210.4109585197844,5.492599813339645,100,1
62.6101248425428,9.674721910666792,100,2
121.67886313074192,2.909363113241984,100,2
100.3480002034653,8.648241603271856,65,1
103.20411248135674,3.509251505574409,100,2
228.13693180795988,8.096757423916385,65,1
175.27887818183808,9.259861844886908,65,2
11.427813476858562,6.231910845463716,65,2
263.2345450952928,7.2854908771165885,65,1
89.03884214404937,9.586396981639345,65,1
299.1224630739431,3.751564627281115,65,2
286.25721910043575,5.115837255892338,100,2
282.1592150045896,8.982919207651856,65,2
243.3382812191921,6.7281589700908615,65,1
66.18399950506277,8.735911047033309,100,2
159.7898232086346,6.182545059293629,100,2
67.29078804749238,7.397320822214933,65,1
77.90263667668476,0.1306243310414323,100,0
183.2855308308832,3.3967312981226208,65,0
12.250063605919015,7.704207370283034,100,1
290.8375700462123,4.040079503680209,65,1
275.6019517733893,3.628467265559554,65,1
114.23027164731594,9.515522357833008,65,1
154.6267344020739,5.52548491861153,65,0
139.8358257803277,1.9249208503638648,100,2
264.65993358524094,4.722266888705705,65,2
206.5805628948333,5.186712770549232,100,2
83.43337422730693,9.88731634057632,65,1
134.05237633958907,7.182195389832122,100,1
128.68979270602912,5.19402130577629,100,2
287.8005504851756,4.31990761007215,65,2
52.593273154391895,9.154949553979442,65,2
26.87290118832871,6.459410762768686,65,1
264.1856496485071,3.56086788541889,100,1
269.00579685176126,4.646303618121412,100,2
261.5217263736494,2.781247833611069,65,1
153.29307468766692,9.604286814628026,65,1
197.9233284808381,7.019450850187077,100,1
169.00891426829517,3.9229826225994895,65,2
20.834347816320275,1.832132024657712,100,0
178.75046907021672,1.7701908489824758,100,2
4.084244176830265,4.777422190214324,65,2
97.49622286712584,4.675670499769544,100,2
279.6877727619501,4.17788638767448,65,2
91.21358089074228,8.518060286557922,100,1
281.94799279327435,9.791831168803771,100,1
75.04018714477327,3.548231729731326,65,1
94.36867213845974,2.9461063415154,100,2
188.52224893156605,7.701107821018763,100,2
228.48809183678844,4.49792944590577,65,2
150.41633040146522,2.1756859284123764,100,0
264.6347061582466,1.8093926238833915,100,2
12.072126483185777,2.80567758391174,65,2
276.6584515903112,0.013236286719449,100,2
58.89233996862241,9.414299385814592,100,1
265.2716235253968,4.302488765543561,65,1
120.25895384591416,0.8284717201742364,100,2
249.8271167613113,1.6495712834425802,65,1
201.4996649411085,3.2333780940829984,100,0
52.78248974347864,5.516939431307192,100,1
275.41427096443454,7.0371607935504805,65,1
73.6552171465379,3.078511888748412,100,2
73.24203560849972,9.576164822197224,65,2
244.25366899121417,7.603119028323409,65,1
31.761976671756308,8.257987698901347,65,1
66.6107719111381,3.2364568883501645,65,2
151.1032720263187,3.8096120588775415,100,0
249.1431086059873,5.380617843492541,65,1
44.24519242118025,4.516969617455791,100,0
164.3004703537039,2.5989179097512274,100,2
213.37217754088184,9.9727091755928,65,2
258.1785674147854,8.483575784068565,100,2
280.66966806066586,2.3798734445792027,100,1
235.39197434067967,8.9239854468441,65,2
195.84851946660055,5.868859663414088,65,1
130.08602559382976,0.1256204886269252,100,2
33.63304625652589,3.461513809664476,100,0
212.9211577576564,0.2573275941465802,100,1
297.8211913426461,0.8777053122200884,65,2
221.02817841963,1.7897730646453314,65,1
5.013328121317883,4.843986436662036,65,0
148.87799341255163,3.812887073752237,65,1
184.3939897448712,1.4899617191358006,100,1
206.90226033085293,3.9455542517935727,100,1
215.91775068021255,3.0433949113572223,65,1
167.4325323649572,4.101559389080358,65,2
67.00809982027208,1.72310886267098,100,1
282.66019844296403,6.097110384843855,100,2
208.99994029909857,0.4453122566528489,65,1
71.05201106082284,3.878772118135977,100,1
96.69654968108186,8.948856735832013,65,1
276.5783011891109,4.196702757027701,100,2
266.2455560122007,4.410799365920245,100,1
121.54393150742688,0.680086543949523,100,2
11.492166597435292,6.0536429488957975,100,2
14.549210668181455,9.36402799571454,100,1
85.17548727551672,2.916103965438434,100,0
188.73666580169984,3.932516485987325,100,0
175.25839060036856,5.881581020272876,65,2
190.1483360831828,0.932111601641622,65,2
215.184891579632,9.502834489504338,65,2
5.709676077821523,4.675966737668174,100,2
31.52567855173286,1.1509630438611262,65,0
107.8450355481638,3.352272573463217,65,1
46.45799925647452,3.738309182220268,100,2
22.596012763366247,3.453775325748709,65,1
192.2893187991996,6.9322364963644585,100,2
244.60094324732967,3.4552072931667888,65,2
225.78799723028476,3.2385396654742324,100,1
245.11193358275372,3.220885235997274,65,2
199.7569632173632,7.778485158913591,100,1
220.60359654426065,3.0838152168900725,65,1
81.5336322624904,0.1399809284382835,100,0
297.9024108852493,3.655351371840749,100,1
54.949696348166135,2.7823717969203896,65,2
64.34816231681475,9.090172504296683,65,1
86.67654954475405,4.779061757236185,65,2
292.59972903197365,2.345753341342843,65,2
296.4865768061718,9.815833445964024,65,1
238.46812491194925,2.467442304055884,65,1
188.71727956789013,7.630241450791959,65,1
156.01877255538403,6.4955061933034735,65,1
291.1862537060537,4.622280927744553,65,1
208.68684085747427,4.058351025156471,100,0
283.4190384978091,8.723824793071897,100,1
94.96523984328716,4.750823886090619,100,0
100.13243768086969,3.7535713922992575,65,2
256.4173782355307,3.54250204894491,100,1
44.95647617558832,2.7586800480256715,100,1
283.7783583888227,4.089659516045373,65,2
152.24230639902223,1.1991798771184914,65,1
277.92416357510933,0.6512303273862041,65,2
101.03783661774392,5.414675299921723,100,0
214.7876712418191,4.542615288098979,100,2
144.8625365918069,1.7339227990689976,100,2
188.0410890736419,1.0679920921705444,100,0
151.3117479417457,1.4326723506826744,65,1
290.13468521140845,3.152444993688712,100,2
207.6316193441752,4.514846675007572,65,2
75.39569058789462,1.9335010930641183,100,2
272.90307657152533,7.5562498411737,65,2
88.2089214465313,1.9332437910127231,100,1
111.48152979025689,1.2412644995408484,65,1
30.637109406064013,9.94554869230668,100,1
269.98995593885724,4.477115632273891,100,2
85.8336069683589,1.7000701716038158,100,1
77.6752853794147,8.9455694802366,100,2
276.0787793984862,2.310916245911661,65,1
241.65805872151,9.255799553590409,65,1
42.32367645581232,1.1896085364608966,100,2
230.7973511711042,8.418146959384327,65,2
273.90992941613723,1.8426710862259863,65,1
23.553365463223173,9.38337648575254,65,1
247.5644984713719,5.742436427147685,65,1
164.2260155619168,1.899136957476588,65,1
200.7592348136402,8.448200542887243,65,1
147.85630167148108,3.9057599217086736,100,2
209.3409254715836,7.328134212621582,65,2
10.229358500025963,6.4344072155630325,65,0
228.8120169669851,7.14294522436856,65,1
10.003109357687524,3.4371489447557835,100,2
136.58995432420303,9.388254872114675,100,2
45.28949793908846,5.598131463257411,65,0
247.07228320539213,0.7756060999318282,65,2
94.09827275270058,0.6673400736009938,100,2
136.22806338129973,7.382296278505336,100,2
128.62522238949347,8.49974436149998,65,2
231.75058970541195,6.952796350911729,65,2
144.34330793879263,2.7749731147575742,100,2
236.68750050310385,2.25903961495752,65,2
22.05248304080257,5.654365895089609,100,0
57.47819037089853,1.9677949803556196,65,1
165.4602748939082,3.79099756470298,100,2
284.1264974258085,6.286912311451022,65,2
22.427354016534096,2.8491133657512813,100,0
12.925264847059292,3.7543892170823145,65,0
46.9652024783567,3.605178948783844,100,2
192.34593865804692,4.605235148599116,65,0
119.69787500107417,6.743598239704714,100,1
247.66571382530583,7.823491689270831,100,2
21.57994544440974,6.65082479480506,65,2
58.92422604441032,0.2616783049748172,100,1
90.0079216394687,8.96839695148039,65,2
188.0190260066356,5.8118878555251055,100,1
205.55180709046417,9.202464938565369,100,1
37.26098818913215,9.638722914208932,65,2
283.14141269752184,4.678467825861227,65,1
102.31324055706274,9.163656024362576,65,1
213.9506289000849,3.6538563913097786,100,1
157.26231568430964,2.6037825478214627,65,0
66.82743406413198,0.7363027265371036,65,0
253.86849693462327,4.518304542651217,100,2
245.47140845757897,6.886872817370464,100,1
118.82155617500705,9.76835668276168,100,1
176.58227570815663,5.213092778715739,100,2
77.34770878078191,7.344748318100985,65,2
206.95548862389043,8.961471525631678,100,1
92.70804378612942,5.431853013731911,100,1
253.22362031467048,1.667652830361136,65,2
65.21553128318229,8.482084152000011,65,2
4.441026845539242,5.741737062434408,100,0
80.55241259037554,7.58511249498849,100,2
57.31574593784601,6.584779276796349,100,2
152.48593191747727,0.6103750618718984,100,1
61.11098749697289,1.6911496362986755,100,1
228.9569612158484,2.8624975245077646,65,1
72.41119140120118,2.8470781997659147,65,2
212.0904539737967,8.391977051130464,65,1
173.5412769041172,5.982393611750388,65,1
295.8749569415653,0.833753359774605,100,2
299.9702931027695,3.87198573698351,100,2
260.857824995199,5.563306854349888,65,2
227.99501078962533,2.5150282996727014,100,1
115.93692420017211,0.398338961246365,100,2
225.98301813939108,3.802637392771824,100,2
287.0026611238472,4.611889005769668,100,1
7.013272618633248,9.047649419153338,100,1
161.37441005932163,9.08366165733572,100,1
65.39949131653037,5.004024723893153,65,2
167.36289476065514,4.714945575154022,65,1
139.93412692766734,6.405020598809099,65,0
172.73057446568532,2.5812406643862804,100,2
165.2886664256173,2.8571417883450434,65,0
288.0321117505686,0.0255785236765526,65,1
165.6558326804208,0.7821187658297879,100,1
253.86962643746017,1.7850363132656089,100,2
95.94608604025396,6.405727378426995,65,1
131.43020663731468,2.126572567400564,65,0
141.12404281344297,1.2407900479996636,100,0
83.61841300061391,6.163047237472899,100,0
113.93707844338655,6.51750023585596,65,2
179.55392384003258,0.5967312822531357,100,2
174.05632899135972,7.728980875995221,100,2
190.93060337204412,6.061570695929176,65,0
105.54537462604232,3.970654435612584,65,0
94.74944854591712,9.831822918306075,65,1
183.4853648262489,0.1019935286929341,65,2
39.85852452825749,5.448517277873231,65,2
75.909463059642,1.5970340873455555,65,2
12.638321085898562,3.293327682369905,100,2
21.78325577882404,1.3320228351267829,100,2
73.01498377818267,6.682145116084643,65,1
5.858784089075709,4.015715934019739,100,0
73.62317762623846,9.862995006735066,100,1
196.4928969186078,6.538471173009271,65,0
18.332123540679916,9.17334817210665,65,1
131.0210033383923,2.408271878328694,100,1
273.9326360758648,3.1878406315415364,65,2
237.3854486776203,3.626822394702708,65,1
91.63125068845716,8.385150142976984,100,1
277.4416437574941,2.1167577000294155,100,2
98.89394902431744,9.467207780529444,65,1
21.754648901268748,0.4357908901125951,65,0
298.21678703043403,8.898580143717039,65,2
261.0067581567515,4.514138782808661,100,2
139.7798349903277,5.258980340845232,65,1
199.9129572577212,9.97397442490804,100,1
201.36842335700103,8.700479803284248,100,2
58.3446692191381,9.040215908666228,100,2
60.01458994608969,5.8553500639325184,65,2
140.87421100554772,9.563417825499222,65,2
273.4719420413094,6.878054326370096,100,2
2.9981324575712343,8.1932703240588,100,2
234.75169078480775,7.209339076317186,65,2
17.258035114396243,7.809144308227643,100,1
143.46663446493534,6.379709549201383,65,2
191.3618499220429,7.264086164140789,100,1
206.02778012473945,4.359384778245944,100,2
17.543779084773416,7.06867393438657,65,2
125.58108521519048,2.768105524478038,100,1
175.1511781506974,6.349407904398118,65,1
19.81366119180208,5.237524325185369,100,2
40.528366978592935,8.985376171905456,65,2
199.09469685121155,6.732228433629973,65,2
156.49145897719552,5.966205386255049,65,1
48.54859838048717,3.130741037201177,65,0
160.57180107442005,8.628039182724406,65,2
273.8077120333247,0.5415769016214778,100,1
4.676275432609178,8.99751031812002,65,2
192.7901320457564,6.529775840385652,65,2
22.09513038160258,1.8949259651013817,65,2
1.934832889410254,9.029955023954786,65,1
45.19634659819014,3.26353980529802,100,2
126.8719895561758,1.6827259658427862,100,1
240.7031996945859,3.191460616049976,65,1
84.5356489813676,9.610723283712808,65,2
187.7019637166276,7.52758499306727,100,1
123.346991386592,9.167931321712055,100,1
70.29953758980238,2.9887203017855968,100,2
154.27413428485758,0.8243927916105864,100,2
239.23934711178697,5.6275522693996205,65,2
249.74771101684323,4.830007733051277,100,2
253.955859563171,7.206047838238289,65,1
101.56734376649382,5.426751805776782,100,1
238.0368194147259,3.9646677547647102,100,1
63.65353653267236,0.0468585407844535,100,2
221.527530372865,4.677465584057189,100,1
284.51532788178497,1.2064282032790052,65,2
4.123150407287158,9.220011031054874,100,2
132.1091793536394,9.217063305302377,100,1
194.33129652420135,8.036490073774324,65,1
210.53273114626592,1.5786666757674417,65,1
52.82632748076066,1.4743881373740098,100,2
291.6549825715779,5.633102337554167,100,1
184.57961039129188,7.274617690985309,100,1
49.30218036848033,9.045392695701482,100,1
6.156753513754588,8.940343754686884,65,1
234.9792596369328,1.5532758077675413,100,1
23.911421833637725,9.954739500762209,100,2
42.31527632107096,1.567974815772305,65,2
172.4490080567072,8.40118250488804,100,2
181.0516510348859,5.869455561034012,65,1
206.06613557771956,6.782864742407158,65,2
118.05420379908622,6.039717771525161,65,1
232.16960069004688,8.69682042400622,65,2
292.3075798847666,6.370976823880592,65,2
81.32848292396491,8.486638214806995,65,1
210.90858496138375,1.543679787383759,100,2
278.5405957185471,8.66706730746265,65,1
205.8860287851128,9.929533204219602,100,1
204.33284959327784,6.6150679499468055,65,0
67.13177072556198,9.763611042994448,65,2
160.53906009590787,2.198835385626688,65,0
168.75685308137406,8.29283120346447,65,2
210.03886873678584,1.6904698336979318,100,1
299.0464349688548,5.15942763348248,100,2
10.093146763128624,6.640349914680738,100,2
19.56979838024605,6.602622518935487,65,1
23.385020829275625,6.708609418520613,65,2
222.89374034668705,3.2092469302452145,65,2
40.90613853322726,9.737210970080854,100,2
186.7355623471036,0.0655299399355868,65,2
97.40066336803751,6.209984487087405,65,2
137.1959868632133,8.661097194243277,100,2
64.69894794522418,8.911132051513952,65,1
259.83196839136264,7.202054014008324,65,2
175.8450972489079,5.748122045245202,100,2
283.3689790746758,4.573350557494594,100,2
172.37887491129885,4.495159949152683,65,2
37.172409179084,4.250991314310648,65,1
51.26113015154263,6.998926473544687,100,2
296.7221929103542,7.312084395526044,100,2
217.66955919926036,5.147623488119068,100,1
14.783625008726895,7.408117651219324,100,1
211.13430151039944,5.284551817514094,100,2
123.65191404288348,0.973517030401564,65,2
92.16251604695717,8.516150694596618,100,2
46.21823811916028,8.704804520715907,65,1
251.9711863669697,2.664612173945974,100,2
19.152413696730207,7.86433414591116,65,1
86.95063871389209,5.111709987378333,65,1
91.91486814771132,1.2402718012357616,65,2
48.2715851890501,3.979986957368319,65,2
152.4554649860611,0.7655195827675043,65,2
3.510788043267788,7.864669957789595,65,2
90.29265462312274,1.9623346277342324,65,2
280.0888332099192,1.6439190111169022,65,1
93.15887080260173,2.0853763154717653,100,2
108.13781613202548,2.2613101273982874,65,1
141.94951447022146,6.739521810365597,100,2
168.5080124554424,6.386009821095195,65,2
242.6125934462232,1.2933662411160174,65,2
57.09636694680529,7.244191861024001,100,1
261.52391315776714,3.4905710304244897,100,1
227.2648071431668,4.57472730703548,100,2
216.7951003984666,1.248599598195106,65,2
26.04137211439057,7.086260560983356,65,1
6.492206992375404,3.7622214720467473,65,0
178.2038102724252,6.321296032741977,100,0
258.9401887569484,4.27220944659722,65,1
175.3324392421908,0.4886880065475074,100,0
63.970459633659246,7.034895658562398,100,1
27.155969384763967,5.525081602467127,65,2
209.87893584532048,4.3424492199065865,100,1
216.5310831953429,2.0155199070784118,65,2
51.7595102061326,6.243432148194492,65,2
8.457094648960883,2.7519744639409884,100,1
122.4850539669591,4.291742986259295,100,1
174.81561063990665,0.5648514708875163,65,2
211.80072287015736,7.767465071684263,100,2
242.98350274587085,0.9003708241815023,100,1
183.1612281920197,8.908396077998795,65,2
33.26418257954551,8.675746190478932,65,2
204.7745016427245,9.71089924817562,65,1
295.2529928684646,9.084412428049438,65,2
271.6753753792212,9.714076542163369,65,2
261.5006727808538,8.872762441747103,65,1
90.65104600750226,1.125086050424734,100,0
225.23645293620015,4.376818631430055,65,2
255.33103378954365,0.7615636181123453,100,2
203.49786138937893,5.452982066793366,65,2
75.16852697039415,5.297567614791858,100,1
286.1501915624875,9.221783601162928,65,2
135.24582343760275,9.696947451149834,65,1
38.94166759976382,2.5964404682514184,100,2
32.9333685172176,5.8231284976209015,65,2
194.25569618971372,4.644417896529488,65,1
131.31289392502174,5.467351747409527,100,1
28.34516255368909,5.31728095088984,65,1
222.1093716468284,9.141244092026335,65,1
239.79755017758592,8.961257752523029,65,2
217.6246892359354,1.2273668193723164,65,2
60.67826330520387,3.451101784168614,65,2
206.9326367988208,7.5277507359278895,100,2
3.216840868315529,6.839871058300631,65,0
91.53364190352276,6.311925556095242,100,2
119.64645942226312,9.93810432296497,100,2
250.57408466565047,3.36935057298282,100,2
117.11831192082128,5.15248705781926,100,1
3.380833856819488,9.791503732512744,100,2
105.70392354840284,6.955522786122463,65,2
149.67722950778617,6.486802721875087,65,0
284.701436001832,1.5474724005099882,100,2
282.31029113686344,2.466569034453927,100,1
54.26221146642347,3.774731893867017,100,2
55.54396252183547,4.648471003633045,65,2
49.01443693936515,4.972102397051575,100,1
236.67657972423095,9.021371814296458,65,2
1.8066121105219104,1.0721198570894586,65,2
38.1531594575632,2.483525700506627,65,0
161.3878894932297,1.436338035484418,65,0
74.26862006602965,7.35310725753111,65,2
27.706937471778627,9.705798011091275,65,2
107.9634037001503,8.939608033877105,65,2
82.26228151807344,7.233007688055453,100,1
153.33129195428535,0.2152280416847252,65,0
293.77007814905875,3.4703086999744857,65,1
37.29139104447553,8.636180500027459,100,1
111.8180114502283,6.530702539609364,100,2
279.5955053617424,2.0960132124989475,100,2
263.0619130481468,4.664871346685904,65,1
118.28131043528418,0.8791813164505746,65,1
209.68597935592092,5.208015365725886,65,1
26.35710407440367,9.010284476851634,100,1
213.76231666308453,0.3871884633696676,65,1
291.85731884542247,6.13891525079295,65,2
161.2464458502575,2.331026979988786,65,1
149.5470681103243,9.903850721788558,65,2
56.1955859105731,0.6510172070353493,65,2
190.1364596721876,6.172913830838899,65,2
177.13118423367447,2.563706877591414,100,0
195.5799178427252,8.824630625479328,100,2
7.824986005416545,1.21929799339065,100,0
164.61704650472208,4.292526128040931,65,2
178.48045304921192,1.8536154496273671,100,2
62.259040623840654,7.994437223866821,65,2
62.49985724656081,3.514435663214106,100,1
82.86545055328494,1.867131984561932,65,2
213.51647751817129,7.25901068076631,100,2
181.8798190597115,8.172173178312963,100,1
253.72879383534135,4.623954873696424,65,1
88.69757155292946,3.788494022589552,65,1
273.6204179664955,6.321441923770895,100,2
223.1118485950075,6.513965889391736,100,2
118.5035010041091,6.60745395636221,100,2
28.57861968763677,2.7575764196927444,65,2
77.09509874624474,9.413024726154744,65,2
287.0304651644551,2.134442477437352,65,2
93.1090127652238,3.7415827588819695,65,2
98.97028804471934,2.8369394233569203,65,0
56.8766793293151,9.31123508169197,65,1
242.0551803416296,8.283701424783036,65,2
82.69326907268321,8.112719372858653,65,2
99.0774745106567,0.0471008187511978,65,2
124.30443252948798,6.859005002083208,65,0
130.1184839323829,2.3027369512868945,65,1
123.40223712450651,9.677442571932994,100,2
151.12310861241858,5.307514080354652,65,2
244.353863884921,5.647030013999449,100,2
245.7855122226066,3.564828248233006,100,1
239.49394012900407,5.367306223024113,100,1
30.337451734946253,7.497371876241443,65,1
239.90364098244424,5.619201540943218,65,2
36.07553204597304,6.412628898916902,65,1
37.4171310156774,4.724680779548905,100,2
284.3588314904882,7.163997107228298,65,2
245.8193534116624,8.995590170883766,65,1
165.7231400604026,0.5105119991096518,65,2
262.49106134335864,1.07296530681676,65,2
296.80939276555887,6.856091145034214,100,1
183.19261998953328,3.777044152705974,65,1
183.8695310944554,2.8161843799359243,65,0
226.3281087479784,1.7859328346235614,65,1
69.64168570959983,5.726362767712832,65,0
50.1374584556398,3.4753239559061355,65,2
227.87422500452172,5.079608261113848,65,1
103.4714384982307,9.585612282138143,65,2
40.5211068917802,7.582676456658152,100,2
94.46331777532492,7.959508692733578,65,1
107.59106036237262,1.241979030630248,65,1
289.5682978517072,3.249803187968916,65,1
209.38791332637695,1.0623547202286898,100,1
159.25689521992018,9.685209301540642,100,2
290.6619416047815,6.821876151332016,65,2
270.9419221422542,0.19233837504258,65,2
153.60025698424792,4.755048218211357,65,2
271.7038906130942,2.6352563655082872,65,1
121.29139741879698,5.399588512670729,65,2
69.1261996069874,1.7865768647186364,100,1
69.80345304662553,0.5685549063165762,65,2
198.694657332638,3.23177532278316,100,2
150.32109621218314,2.955071107047224,100,2
197.685254101634,7.1696358473137325,100,1
205.82278927865096,4.74548859109535,100,2
6.696861869315285,2.9132780333358363,100,2
16.211877704370703,5.704305184284607,100,2
159.80331797737497,0.7131738823124079,65,2
57.31064332802307,6.6235261175375015,100,0
189.7601306413319,1.472893667664772,65,0
165.65572175119442,2.796993693208909,100,2
175.72810751126738,2.8212288717172007,100,1
90.7366139493032,4.658519198433073,100,1
191.953051883369,9.531573664299488,65,1
248.8477909455069,3.246592504354285,100,2
299.42137607767114,2.8132186847093967,65,1
251.5333158516643,1.6880198529660395,65,2
167.24962790398422,3.919689000861707,100,1
58.02887750398696,1.8204111187257064,100,0
204.43376283594625,1.3776933631563049,100,2
281.29613566739346,8.573586058147855,100,2
63.55996191969072,0.5263873452303536,100,2
76.79868615797312,7.108251194599854,100,2
44.702563023495344,2.025709010200712,100,2
221.0164930879205,0.1171502328796192,100,1
121.9684510270978,7.951449587969596,65,2
18.808691665915223,7.022855192235236,65,0
262.4849974470841,3.342989063743409,100,2
167.30157141077,0.7933253389047357,100,1
99.32828760010672,3.6067156369778655,100,1
103.19489281832908,1.813275803018285,65,1
87.07536605727203,9.32503553371556,100,1
136.64405171779254,5.296231022547948,100,1
101.1125065464435,9.638436377269242,100,1
164.3838912211828,3.5131412190042743,65,0
232.05517568138825,5.564628186743985,65,1
202.33838503331205,1.9012343009521948,65,1
88.33706782623514,8.084290940375288,65,2
158.62230346193377,0.411003123694198,65,2
252.03784797367524,6.956154229361279,65,2
20.46187042281764,3.916600923589073,65,0
23.489180096071426,5.784157740250771,65,0
166.85102041492604,5.922591349165696,100,2
191.73453851694097,7.107951141343168,100,2
63.42390473277123,2.0426220323125954,65,1
223.5660380074554,5.313859212156312,100,2
193.87901311221825,4.269259363933958,100,0
276.98678047088595,2.8218110886036407,65,1
50.68626055756101,4.957278227645263,100,2
225.4122796074032,9.520150452510851,65,2
25.092927174980105,9.488849471790225,100,2
169.58772285536924,2.7881731996174244,100,1
165.56854184974375,8.842071649020069,65,2
116.51551339402218,8.76754809387134,100,2
253.37134430057017,2.495846476012755,100,1
1.3111934358036703,5.989507464230512,100,0
156.05382056955622,8.69935759278425,100,2
65.14606495055622,5.149948019518033,100,2
223.04958573492988,3.697694669010072,100,1
12.92022789182915,6.507854302432062,65,0
249.4664064544733,1.7242506344317032,100,2
251.42766801208543,1.617313816299235,100,1
249.85980372105087,8.326461317742371,100,1
45.77055801980096,0.4187491593812575,100,2
189.12195556831347,8.036299792257493,100,1
4.310207755016881,2.9049415809293158,100,0
254.38877738675995,4.831224909520323,100,2
216.8925580525861,5.43515055047929,100,2
159.3461192697758,7.670692734606802,65,1
219.17742992898516,8.838579865433598,65,1
28.297228995531665,8.042241253964654,100,1
158.5967496530569,5.723437752804576,65,2
87.38294754493363,3.480136703493661,100,1
291.7858389668919,5.26557824958654,65,1
257.1353851871705,0.300216846274719,100,2
219.98270875019307,2.449801152397356,65,1
280.1242905749196,3.6615536588757926,65,2
104.05299136964211,3.1975452415150407,100,2
270.26396969645435,0.951469407311568,65,2
97.57146963201308,0.5075408141404458,100,2
219.8390159073459,4.2071477957415295,100,1
220.92507353293476,0.7479975329822319,65,2
5.504962936228042,2.8620805854153386,65,0
108.31790948345856,4.7482565875329295,100,0
5.829801722549366,2.099612713581811,65,2
299.12760528307456,0.7953492634557391,65,2
36.6590285487714,4.32133270645793,100,2
162.8432686944328,4.484764984919699,100,0
237.1668716287912,9.156142963287202,100,1
60.37908067826774,1.2783764257646713,65,1
145.5158004286418,6.149953776776283,100,1
182.2286282763453,3.1970256636537098,100,2
48.061426318663614,1.2359783039692152,100,1
233.56663797346155,3.931471067752528,100,1
89.8009371568096,4.279375853642152,65,2
63.306922901652094,3.63564514290763,65,2
167.48662393122507,7.657327409353288,65,2
123.09408829288137,8.392064699539363,65,1
276.0857833909253,1.4873176176321743,65,2
264.0188094594462,1.6790507162963364,65,2
145.00519901666496,4.212175981433277,65,1
107.77913241767926,3.201889611015385,100,0
97.65539448937956,8.195736053923374,100,1
80.26908692445221,9.96811203114993,65,2
163.36435611374318,1.8111037143446216,65,0
241.49358142036303,7.625441508398029,65,2
93.22698246106734,6.072468162166364,65,2
57.02822690642445,6.444240666350147,100,1
142.64514185498604,2.644414690038865,100,0
20.71032503929996,0.9719622213912192,100,0
210.3837018389121,5.432561059013258,65,2
155.50747989058007,6.135058489038421,100,2
148.91244239185625,9.630489398824702,100,2
90.13361386500677,6.752310640888769,100,2
271.402031259521,4.436843001715214,65,2
27.14588755486581,9.940011287889837,100,1
260.94720266610943,3.732389748775028,100,2
113.0115607247768,1.6255850186533938,100,2
264.1870547925067,6.179800527846582,100,2
218.6284374997151,2.6625063342189077,65,2
31.25121799861149,9.222048369006586,100,1
249.46088595280608,4.278683644721994,65,2
204.65305010985156,1.4961634988073558,65,2
9.690573874604535,1.4163057016514802,100,2
40.11080463290099,6.496394060100704,65,1
190.6884167507085,3.65897307978584,65,2
198.78015086408547,3.637245470510636,65,1
223.9954298512785,6.123239552853375,100,1
216.07362023249456,2.2151187646208994,100,2
197.8559864009865,1.4542825829487716,65,2
229.87167052392675,6.572625107282068,65,2
172.52571176771184,0.05237036630238,100,0
78.23741565733647,9.073649817524286,100,2
273.7129841192155,1.8297092079398456,100,1
5.46420927959338,4.478560601559394,65,1
109.96851596144708,2.1147853514353585,65,2
218.661087929149,2.182196687297661,65,1
128.1468123449023,8.350013670135052,100,2
7.450322244004292,5.850335131822715,100,2
19.79427093486396,3.1145034396266413,65,2
194.59121074148655,2.510987299437341,100,2
289.4593798215899,2.1286243988458056,65,2
165.55909075034967,5.544483530199581,65,2
152.02734540713072,7.307894127169579,65,2
95.49756391688018,2.5352738235340047,65,1
77.00720215981895,3.3230059482242567,100,2
6.295494526885415,7.203655960367758,65,1
81.88646029214135,7.372780166620805,100,1
134.73313225957574,2.073231517816684,65,2
59.38493491468505,3.822023300473222,65,2
26.204396544428764,8.699577250643355,65,2
215.3183601763808,7.401922466597429,65,1
268.3860807204201,1.624953240280914,65,1
281.0316209061257,3.859629280277347,65,1
185.3996185490968,9.732937819155785,100,2
15.83237477978454,5.253776041868076,100,0
222.258788988532,7.193461586861647,100,2
33.02859157856592,0.9203501804102564,65,0
200.9244353063472,8.325099620668567,65,1
233.80975072436277,6.047849220220365,100,1
217.75941324794184,1.7560043212173648,65,1
285.5651417283392,3.802117710436383,65,1
221.44388534021687,0.8302759527571768,65,2
207.96293339454252,7.770105281537846,100,2
78.52295165493072,7.44878999977278,65,2
277.4306059307705,4.902310202011464,65,2
53.86316123825007,4.520163953085106,65,2
271.4689834419379,4.634246193908844,65,1
93.79876300377312,0.3746677867534309,65,1
39.04907816330062,3.6824496708503176,100,1
248.00490818135123,1.285039813724943,65,2
0.7486360802487435,1.8479236220345108,65,2
249.6264953042492,9.621167086852822,100,2
78.69355261379278,2.6178520953451203,65,2
265.4163818266864,4.836249744747125,65,1
207.44375467247372,8.87792479194958,100,2
199.85499985517703,4.134913839350732,65,2
109.595868949453,5.286181396191686,100,1
17.820892167231296,1.6878772766418026,65,2
249.0219294616732,2.850793925051444,100,2
51.2711385529584,5.061141598844888,65,0
111.67759256842568,3.6490148602606274,100,2
180.10640565272453,0.3825570065207573,100,2
144.67612156818652,4.008290333804347,65,0
59.59819055139541,8.151057640019202,100,1
42.18490706468517,1.1605944298643556,100,0
36.97388167508719,0.1873139437809745,65,2
258.9023644497603,1.187027567551027,65,2
9.467864718400088,6.868701946482667,65,1
293.10427787996827,7.946446387784879,100,2
59.55860711562423,0.4872655559560557,65,1
33.09668906372344,8.875509035359737,100,1
173.09149643303854,6.273253615815433,100,2
23.995787382208988,5.181313484576454,100,0
180.7359789490785,2.535918880136969,100,1
255.187993444084,3.717003147356501,65,1
14.36940644022745,9.469732726795478,65,1
239.96058135856325,9.1154643364622,65,2
118.3432322946356,6.254645535017813,65,0
47.847190149362994,5.789112176678487,65,0
52.82894408023772,2.1054466415704685,65,2
275.62936310826785,9.532785378516516,100,2
33.18172558219934,7.553917131090458,65,2
260.0348361346971,3.822596979353637,65,1
163.27338629508438,8.15831517046712,100,2
11.716853644931724,2.118746622668619,65,1
139.3428437152015,2.1322865383133847,100,0
245.2348543428902,7.909612345570305,100,1
217.86083629173007,5.593079808671537,100,1
146.63472530541537,5.55835288527004,100,2
258.0149639088651,5.7367082737050765,100,2
36.10942853406891,1.25806817016346,65,1
272.9823160177107,3.495590743968876,65,2
253.93236254500465,5.730796698419633,65,1
212.4830476971708,2.4758842657339954,100,1
245.3663226386248,5.040049595255212,100,2
163.1446520527998,5.570352382540103,100,1
202.54872872930005,9.42813878387764,100,2
168.17942121233366,2.4577580905835736,100,0
106.6285591523848,4.393572915573264,100,1
170.65823920835328,9.815112105441615,100,1
77.23959975957771,1.8678987621794465,65,1
132.08375125223557,7.800194859331496,100,1
84.23262217807296,1.771549556369573,100,2
36.8663368384167,8.50046572777236,100,2
96.55855691697184,4.879739373508939,100,2
255.5961654554312,9.721614847099527,65,1
114.32423119269173,1.7007496744056394,65,1
224.40109469066076,6.879263457451211,65,1
52.55935627144838,6.95279250423816,65,2
127.32574775029248,7.188754375364809,100,1
34.45682080055297,1.0096876376229147,100,1
41.58631901024691,2.8856098822464604,100,0
185.23091396702077,3.380168272465519,65,2
182.2445452347033,3.2428760803267958,100,2
64.01157220645867,6.750207190002863,100,0
142.32695828663958,0.5482967061386235,100,2
258.9918500933844,7.300786179852055,100,1
52.26045260294486,5.265843745506256,65,2
5.7631599220544505,1.7299716916722765,100,2
195.5985421990717,2.2611868990374395,100,1
16.049462426605498,0.9758031553423951,65,2
293.9820715717338,4.59058852386863,100,2
182.8860851396643,5.949214032596419,65,2
141.11890585319168,5.809720492564256,100,2
128.99776200729204,9.623678724058646,100,2
171.92119755507943,2.959660320045171,100,2
27.18733101606448,7.620798456028799,100,1
279.00571764584873,7.230775430131221,65,2
187.6926205655633,0.6132698061222253,100,2
55.19354928327264,9.30005076721791,100,1
168.77431612939884,9.313039188457502,100,2
39.97695174990349,3.9633518213790575,100,0
5.265815267493634,4.176778350057363,100,2
189.1550955641994,8.195969296010675,100,2
194.54500256103836,4.950306554718692,65,1
175.10897484102466,7.992006985157846,65,2
55.044961308006926,0.3612516910486418,65,0
181.02895754843013,2.5027061238059014,65,0
16.953282277355942,0.9106498518836316,65,2
182.7715066715767,4.541980522318095,100,2
166.20510573228563,8.541594445708956,65,1
196.57644925172983,5.6978774346604055,65,2
268.64268172571815,5.203335385985419,100,1
255.10743157186096,3.661068938956099,65,2
294.19625746876164,0.6360987672651108,65,1
292.8723098809725,7.66409670488431,100,1
231.69590801212576,5.70766065982748,100,2
286.9258866533184,9.309655071235284,65,2
260.1851657667336,4.3196522432294575,100,1
218.27473496849183,4.014996365129426,100,2
22.61527639312656,9.743469904059028,65,2
14.714966480966329,1.411574949452642,100,2
251.27987025173107,2.523615327480382,100,2
146.8967573615095,4.881642154484959,65,1
244.38200531247628,5.235443015230831,100,2
93.8754811965658,5.487166199653918,100,2
119.29495749690383,2.121099297955502,100,2
210.0560163035796,9.268480484566096,100,1
274.598021079628,7.035020970577321,100,1
26.32844234366578,2.584398495596197,100,0
258.4434433903819,2.941929988467052,100,2
237.9038174638096,8.803584652735573,65,1
94.6617812189564,3.803554074888027,100,2
106.56498423946788,5.563633615709599,65,2
13.938443166572888,1.204267786634925,100,0
4.722183335015395,2.5173279841501994,100,2
143.10183790731872,4.165766907266985,100,2
28.66189364919316,6.561373778717986,100,2
58.20054432456391,2.802206587641982,100,1
254.03015985799908,9.507615122621331,65,1
171.30851737513575,2.202171519025998,100,2
190.089731179834,7.78906889959848,100,2
56.24379924957601,3.645988127337657,100,1
248.59854133632584,8.334008768618204,100,1
260.3939317319243,9.231057118887732,100,2
156.99827811391302,1.8701556150452523,100,2
273.767331563598,4.914770420655014,65,1
253.4485874863745,1.5436587392441936,65,1
219.3972530023314,7.05825230785949,65,1
220.2227747080886,8.322380812277695,65,2
31.618042185258982,3.894679382578932,100,2
81.25081130869974,3.967509029593388,65,2
20.054165945302817,2.038397807443938,65,2
2.6043627678925985,3.0653465734716843,65,2
47.49285941517304,3.238930590375796,65,2
264.146154794082,1.555742767712297,65,2
71.96221771081545,3.099522300653288,100,2
291.04618877751653,9.072569011777624,100,2
179.18729986836183,3.2538583248056128,65,1
71.17754629040711,2.74437185269672,65,1
149.13924104526384,3.846422829029845,100,2
65.72844681003461,9.602730379980336,100,1
295.1920674547122,7.645791318851227,100,2
254.17949517148915,2.017383175477552,65,1
7.871636634698731,7.525515951030842,100,2
284.33280944024136,7.6623484215458495,65,1
216.3195321908662,9.501370746802849,100,2
24.7143756063835,8.910951088619228,100,1
201.19132389793367,0.9519498313102848,100,2
194.07800938970564,4.545765413677291,65,2
65.63662374227503,7.029935780869553,65,2
227.53401000227268,9.73368800869901,65,2
26.11941099389013,0.8515471815443065,65,0
146.83355436937435,3.682327489222184,65,2
2.9769621489263765,4.922238026840637,100,0
290.6212466684239,4.13244193527852,100,1
225.4690895330728,4.557784430284025,65,2
47.65562284789681,3.691021397248909,65,2
102.50221198538487,9.706226141266743,100,1
48.16871334245288,8.032447789612897,65,2
229.9852392387944,7.366599117633678,100,2
17.66889762831455,4.107013581064502,100,1
252.12199666911425,8.815235808502315,65,1
282.658901650719,0.9333928720443264,65,1
202.98838284189,1.4341852625748497,100,0
63.88963500043025,9.540578532810883,65,1
108.02702874406523,5.6698830342255295,100,0
143.1719624426794,1.594577756692409,65,2
181.38743166067613,9.49145707750745,65,2
200.59892694350623,9.748432747641276,65,2
166.26441459566485,8.814930681952099,65,1
105.39417624655673,2.3855785498161906,65,1
267.2751841694709,2.78493985918012,65,2
24.41761740538747,4.0697285255187285,100,2
139.87681627304852,5.793217258580095,100,2
232.6694515402442,9.921814095695122,100,1
18.26179958742027,9.561335468327858,100,2
211.6005650433904,9.211390586977403,100,2
245.9134868259975,0.8927629881354582,65,1
198.24938955811567,7.571663452240955,65,1
3.881067682606798,8.768458613396913,65,1
54.04110813966187,3.332795295388664,65,2
102.63392366758522,2.195740342008076,65,0
70.10701069141378,7.484414938868724,100,1
288.79564206822823,0.9083775639150682,65,1
195.4781742341381,9.408582021478272,65,1
89.09128720547109,1.5607764425628023,100,1
278.90924959963365,4.575378521702092,65,1
222.17825984285605,9.827978496670962,100,2
85.38216354811259,9.882202165370105,65,2
113.66447082058662,7.759902866955368,65,2
59.82865749118702,8.391884848278139,65,2
291.32219947974653,9.671707421915004,100,2
155.18894876702197,9.274295094143692,100,1
268.8170062493954,6.221086322838477,65,2
103.9499313050543,7.346169809287301,100,1
258.2524809292427,5.937765539485278,65,1
16.16605452814919,5.064952739715744,100,2
294.6270952572864,8.808290165289472,100,1
273.6103101099908,7.380251121370199,100,1
108.96088343299648,8.59816170368031,100,2
232.4166495943732,0.9591096340541028,100,1
225.6773779421478,5.764851676244815,100,1
270.3764391308795,3.2951682834824867,100,2
92.17649433864334,5.13393978306116,65,1
139.65600159424486,6.129654446365496,65,0
259.4998837818159,8.457584721322844,65,2
233.5738362405648,0.3187772455861504,100,1
118.04001562208374,1.6398337268159568,100,1
253.71756987363665,9.214457412803158,65,2
14.086211769720446,9.67270709923254,65,1
234.61389088889703,0.5542268309744758,65,1
62.029757830110185,3.317875429168885,65,1
85.83627234713616,0.0972997376724049,100,2
147.9644530786781,7.574480131947373,100,2
134.92035032099218,6.81940180240984,65,2
156.17103206096428,5.648051153986337,65,2
163.43267870160716,6.9166117325556495,65,2
99.45830730944908,5.3779121255782005,65,2
52.568253905109,2.388411755804658,65,2
230.5443687861918,7.543337349554888,65,2
119.99284472614262,7.832777710649404,65,2
151.7522587377177,8.542018930732665,100,1
193.40901550533545,9.54076678461756,100,2
272.8913766919968,7.4754161174054525,65,1
212.265849342066,0.5454979153327266,100,1
13.637767677115352,0.2083857154649926,100,2
251.56810901940528,7.398706707045248,65,2
296.8065045382557,0.5605096492721118,100,1
141.74550761141464,3.159445982962267,65,2
290.8771009363802,1.361598875239668,65,1
164.19862270294482,9.688999044021632,65,1
137.88479876158493,3.163941553654164,65,2
99.42142941823651,0.5514690817032153,100,2
197.26646275000164,9.49607542515883,100,2
68.94612615751338,6.087443786006679,65,1
31.480265554321296,0.3610906874897379,65,1
8.171130775264224,8.333610398864005,100,2
87.71403381457912,1.5252870305840638,100,2
118.73124965011148,8.024362731612394,65,2
165.62300888437434,6.027517462066568,100,2
87.82494755610193,1.7711521463643154,65,1
295.21787171562335,7.525980527530949,100,1
87.52355047235028,4.545049756036132,65,2
132.29261653392263,6.38100939756116,65,2
30.9828496595701,8.695141653149253,65,1
78.18795400112269,2.6029811542901826,100,2
14.499641936697326,3.659713407055072,65,2
167.85259003119842,9.972717852144786,65,1
225.3194049397295,5.081144701563492,100,1
58.71294430082038,5.585026743966562,65,1
110.37328134482122,2.854385398313436,65,0
4.98486801814817,4.16027252603275,65,2
251.8566167166636,5.015517471734037,100,2
233.98905747950087,2.5844472638795857,65,2
18.976209262287718,2.381455111440149,65,1
109.46028279612338,6.004668158641183,65,2
286.58598415484863,1.8365144431961768,65,2
117.60811682369312,5.534577348015908,65,1
157.8626030172048,7.062140236195006,65,2
106.57285830310656,1.9825762173025607,65,2
178.83941643847854,7.458780617560281,100,2
293.44706269104665,3.5968437481294124,65,2
299.2507510443591,9.925045378552053,100,1
232.4144934033573,9.79076810100704,65,2
121.2933294061318,7.985946335185505,65,2
148.32966024869648,3.427207765295188,65,2
107.01939843369163,9.372101373420596,65,2
295.67238897130386,9.98779005208254,65,2
212.32809174762116,4.622785649417783,100,1
134.67943363005338,6.145893808966138,100,0
3.6345810328807016,0.0598700298371945,65,2
156.1450243171645,0.4353321033080237,100,2
295.17846051048537,5.0059781096698845,100,1
156.91827269191558,6.0931387392387135,65,1
54.7280056467341,3.123930025576364,65,1
6.628124131432456,0.9912982038305074,100,2
106.41112743726272,7.822721486703728,65,2
275.4684167089821,4.187600384132587,65,1
298.9662324527643,6.488483925347122,100,1
283.6103924436008,6.502011953714764,100,1
218.82599797627705,5.468386830726523,100,2
167.44281853219658,1.7848957071229563,65,0
177.2058439146756,6.160813433228553,65,2
161.69760272758828,3.2208400926217653,65,2
212.1147914768965,8.191252065959235,65,1
125.66196800860573,1.931968493934254,100,2
200.76120148672965,2.911484139825972,100,2
36.48363448716031,4.403059662987565,65,0
79.70859196844513,7.400131302029762,100,2
250.80091164258883,7.207505771555667,65,1
271.1246792230173,3.371099537249047,100,1
161.7024712680899,5.107520308816229,100,2
9.49068516387972,2.342346004925966,100,1
278.09207123753043,7.703652774938324,65,1
210.61927740818592,1.9670988483487768,65,2
124.20837712660824,8.193469134771401,65,1
179.51368295984892,9.368641007556333,65,1
128.93245033240984,9.916160720194185,65,1
139.6017680196153,8.569621573538766,65,1
266.0429596978205,2.216989894404505,65,2
48.32527407513346,4.16513631571974,100,2
31.10074064467103,0.8883684600502173,100,0
0.8186233539047238,1.6455135989921343,100,2
94.200112683638,0.4969708297165165,65,0
44.224129945328215,6.410879115426854,100,2
65.99564854143335,5.3318713451639415,100,2
3.3716947996130786,9.17012816786574,100,2
68.15862440631096,4.630076767943377,65,1
99.81347457971218,6.423067054443018,65,1
9.470248922964398,4.015974714111631,100,2
182.37123728914432,8.294570393558956,100,2
170.64010466512738,9.263756983162429,65,1
29.11073355297752,4.317317367810739,100,0
178.5029332555203,0.8270132047632428,100,2
299.5961755826633,1.6353582918506304,100,1
283.3406858434622,7.205443304579063,100,1
0.8012980102989897,3.2526745858861483,65,0
238.61349339910788,7.853849725281094,100,1
106.0815828709458,7.49759570513246,65,2
19.095411100388223,6.943016678964797,65,2
88.79496411486242,8.142168844497945,65,1
96.52095489388869,7.565558702727565,100,2
156.97327179271704,6.32587899157484,100,1
198.3251301806564,0.0422720858024183,65,1
224.7166836625224,5.156772080933597,65,2
73.77091276898,5.952528930648933,100,2
96.53117107454908,9.606459008874024,65,1
92.51451205792056,6.504820615461886,65,2
108.82106043626294,5.754737552212847,65,2
299.8968926869016,5.411938434862122,100,1
233.38299084822776,1.0329299374248602,65,2
292.4971395806091,4.276198773847131,100,2
207.9333178641172,1.343556924978463,100,2
121.88121049418528,0.5269775059742432,65,1
116.92325508809247,3.29469192143905,100,2
146.57434349251355,6.454421686960652,100,2
125.0609350093312,8.667973350495728,100,2
248.49787382782367,8.103658672441124,65,1
139.50060390800786,2.946898506349036,65,1
88.6843080632538,0.4599661835663771,100,1
232.45808060899557,4.026781759371695,65,1
256.3261228144184,3.147792906640542,65,2
126.12868684213542,3.7126453472342327,100,0
200.3425715716596,5.590989408751053,65,2
17.641360166491427,0.3041352322144774,65,0
158.83945559144,3.708057363730593,65,0
13.494341323652414,5.586333094861286,100,1
8.757252148340422,4.309708709665276,100,2
183.87745515682167,6.672289427977435,100,2
91.00061471849614,1.8613179191850728,65,2
222.76114873663963,1.5382810926378945,100,1
268.82476818977767,3.0787442408178,100,2
41.81735211910521,1.017292418529442,100,1
217.35685157367715,2.36261869361996,100,2
154.35599948650298,0.869044575863831,65,0
33.635775048809656,4.019777535997722,65,2
195.4777819442174,7.114560724480375,100,2
182.84004093194184,2.8653808071238887,65,2
154.69256022023475,0.0373091477811304,100,2
277.9413613678974,5.57067435439091,65,1
156.32390883120496,6.919415472179956,100,0
297.1545346350638,3.913161823695932,65,2
152.7686441544333,2.9699990132182363,100,2
34.755611490410274,4.906377994805036,65,2
141.14137532250913,1.0123966478836366,65,2
54.698628766521374,6.439262199905869,100,2
179.14004556522818,7.332971487849615,65,2
207.93965255808035,7.046306771725392,100,1
140.5305836121281,3.2866694020631257,65,1
29.310890304944472,8.427106644453435,65,2
140.59241957506586,9.468487705736642,65,2
24.43626442032012,2.970742229938319,65,2
204.6377866519602,2.6271918728785204,100,2
237.11046745952623,7.041057597289204,65,2
288.7140981681117,7.082819588650592,100,1
44.64063213853693,5.1041742213891,65,2
159.72610065999123,9.233200035978417,100,2
170.26121026062555,1.4631502453567236,65,1
276.7429601342939,4.773670912705046,100,1
188.1829921789543,0.3520687150007417,65,2
43.652893693596326,0.5265594201811485,100,0
130.90539718895675,0.53684534135784,65,0
196.42875855187515,4.917881730857722,100,2
210.0853296207892,5.88964553014076,65,1
258.9221995771721,0.0348749651275703,65,2
54.152135953319146,6.325464040194374,65,2
285.4626440266495,4.897007521396736,100,2
17.741823604677677,2.2380188606166342,65,2
295.1286403706706,0.1510012207651001,100,2
257.3301278599225,1.5610319984442833,65,2
198.08183482865135,6.003322355914909,65,2
220.4986500793265,6.588402037399831,100,2
21.80760177563893,6.470612018689108,100,2
12.443958868335711,1.5316232010774555,65,2
30.52973896540966,9.112143140022264,65,2
26.20794439924133,4.109520735536549,100,2
164.21437004083054,7.680074218887071,65,1
64.63319613353674,1.6648093970490063,100,1
258.06169116201795,4.705687124253418,100,1
133.72458692042164,5.215211773858025,65,2
208.65314293748247,7.703552508283321,65,2
195.86192789104797,6.215189349953261,100,1
95.95591167891304,3.993024891005944,65,1
72.9502720577187,2.825146491088807,65,2
102.73688558899056,9.729567507650875,65,2
238.99751215495127,2.845299933915072,100,2
175.88305452588554,1.2947392042578498,65,1
76.0615987557526,3.0041669071757005,65,2
245.35393291812903,3.269363996226795,65,1
16.42781583309202,1.2785950903760055,65,0
209.7550124970886,7.081451023878498,65,2
131.73024172479327,6.19165014227892,100,1
219.38711581976648,3.1661547748348395,65,2
278.23838407302804,9.930000940299932,65,2
225.0102293840712,6.550110731657643,65,2
132.58960659341471,7.0318538670577,100,1
45.29270445416422,5.571826501038409,65,0
241.9052927416301,5.515747405862161,100,1
138.21165807641148,0.2002226657827921,100,2
22.593697037138934,7.70906276969037,100,1
215.7166193330598,9.107407591655988,65,1
87.55558977497691,1.222639776638892,65,2
14.66646885155557,7.956304788071562,65,1
270.8253044922233,5.343070078636016,65,2
144.93032762817302,2.853091615162733,65,2
84.28831595190647,9.208840676943211,100,1
214.91596736547348,0.1737090207370062,65,2
265.7707133047691,2.7405855831799664,100,2
0.0921225101266465,8.862498305262113,65,1
206.3556555126461,4.810144937078689,65,2
230.1035082055264,5.989218044943393,100,1
62.9782281838479,7.497679945344363,100,1
146.88714942305234,1.479736162233386,65,1
26.785769675380745,2.151751038505947,65,0
224.02496475460427,9.986288528542588,100,2
254.23680556900572,2.3745270625622803,100,1
32.455997197398176,5.392025063523461,100,1
244.9380760298504,2.9870726991682828,65,1
231.4710511453601,8.514196632193642,65,1
104.07399611126918,9.617558287315513,100,1
207.086858980075,1.4129241400409542,100,0
0.014437168293524,6.005734623826423,65,0
279.5392963397996,8.115765330043441,100,2
165.11497059251187,8.230278629979038,65,2
186.10165921859985,4.404476858017485,65,1
199.3978240617296,2.2537634182802035,65,1
168.41070516551002,3.8713992611244272,100,1
257.0291662618389,7.511527090242549,65,2
182.9105496454632,9.937778922806718,65,2
272.3279973721418,5.542892078800181,100,1
174.69948667020267,1.951244086491224,100,1
51.33672659416998,0.4193476677081431,65,2
274.06876675179086,9.436898398976602,65,1
204.48824950793303,4.830332022722792,100,2
209.77169833066685,7.165926685177141,65,1
295.6445251714805,6.601810351461427,100,1
22.558966262873746,8.908712841505421,65,2
128.5777821285514,2.6609057254798305,65,2
71.72861789598456,4.417200932828624,65,1
189.12793941409717,9.136208319844648,65,2
242.0435051244216,5.855761917879349,100,2
289.8932126677238,0.7136163640098203,65,1
136.37883208641605,1.94484176543014,100,2
235.8654691927813,2.3721501702884327,65,1
275.11547761211386,9.937854932786824,100,1
204.99762976076545,2.241389900568387,65,0
72.81976573493137,8.696840716153893,100,2
182.3562453323374,0.7809564994936147,65,2
290.985614345156,1.8172069344052253,65,2
296.2661486584696,8.720552116699986,65,2
192.70794711503345,8.989364767325961,65,1
266.0963273615968,1.761962519528012,100,2
60.10480915458084,2.29852184198386,100,2
73.82358148566503,5.305673313321602,65,1
285.8662838654579,0.5268295210475749,65,2
40.57061264844237,9.452841674553603,100,2
57.33193142804368,3.6207672509168263,65,2
126.16457973601553,4.892879657841518,100,2
176.8752863260051,1.0504835512754818,100,0
181.1451656904815,0.3254463454405099,100,0
87.59280259966931,4.678169064698942,65,2
276.18416938510444,1.2166737008576012,100,1
274.5299722823588,6.303186882236411,100,1
117.62041591571176,7.944813033362209,100,2
130.28753082908915,0.3167113172289015,100,0
210.74913504717355,6.122225024410692,100,1
198.89876891967023,8.156267507215649,65,1
114.6891044882887,4.394279795319738,65,0
124.27327545630102,9.597046638429935,100,2
104.41168302646167,1.1119490669227838,65,2
70.61550208599236,3.229844634517467,100,2
137.44150887724192,2.300750339355706,65,0
205.93023957076213,9.961911555409747,100,2
222.5900115942879,2.941763542055788,65,2
233.6620944767888,3.879267483940141,65,1
112.41960403593644,8.476164897089824,100,1
229.39079828549208,9.299635079864132,100,1
1.9548947075625824,9.377472293250452,100,1
143.11498131506465,5.581680386490836,100,2
238.17132003980728,6.633022260479674,65,2
189.013416192406,3.491717267634168,100,2
142.2189372463523,6.071587293502811,100,0
193.3926019819048,3.027480684510709,100,2
272.08380094459915,7.460283563593224,100,2
169.9145401830622,3.07210116551903,100,2
239.93585743803183,8.794107082420643,100,2
294.2228175675593,1.4348388927216282,100,1
211.67046062267,5.718051291484539,100,1
171.99772916671907,5.206754962749477,65,1
11.245784137602078,2.637174743942765,65,2
112.34336947637628,0.2800210917687629,100,2
169.6328200545355,1.4853368639693698,100,1
239.16197151180972,9.679511665478644,65,1
131.43143689427288,9.413045276393706,65,2
288.017482729432,1.193007232529515,65,2
81.53812578710247,3.7486019886933706,65,1
223.37015856309492,4.651266191305881,100,1
125.70942512523824,4.780719307894213,65,1
145.79654836977176,2.988198204655421,65,2
240.7506101596321,9.129528326700685,100,1
88.86457849551167,9.08490600483377,100,1
29.043616978542943,0.1892842053572929,100,0
156.07667538402814,6.5000137551742565,65,0
158.63838354112465,0.7436240846680742,65,2
239.1503316676121,5.974976621312753,100,2
290.49576186963054,8.66892896401799,100,2
16.590205898504518,6.495309496235276,65,2
177.50684212293265,4.689276149437619,65,2
204.38355909444,9.578957291715938,100,1
295.7404052245565,7.465985830175398,65,1
282.77706428307346,2.493093727528036,65,1
213.7352294135933,3.869369010520175,65,1
156.53682337333976,7.598753340399639,100,2
48.45717668977838,0.1931424811605553,65,0
115.25296656132522,0.6396330254827209,65,2
175.5366975171463,8.594231784597667,65,1
217.5601189787261,0.4294598963386853,65,2
190.6198672437337,6.785138411991532,65,0
214.2368405483224,3.189059570558348,65,1
128.7457513655693,8.258917177447092,65,1
218.28818717130272,8.473460655306273,65,1
43.12237680591576,9.533391080817283,100,2
48.77589352893407,0.9554955303748268,100,0
48.84964374883885,4.228470092293496,100,1
267.25948711073283,5.7395858995534486,65,2
22.810218992590347,9.160568795898104,100,2
240.4525118200428,2.6651414543310628,100,1
70.07126941402115,0.7162749072712105,100,1
140.5289821485752,2.0176462059410105,65,1
274.7869786397034,4.9557832375518975,65,1
175.78116890625202,6.810510022787905,65,2
63.03530586970758,6.906740213122925,100,0
85.22701809564214,0.7466330709431346,65,2
276.1339871687357,7.614102645624204,65,2
128.1431775329935,6.602394032194333,65,2
176.09564490203684,4.075431872133523,65,2
137.97965898761663,5.710862684229696,65,2
113.53142641453488,7.67740446291493,100,1
66.98373807972058,2.6209274800062565,65,1
205.85745014538065,9.40033503404116,65,1
215.4726078816361,1.3776760494702678,100,1
82.46552748221984,9.022228117035604,65,2
236.70325291644912,7.408579561211016,65,1
256.36056009050384,6.605186193291939,100,2
276.2025288718891,0.8290799725867803,100,2
48.36372417551098,9.190046075556884,100,1
91.17710508397992,2.953303505403946,100,2
258.1060042511087,7.456122063121709,100,2
59.56206084836819,8.848014126899633,65,2
1.040537773048611,2.442834934020296,100,2
261.24819307549035,9.146007708826492,65,2
97.9348325254108,6.1194164859402775,100,2
124.349257541685,6.590317822975012,65,0
133.90020771619135,9.145128864442908,100,1
254.4823802001685,5.267349219529072,65,1
101.36764337803812,4.406475576155775,100,2
267.68396575694453,6.332317675754883,100,1
185.0817414144144,5.540235170585051,100,0
158.1860172101053,0.614757124473283,100,2
97.68435213823872,1.8049204693151588,65,2
73.11350888435575,0.1356647892301377,65,1
187.2175328332046,1.081628394980847,65,0
134.06824801697283,7.298496597775842,65,2
273.15480297960187,0.0471116180534936,100,2
147.49161483421491,3.044055146077669,100,2
153.53847501035733,4.49321404378605,65,2
125.01698434080024,9.378122490987916,100,2
236.7788990973855,3.2700701778991617,100,1
127.45175943278112,7.831307631083072,65,1
80.80259992492648,4.087655795525951,100,1
258.60926228805295,0.9849138008141344,100,2
179.0484664095721,0.988437479969292,65,2
177.45306593070052,4.324338199825179,65,0
183.24666214917795,0.5788313151618074,65,1
215.6519244617,5.716192412612946,100,2
93.92039679377004,4.936497353668782,65,2
10.153311249900854,7.025351856961785,100,2
243.17794826310288,1.856215294098289,100,2
38.67151616449122,5.9292925372683545,100,0
216.54592116316329,1.7452247634545404,65,1
24.694589486198627,7.222337134726492,65,1
112.59235260854764,3.0715865824970647,100,2
18.907820949461478,6.14416202699048,65,1
156.66410388831738,8.826772600694568,65,2
195.94073183447253,4.882341261816238,65,0
51.42994235345649,1.9229210992925985,65,2
111.48828553152065,8.861229009199267,65,2
279.0718473129161,3.5857955023165355,100,2
132.71673513223703,7.302528753471002,100,1
240.763070692967,3.200956785292035,65,2
278.1554235180627,2.9821544265087665,65,1
292.30374749318594,6.42028259313756,100,1
269.49660590741075,1.563114352059678,100,1
95.22159874769072,8.669738708479164,65,2
288.7718658483579,3.8762398662585262,65,1
243.7185725238141,0.192774359685004,65,1
251.15267509184636,3.054364736105674,65,2
4.55189525155043,7.8496632459950195,65,1
286.2716589954881,8.593588553347859,100,1
233.42706715462225,5.678802769483777,100,2
230.39024895237,2.9410931804254457,65,1
24.45741927857588,5.278541036916148,65,2
69.77056232199938,8.363752986316902,100,2
288.6784995413697,3.160378297282528,100,1
150.20312244164288,3.8543697359598985,100,2
119.35740547117682,5.396941329900443,65,1
251.9822451440741,8.871381956706614,100,2
26.202124234183295,5.821489338314651,65,1
125.0826048813178,2.076151553866532,100,2
112.71023232662507,0.8910403798140998,65,2
104.95541610911783,0.9501395692786584,65,0
92.30767309592194,9.502495737866472,100,2
63.02248703702341,8.224124753115543,65,1
51.873240897156656,7.6585469012559,65,2
192.12183507590225,4.963645791700467,100,0
275.8184523626035,6.7253961727758735,65,1
152.65549357496445,1.2733030454247396,65,1
89.39236570399328,6.208957156799465,100,2
47.7480593166679,8.107807325787796,65,1
249.04300951577827,0.6213874023625177,100,1
291.44761694196416,2.9615042230927724,65,1
104.74662044035556,1.102786733629283,100,2
87.28512766563867,2.6022703606805733,100,0
180.4478858924824,7.725238719006051,100,2
232.5986942860277,3.320491662879732,100,2
136.6208410648993,6.896838478879518,100,1
189.0219449582848,7.733025209449149,65,1
214.9647204069876,8.166386906723668,65,2
288.17768635685377,8.733754434083526,100,2
49.51119915602502,5.976358120193033,65,2
299.21474814761086,2.806398319996245,100,1
117.64699657236864,1.5055853195558333,100,0
216.96004281796613,5.03708654213272,65,2
171.72431339189916,1.035572314882437,100,1
146.00058510265202,9.107239789817015,65,1
209.42261061947596,4.424802379429739,100,1
118.72615506707854,8.72984145710589,100,2
37.83299440104192,7.092703836389635,65,2
146.66801493637192,8.572175628318545,100,1
156.5747612046956,8.839580892545653,65,2
60.570646019981766,0.5329349841238451,65,2
280.68580689859715,7.252578478341637,100,2
68.24269399388739,2.2654769641727257,100,2
122.76827822522932,9.8929690561189,65,2
46.47890605341699,7.784029741259659,65,2
160.73899385608323,0.0376500280322389,65,0
92.2912824300269,9.274163218022034,100,2
146.7817559928252,2.923059022011772,100,2
67.38507493746057,4.166535996364496,65,2
16.132538384614726,6.122855789278673,100,2
233.7679953246766,9.163097940442183,100,1
192.3258851878975,9.273266232540609,65,2
102.22180671330386,5.634717627307392,65,1
14.24826740469667,3.167244958114485,100,0
259.67251880913625,2.791899417056073,100,1
50.9385014807038,3.6439709877847895,100,2
279.2226654844284,1.8051368353901087,100,1
143.57861357878755,6.698330183200959,100,2
102.11601297254512,5.278020512062874,65,0
222.52784306728915,7.734647002698,100,1
263.0518218225557,0.9411131688943264,100,2
111.21406909371322,3.999058243401679,100,2
122.20312565105618,2.398628682008913,65,2
129.9474658041592,5.3518620625940505,65,1
276.69691844360074,4.682439836786131,65,2
207.7691974542998,4.49565451189029,65,0
74.29383511369666,3.1565363194394247,100,1
55.499909250593824,7.268455744741269,65,2
69.11029902744482,4.815677042617569,100,2
79.06916675565523,2.0224377981319286,65,0
69.05504740020045,5.474474728997933,100,2
197.55193415771885,5.966721560393939,65,2
34.7800531972519,0.213796772653324,100,2
116.2075469123882,2.037786608485135,65,1
187.51607189110996,2.4240391012728235,100,0
87.25799218287925,2.480751621631314,65,2
19.582315410497408,2.388458703600308,65,2
24.54717685379049,2.716411715669158,100,2
37.7900328914059,2.627272262548277,100,2
250.75290746044652,8.840688373236057,100,2
197.3590516814909,3.196478722449552,100,2
19.356723329293438,3.497627143662449,65,0
117.32066374542596,2.661772625831543,65,2
83.5755518541197,9.67574359542558,65,2
173.41203348864005,5.354908002350419,65,2
156.841784901694,6.105461142075162,100,0
144.33720701091448,7.354872620631027,100,1
94.35371111178397,3.3371406878937315,100,2
41.33993161319722,9.687804297648189,100,2
222.71291486179135,1.5232617257433756,65,1
263.95703065279633,4.578146004943443,65,2
283.2452727698452,1.4543926235243354,100,1
17.585691184074136,7.903757462603832,65,1
221.9726134766649,1.0731769202193286,65,2
217.95103782208875,5.53899603413583,100,1
284.1328842436768,1.0480627500066564,65,2
75.87437834932963,4.5266188818470985,100,2
222.6537114885469,2.8030799087262603,65,1
16.38788662994537,9.032967579593263,65,2
189.37371622848573,0.5309579507095885,100,1
105.25434721565392,6.499376298002449,65,0
230.6728318642425,6.952512329577897,100,2
258.99128593061806,8.889821023812086,100,1
109.44631266525488,8.777294563111605,100,2
157.67582780979018,9.770562866075984,100,2
35.22121870907997,2.5390935434710538,100,2
125.07208956704298,2.748253761477744,65,2
108.24011797775076,3.972927280776151,100,0
54.93703793535531,5.375769806364738,65,2
268.3435874300328,3.6714191860127854,100,1
44.42635141204807,7.402964105448687,100,1
190.72180725905616,0.0854505190965326,65,2
267.0427930439663,0.1765431557818608,65,1
273.5905739589677,7.160567598309164,65,1
237.9719099521705,8.831212225507421,100,1
52.84234016225299,7.765474537321833,65,1
245.2294227641609,1.1709161342784111,100,2
82.96944372468738,9.349740269318415,100,1
276.7194082297527,5.219126185069014,65,2
212.7260044271549,7.4229515208546974,100,1
235.580268302666,2.010461976631788,65,1
25.509736050581168,5.487956309341539,65,2
174.82953403306334,3.3006080384361614,100,2
246.34263806960388,9.74760773528729,100,2
258.4771058317498,4.7419613981270565,100,1
8.589511420092455,7.555769856046911,65,2
281.7477697665358,6.032319363596583,100,2
13.00161999074392,0.9429874872294776,65,0
184.35560390245496,5.429277554076288,100,1
208.0162582845936,5.402158674680092,100,2
32.20358735037294,7.157093491765744,65,1
14.403559682757804,3.2190801660755755,65,2
235.47364633521877,8.606521142662647,100,2
115.40118743923018,6.2260350069612205,100,1
32.1337545945371,0.3934131405379848,65,2
228.8003449162926,7.068357884645461,65,1
254.74892104308617,9.069669100418343,100,1
176.2158572276422,6.831470953054655,100,1
48.37104253039368,3.799973043946226,65,0
4.566741447447242,5.906488306061864,100,2
210.2407443905832,1.7139827101947192,100,2
165.04190244759502,6.0125547355908,100,0
195.23914251602383,5.009927445349255,65,1
243.9554010598787,0.2615768845771526,100,1
130.26833309789163,3.218898862155437,65,0
37.354640650086125,1.9124724910162767,100,2
281.99498561724795,3.90651926762283,100,2
163.57863817405718,2.418324293349486,65,2
184.5882357265621,8.342486978705242,65,2
280.0234288655254,6.976834890013829,100,1
279.4750968930789,7.401147416378771,100,2
171.62838201845207,3.6086731016336016,100,0
89.28342741642783,0.0344636516140883,65,2
299.13409020382176,2.1915369220039818,100,2
204.2451269860608,7.552982044319848,65,2
122.53100306761696,6.028368073007967,65,2
167.95104085607693,5.385781656630303,100,1
124.75021508040888,2.805199354747548,65,0
266.4915456889942,0.7574232692038851,100,2
144.74981245972384,7.8486647023334175,100,2
247.0585127943741,0.3865556799468084,65,1
252.0528893469012,0.5913646886259283,100,1
247.2997013205745,2.9493523563104187,65,2
216.65658374270237,5.7293367739761365,65,2
256.46331504227453,9.92226516589469,65,2
116.16887388689076,0.9064157539216068,100,2
34.39896184258811,4.731707992702921,65,1
252.7362613117544,6.017533030601896,100,2
149.45052470620357,8.231052404496532,65,1
38.212809758355306,6.896139151150576,65,2
34.59375665460238,8.077415796117661,65,2
47.77271820296781,5.224690071183406,65,0
225.2919779001317,4.339708035039664,65,1
213.25700203988436,6.187283172753543,65,1
61.14560405546497,9.00870809481329,65,1
254.07702543293857,5.508471621610891,100,2
84.38843865847346,6.055931191917308,100,0
237.89567499448424,3.379761532125141,65,2
146.64177232048257,5.961214455498589,65,2
219.46460476156983,6.277641228164504,65,2
114.41629892206976,7.534254860382471,100,1
104.1421791284328,5.721766950129786,100,2
252.4078796877997,1.975502946651242,65,2
10.590676354220896,5.819260842557968,65,2
292.4210841772522,2.9787140907635257,100,1
194.45386747961203,0.8732449504173967,100,2
129.74501645983264,8.25433131459861,100,2
188.41635934512755,0.6607211282512182,100,0
36.82228393769484,6.317032350261339,65,1
154.2157365880643,9.88494612999477,100,2
295.5286570019393,0.8761917147300979,100,2
70.58083135401205,2.2013184395291354,65,1
216.6834297109048,7.608042126344473,65,1
130.4914127495102,0.9689413168337356,65,2
195.7374445463861,8.327250254907016,100,1
61.46616860753264,0.0027012235672785,100,2
141.1394947852807,8.899473405518775,100,2
294.02781415778253,0.6682315231774494,65,2
58.58614530480287,9.219798485919537,100,1
190.93350835462712,8.645512330507115,100,2
172.67932463003862,5.395631188770968,100,1
169.515475887121,7.779486283975831,65,2
184.53698689548517,0.7487684788485305,100,2
150.67139210646843,1.351478519426722,65,1
5.0792250772974,3.692873435526717,100,0
270.02904343893533,5.374585880849324,100,1
248.09364824520927,8.68214259773382,65,1
52.2503042763364,5.426804475114407,65,0
123.98195321366072,6.652051824905534,65,0
231.1646942080704,6.798844202269756,100,2
294.0186946161853,8.7756812758605,65,1
285.3411139325359,7.767547438735873,65,2
269.80775990285224,9.770302984806069,100,2
47.51216918974189,0.2001263818814147,100,2
274.34253180270144,2.07828676556756,65,2
263.5334738853238,9.304457354318403,100,1
113.08497334991688,7.922202207028808,65,1
118.3567783608786,2.6736274603494934,100,1
137.97267658654823,9.742466551204677,100,2
196.85268928992508,8.698810272347162,65,1
78.25068479490473,0.6465722642925664,65,1
6.884528831983405,8.113098449515443,65,1
42.368857379172674,7.844876133506719,100,2
132.0347722730321,2.211530514772116,65,2
84.60077082786054,6.692465110881046,65,2
229.35496831083955,9.702259190313267,65,1
32.00702116478141,6.758687964487868,100,2
275.23956766644113,8.137651894996502,65,2
268.59815398317335,0.9938651976092584,100,2
272.62704507998643,7.274587893504631,100,2
221.882999580998,2.047547137078578,65,2
32.09999144507979,0.718541724535956,65,2
131.44127141087003,5.520774244590313,100,2
39.42161154163912,7.5061111259738045,100,2
296.3097578283248,5.46744865445037,65,2
99.911527019602,9.315968739764468,100,1
175.59916256701862,6.956663455660691,100,1
233.81791627326652,1.1757482399549568,100,2
276.1848252676936,9.345181940087471,100,1
226.664317752408,1.5288798245477164,65,2
202.35113362987127,7.582554435973934,65,1
139.7945346114454,1.4854367930308987,100,1
181.6200401251572,9.98580275799458,65,2
28.249142655848942,3.321875081265797,65,2
265.1767625883788,4.959293220614067,100,1
163.13319265196563,4.668375069847526,65,0
12.04051513048281,1.018972048756669,65,2
275.97063769796927,4.940149999945883,100,2
146.7905921510606,1.49505994300571,100,2
260.5767424683005,8.019808178222004,65,1
257.0663862616071,9.583134334095435,65,2
244.72547623713444,8.080584413654709,100,2
18.420905788606824,4.310639954058671,65,0
74.11999362726266,0.0237139695439081,65,2
262.6643617396292,0.366434606593965,65,2
269.69731681562814,4.950351449381789,65,1
137.42065871064182,6.794873013403089,65,0
132.01244029626068,8.195140651574258,100,2
52.54219016584493,5.995315108804511,100,2
290.5232366073454,9.783131262435038,100,1
63.94154260771296,4.937780322928308,100,0
57.28103530522967,6.000287999572817,65,2
198.2186910447523,2.301023231703652,100,1
72.85329090013431,3.39660481595978,100,0
281.63148330431693,6.8313173903789925,65,1
3.2720985953384463,6.01641333662542,100,2
1.7259786969903934,3.69648879987131,100,1
151.46304043067985,1.1198195322955795,100,1
146.4187379740416,3.4261521484347237,100,0
49.00920657027314,0.4415558991592205,65,0
148.35586889108532,5.807672259776375,100,2
123.49833155099591,3.230154762647764,100,2
267.0988576027106,3.798485085318195,65,2
2.776176065089042,5.750882210607639,100,0
292.88094150988564,5.8128779811668165,100,2
187.31782928875276,5.883433114082466,100,2
45.55303369358269,4.915912093029756,100,2
14.02800414334987,4.881224334289685,65,1
161.43169756776956,8.212194442662302,65,1
70.46704979154603,4.675544531407338,100,1
90.34966110037776,5.36030160515133,100,1
73.53964945035408,9.88229876502466,65,2
195.05169407175325,1.8105005169305728,65,2
166.05868863484008,7.264209827814987,100,1
23.39232705654345,4.7318717674241215,65,1
157.9579599525526,8.305416798723433,65,1
237.35692966899,4.040325626153071,100,2
24.35837724609729,3.029894270204153,65,0
266.921692869126,2.0778619464549166,100,1
173.49199483431877,8.722371551362434,100,2
285.187340781095,7.183284631657189,100,1
44.442365316712696,0.7690045178255589,100,2
298.0694998059945,7.134902362362359,65,1
193.28185979090304,0.3501563114862516,65,2
170.24825984431885,1.8162641576087912,65,1
154.5838872336256,5.927977062467526,65,2
7.096311929493826,4.635103322334411,100,1
281.8917574648734,8.404835814351072,100,2
193.1983418562595,6.078903782546396,100,2
27.487945349787367,9.6497456233174,65,2
6.2856510883574686,8.551835473377677,65,1
15.2350917710254,3.402152974599879,100,1
182.8187290296722,8.341509462841593,65,2
184.2046244683756,8.699352921278138,100,2
149.90018753443232,9.697249905644158,100,1
92.02974619588548,0.1256292737477382,65,2
159.5228194843924,8.747443049730194,65,1
154.89054626287736,0.6989531566623763,65,2
5.824667962969688,5.28115874590989,65,2
84.74076909824942,4.146635397524613,65,2
15.955602440144844,9.19881621063596,65,1
270.0464254342966,4.051518401045052,65,1
217.56694883554064,5.960426738597536,65,1
298.8345510578737,6.918786723440134,100,2
90.65137899158636,0.1902975659439687,100,1
263.5457543270731,5.909312536500241,65,1
180.9162803797445,5.179918353298887,100,2
135.93762207108148,5.940086396214447,65,2
66.77193338659053,0.7574405805568907,65,1
221.51764958584283,0.5555837002227604,65,2
271.24222467129,1.775443374484651,100,2
70.59251942261122,8.69500675657173,65,2
52.617100492083765,3.564710683713186,65,2
208.8665745014601,4.340325508193248,65,1
293.09194881765575,3.9016628090418815,100,2
224.9865303312234,7.143701300660087,65,2
85.37422171429468,2.594755512444918,65,2
125.9866272443357,0.6839335203028418,100,1
115.29529063751151,3.781748934079646,100,0
255.62850541411365,7.27835535187443,100,1
231.41123366166715,9.14968031360895,65,1
176.69263042845606,0.508215640788815,100,2
82.48773311907097,8.104961208798349,100,2
281.39655831661685,0.6618015495008456,100,2
195.994567430744,3.306606179174957,65,0
291.14299393253475,0.2230152810547203,100,1
174.03510991260924,9.11541698957562,65,2
246.35782750908425,7.067889952001273,65,1
243.931613818358,3.6913523206254095,65,2
101.19863305007762,3.774565829245456,65,0
289.20621688716847,6.398428635014631,100,2
6.582440279269197,0.8964830486815667,100,0
230.61327263022423,1.450486313569851,65,2
289.6671257292132,8.47224211588869,65,2
101.67246098511686,2.023130861269115,65,0
194.4331763372916,7.26666397705373,100,1
168.66697495326318,2.258029028220987,100,1
228.4521929029571,0.8814631719481048,100,1
259.8533764935157,9.00032363274916,65,2
180.9133707898644,9.016727831732693,65,1
244.77137591443707,6.053118976257651,100,2
93.68567276677656,4.620338444055473,100,2
68.57611761144507,5.527599224151477,65,2
129.20030685985205,4.081274267243602,100,1
203.32097987423495,7.571746160084958,65,1
56.17408468161709,7.54560706914964,65,1
204.10565764556745,8.189796097391895,65,2
118.2280945716202,5.229260793692804,100,0
238.6725821677896,8.013418616069817,100,1
11.050745130990991,1.5571859644383734,100,2
200.3947913488184,0.3013472989171251,100,2
194.9467009949903,6.480530485986309,65,1
282.2806428375943,1.0547601788517813,65,1
214.01026606922116,5.506699110835127,100,1
238.8905689269844,7.211249550010589,100,2
271.3773047559505,4.070854262272779,65,2
202.51557548759635,0.438727122177226,100,2
87.04609048799237,8.871314002988738,100,2
260.93213987505663,0.4324504177144839,65,2
224.2734358427925,9.047525098512825,100,1
127.33128120026804,0.5263058792557462,65,1
213.15875179498863,7.351594984685019,100,1
260.30666315434263,9.248467622236246,100,2
292.69563941738147,9.06980313701082,65,1
285.7054511877166,8.933849078683242,65,2
97.59834802924246,8.830786232095754,65,1
126.50811411545452,5.104097309119581,65,2
32.86098149321138,5.576908362602017,65,2
74.2632861054138,6.197174732601457,65,1
264.72636254608506,8.959483987688317,65,1
108.2549778838077,8.381604195635319,100,1
186.16579757846432,7.829785668983247,100,2
199.78968549211,6.757242066107196,100,1
234.5487825429936,6.1838372198716165,100,2
54.84000907368929,9.2246685681108,65,1
91.44394038433065,1.9264418728384705,100,0
134.5009024374542,1.9272500418553309,65,2
109.45231837148206,9.824695290855564,100,1
294.87156985790693,5.531590329890294,65,1
250.4822409641137,4.833741336339747,65,1
143.9060263861458,8.50595374826158,65,2
263.7805878259404,8.497679227838011,65,2
104.29588427498904,1.7659801636940164,65,1
235.74849716707936,1.735723069331527,100,1
67.1026794319361,7.952647650654089,65,2
231.6966135679098,7.856324321494923,100,2
136.9360209587185,2.251866876888058,65,2
32.2497962976727,8.415101362431717,100,1
81.97873636667468,4.80051130303379,65,2
120.68238720706938,4.699891146734306,65,1
224.78787349933117,9.856935929682066,65,2
21.894814419285257,5.192145965820187,100,1
197.86409852779187,1.3704537856450916,65,2
214.80409227985308,2.801558203825177,65,2
196.17641097772545,3.3368211507970025,100,0
228.20089145026668,9.584669379060625,65,1
53.45058480685149,2.6403738416163094,65,2
176.1310065189112,4.304029393537202,65,0
282.343484161164,7.49635549478091,100,1
183.2352809413613,2.740963086683906,65,2
183.4009040858859,7.016420532151102,65,2
220.93189263398068,2.075175963566416,65,1
99.96126963775772,2.4251747584943075,100,2
210.14277039646217,9.86331937380475,65,1
274.8701499939645,3.68944409275728,100,2
3.2686419076028983,7.296861156179581,100,2
261.0339123326596,8.400630969404325,65,2
65.58549937765773,3.468523159236847,100,0
136.77698211011256,3.571695014247905,100,2
255.70434028579135,7.730884604034421,65,2
247.1736382369887,6.07001344258824,65,1
267.57824343781675,3.617519166227981,100,2
282.1250377897578,7.495660635123063,65,2
134.14708703152758,8.63705006591627,100,1
196.9091432403021,2.350382849575665,65,0
117.143532157832,0.2435613389751778,100,1
105.21501524764976,2.7414706648986438,65,2
129.47862317930085,6.744896391997046,100,2
222.9228404348028,9.152522516269077,65,1
150.43222414246586,8.630643731951945,65,1
244.2179023345026,2.2217059892738518,100,2
223.5655431588468,8.81000166585007,100,1
6.143538337319798,8.107317201521077,100,1
189.0714471318485,7.344009500880241,65,1
130.9713369925773,6.882268788077321,100,2
136.98869674534248,8.07092491700536,65,2
245.5119161609684,8.617295085551076,100,1
164.28239582540303,8.191114648414604,65,1
265.68654703768414,1.2184834235950903,65,1
213.8416777175071,7.221547692594861,100,2
165.85200262921583,8.413042207601867,65,2
226.36139284533112,1.8570600674866933,65,2
11.504715277622193,2.137975443240432,100,0
8.12509644846232,7.859769744504907,65,1
25.004798076255614,3.439292000038936,65,2
131.26959754414278,3.997010050273033,65,0
70.63504368808293,3.771592775269729,65,2
295.2783883247354,2.128325007415489,65,2
162.68704170341007,9.387942922791746,100,2
198.72472382434756,8.058599690832317,65,1
83.646040874009,2.505391071093185,65,2
96.53907257628263,1.0608717359588304,100,2
100.63857424234676,3.72610190696967,65,2
209.6207115450902,4.153084257248233,65,2
142.11186230679257,0.0709213440471889,100,2
155.30509575902232,8.871521563480972,100,2
177.6008946478036,8.512838884253908,65,1
230.64349687146512,8.501632879497063,65,2
27.110924553743445,8.058032539962683,65,1
233.0621736656465,7.331259248088475,65,2
168.97052066255395,6.345206957735971,100,2
200.72863345657717,9.602892573653612,100,1
98.2655294522286,7.117299162625138,65,1
122.81605104493477,6.302450889548558,100,0
69.34974589617607,7.888250878935695,65,1
293.78999922522155,2.4626632473331247,65,2
149.100891753095,9.671455359859204,65,2
298.82307473897936,0.1916197669706887,65,1
146.9357934183799,6.484049704916747,100,1
65.9253793152202,0.7709420043229009,65,2
152.235719021057,8.533059018952699,100,1
11.87867153972334,9.676401196758068,100,1
271.4309404265854,4.086107297925064,100,2
245.56507535833236,8.571646966053626,100,1
217.7461562082854,3.3572134462108383,100,1
182.948014632738,1.5940369445601688,65,2
173.95027010110894,2.766493932655957,100,2
299.01846422383886,3.0184196435682296,65,2
83.39923020598138,6.306680375985505,100,2
233.9053096096734,7.961480378075359,65,1
174.42143106409722,2.052165473970655,100,0
292.76416312766554,0.8820626275435306,65,2
248.34095498947573,2.2165184286931683,100,1
299.5575338968778,2.965378224121822,65,2
176.4974983387339,2.7981465999455835,65,2
61.36318726348051,2.1995046529505147,100,2
151.10611070842015,4.660002057820645,100,1
213.3333402151724,8.559828448107819,65,2
232.30811585447643,1.0034849960741663,65,1
0.1529967047830704,8.62030026877999,100,1
151.50812655068822,4.970084310051158,65,1
70.57037399119397,6.604680063469242,65,0
262.4735499764365,8.153671206035813,65,2
45.87163321506856,3.043269335731135,65,0
199.93687487245003,9.54234605208079,100,2
79.81865709747746,0.8373626661824896,100,2
106.96264296428168,5.276664445557477,100,2
282.1677782270534,2.548033687985767,65,2
72.13443762242385,4.079462974011824,100,1
28.5008285468792,4.488641282645607,65,1
20.78547043326775,9.145117231189522,100,2
151.38453302983865,4.415815236408127,100,2
192.5134446852864,6.979478697874544,65,0
98.18809307126617,9.517631725308616,65,1
207.07792253792425,4.945325812526644,65,1
18.31011557197134,4.083099288214904,100,2
257.20039347686304,9.729684433519308,65,2
244.97016292177133,8.276763549616444,100,2
295.64888141762566,9.397729082346045,65,1
280.9514942705536,3.9722522673631135,65,2
106.85914917567844,6.96324390559324,65,0
119.78261520467316,2.4961057424286324,100,2
223.78945424347785,8.65822008870339,65,1
40.22483158649496,9.330791776719147,100,2
94.20441307345044,2.67866453728818,100,2
35.562281092694484,1.0493240727857522,100,2
136.4659347218494,2.007347458751465,65,2
165.6012839655953,6.328321305831993,65,2
63.34814098882572,2.721832870970584,65,0
7.9895060742315005,6.386108350605053,65,0
215.80674952515693,3.501887015094771,65,1
6.001549327850553,9.168354426988138,100,2
292.02078267850686,4.52597683977591,100,2
66.48217702271863,4.97621952952433,65,1
199.17002763488733,3.480649632451009,100,0
130.42551787199673,0.7303783816077247,100,2
17.90215810113216,4.936362271118744,65,0
141.65508199034025,7.743644523287405,100,2
155.02819028903988,9.53014752855807,65,2
256.40496242786054,0.7657561728552975,65,1
219.7047208943694,7.973975264018134,100,2
23.79074242601591,2.670614494621794,65,0
62.74880502967952,8.228171842630802,65,1
93.56630526448431,3.420135700669944,65,1
34.92230593944584,1.1443323983661868,100,0
137.06972127434716,6.120192208206971,100,2
295.2927572587607,8.939043900531745,65,2
154.38383737132847,1.815888164243156,100,2
222.5646504969508,0.2180500625119352,65,1
204.88133930980385,8.838417311877315,65,2
254.9734305276414,6.97829617375448,100,2
64.71704713968283,8.086961743850026,65,2
226.14787850790847,0.5983779609964446,65,2
264.40657209172485,8.904552727220889,100,2
51.45294689407282,4.1915603480185295,65,2
104.04066593640113,8.976171669384774,100,2
291.03052929946847,0.6492471760350693,65,2
234.23635379393767,8.848077146092429,65,1
84.77724976125971,6.733765392178103,65,0
169.1825308933461,5.542685061219355,100,0
121.29783685484364,0.617808244356618,65,1
146.98955289813895,6.884175293626416,100,0
106.54985741721256,5.977741726838604,65,2
83.79930555910218,7.262889210370195,100,2
202.42891241742564,7.167168086006761,100,2
233.56254452583525,4.437343231472898,100,1
262.18713682420344,2.0468121735274893,100,2
46.598990195456416,9.18968319523071,65,2
246.85665709357215,9.255895866876296,100,2
76.44024734311905,2.1193130043026054,100,2
128.20091697301518,6.306533157975993,65,0
270.433105754774,2.028705359392781,100,1
136.35108029478062,8.61224511812724,100,2
59.11906021329486,0.9821331774715292,65,2
47.96059657113534,9.901973804489252,65,2
141.89512999564013,6.108619139361768,65,0
228.80172719296624,0.2291257813817981,65,2
299.1615431922904,8.819033308277906,100,1
236.22258852927052,6.84458196894362,100,1
263.1035876828561,6.973223448834847,65,1
224.3497082804664,2.750323113687231,65,2
268.6305302268318,3.367963567475732,100,1
22.88806299417397,9.144173453108076,65,1
278.97947969449365,6.349579816619801,65,1
118.92184611769684,0.1695413742645368,100,2
276.4842669841334,3.274070104079574,65,1
22.71985123784267,5.98543229834169,100,0
214.57288713634077,1.480065222366186,100,1
220.70662460106132,0.9829109974759054,100,1
299.0732667893318,0.5938486575315183,65,1
230.6565812069441,6.305797387515817,65,1
114.772111744682,3.205974257275152,65,2
167.17456548556362,3.73678655764474,100,2
109.96528144997708,0.6004037127510564,65,2
58.80559359145744,7.380188245844326,100,2
74.55069825068206,7.667567872521949,100,1
66.60316028229629,8.294355553759267,65,2
164.64459904896387,6.516633465616163,65,1
271.848190359568,7.732885728976812,65,2
273.8179878265193,5.772264108681285,100,1
16.42913325774765,4.9163706064588775,100,0
23.96982028556805,2.598125409959265,65,1
73.53571715170305,0.5337752943975038,65,0
76.51783574084247,2.91821966628326,100,2
28.46675257177533,6.8362621319052055,65,0
116.53900235203216,9.26834920010043,100,2
176.31761780738617,2.562137261337311,100,2
173.4486601798391,6.698491470129124,100,2
163.02890437757782,4.782446466606583,65,0
101.60157746624915,6.275484179606866,100,1
211.9367055949742,0.0162184290377442,65,2
247.9451822943214,1.2265311709833715,100,2
103.88227994322251,2.1702112382416527,100,1
25.6606077898386,8.934511937972792,100,2
88.89907532755696,0.4052765327548002,100,0
41.21059637247083,5.696338626810773,65,0
140.20761816815426,9.286393168326132,100,1
46.78054539482348,6.520699178712835,100,0
138.85342729739318,4.844041223432206,65,2
66.30086769739432,3.859917795230683,65,2
221.6193316387209,6.241951818235574,65,1
8.270472250753691,4.803851505683801,65,0
166.42389114957768,7.054119428629346,100,1
50.84648247601701,6.177745803307214,65,2
0.2975593408881205,5.674086784839584,100,0
260.7600264194421,9.568103780252294,100,2
201.4583363442203,8.356919262125118,65,2
29.682846615157025,6.088579408684021,100,2
199.22171030515668,5.386502283714089,65,1
183.49419982127955,7.239437460397443,65,2
142.007006112961,8.039155409706545,65,2
125.7774295276842,2.95237086536025,65,2
266.12092887472045,6.669471829154215,65,1
73.54440596923538,1.3515444072816618,65,0
119.49301710401498,4.304513239805696,100,0
98.73462386844818,9.384365186657828,100,1
231.36030871099007,3.262993561757982,100,2
274.93959186976184,1.5423500884628882,100,2
254.93450962206916,1.4614585739410069,65,1
239.31117908993056,3.9372857012023657,100,1
296.03698367102487,2.251763154589901,100,1
209.14336512311556,4.269208039856039,100,2
225.31613736406013,7.188857038861026,100,1
294.8407619115057,8.881597653333701,65,2
2.0972356197522246,1.1016653144462618,65,2
190.2145129309095,7.684082494308662,100,1
221.69145958598688,1.034802845431878,100,2
275.3481161271585,3.794342722973403,65,1
265.15329125530286,9.96548072257352,65,2
252.5882043701383,0.686777375551122,100,1
283.73738158251115,0.2288103322856494,100,2
161.21375637411225,3.3364866677088143,100,1
2.0760286754480277,9.51120829142644,65,1
3.316319609102858,0.2003839454371492,100,2
163.39171668535744,2.227115132269173,100,2
130.58167165918238,6.031623913232029,65,2
135.37351600963456,2.3375334440185425,100,1
120.12142116301108,0.5380761381465127,100,2
275.3177427273707,0.5244470416486613,65,1
107.75110535093695,5.591593434469297,65,0
256.86808252892496,5.618939096659855,100,2
270.85943813749225,7.064738170826078,100,2
149.85053099968644,1.317411315956969,65,2
134.0814112095265,4.998516929409018,100,1
228.30618126463403,6.009491681541941,65,1
212.3914522919647,2.2237585837082663,65,1
98.56053497886178,5.473426717635296,100,2
30.76443777739397,7.082383419464097,100,1
79.4557200547441,9.908406291639873,65,2
39.30855174368969,5.964227049808787,65,2
88.4196827330074,8.611907969249232,100,2
78.54646967423972,8.33672749478575,65,2
191.3134271660141,9.4026689764431,65,2
286.3488085364339,7.230555969885584,100,1
205.7231196991451,2.131004133911002,65,2
277.9948224193709,2.980911276601547,65,2
235.239677582533,7.846849635945917,65,1
218.363286621352,5.208227471562351,65,1
124.21858206400242,2.513086469565986,100,0
97.4383508590106,6.566703397516585,100,1
253.88321174187575,9.065359013837137,65,2
271.6179698787016,3.5768985876366943,100,1
135.5647480952796,5.9624486399744345,65,1
2.718929455993324,5.815005308815011,65,0
237.75931767194115,1.2697467013341002,65,1
85.52065214168749,0.9024498910898082,100,2
2.966359505076221,8.894267695892278,65,1
241.49656769283663,9.335368914530015,65,2
155.22425664506946,9.042417881502791,65,2
205.56322390154077,3.966547944410314,65,2
274.40694634334324,2.876200917335024,100,2
162.3521490414316,9.421722774044971,65,1
150.95822177368973,8.828023684740437,65,1
87.19863640447906,8.198173407610334,65,1
91.5581503319858,3.341850011925604,65,1
238.96261980889372,6.387426112806907,65,2
134.70877367578112,7.504202757555511,65,1
49.05786258243612,5.761542963206049,65,1
28.35862920014868,6.020043332994767,65,2
141.8760350585338,7.566877828797671,65,1
139.48650708531915,7.668279815932767,100,2
196.0374834616188,2.399486653941936,100,0
141.3202433235422,3.906747191855894,65,2
43.04271124026442,7.811844216387412,65,2
152.34086543955405,2.614475078111421,65,1
272.0368211658076,9.155939659811157,100,1
47.832423486063725,8.38893274950022,100,2
206.92639229332468,8.954562059379102,100,2
178.15777948965797,2.9729991879879125,65,2
224.5757180135408,1.0511701040554433,100,1
45.18008202827782,1.0059063037548943,65,1
282.4816010717984,5.5590753973915845,65,1
186.2899283301476,3.0559044070770867,65,2
254.12134130734103,2.6352168350276486,65,1
73.98202910407068,2.224053939696459,65,2
221.82386681938848,5.620976104877668,65,1
234.3092113001757,5.480952317444415,65,1
119.2305817161227,4.2231267949176825,65,2
115.18603586502662,1.3844003523403892,65,1
197.3388795077248,9.287948068392849,65,2
28.02230452806479,4.2793596225803,65,2
220.68724506525268,1.2364229494508816,65,1
12.866027951823275,0.3707893915504379,100,2
57.177090336247794,1.5259329839106273,65,0
199.24312717241017,2.9712623176423647,65,2
29.49710012758915,6.300935228217897,100,2
291.552627443037,9.709356703312398,65,2
260.5188628385702,2.720676760059201,65,2
187.8906997220209,7.898042718314594,100,2
245.71723670080496,9.113863379639623,65,1
266.27401457687034,3.915725750524808,65,1
77.84269487154553,2.5327359392477664,100,2
254.82347638479584,4.910668995591355,100,1
58.43813509128054,8.967120982073094,100,2
124.0026792446446,0.1098186813946833,100,2
167.4778893745798,4.866314769421047,100,1
214.1672889222097,7.575952619051361,100,1
9.042395316758412,6.011304291591861,100,2
87.1528238334567,4.973393835045083,65,0
182.55572946311707,5.536132014200361,100,2
107.21060374473562,6.192316579678384,65,2
232.50751668884803,6.820751544254234,65,2
195.49564834521487,3.561855863629153,65,2
70.32043611712074,5.173745469377714,65,2
43.77869387769992,2.735702134795725,100,2
188.71409807611516,9.8399005247474,100,2
135.14019831142733,1.8728806717741744,100,1
50.68711233039558,1.5065722607082543,65,0
97.9122615955132,2.688222757415958,100,0
90.91402449557596,9.200542505076958,65,2
32.43959170181253,6.588560580847713,65,1
164.07270577956842,4.559275256834502,65,2
229.09459017376625,9.25395407569784,100,2
172.6400666558961,9.001471925026902,65,2
247.8874094812057,4.015925059352843,65,2
38.27056416462939,5.636409631231923,100,0
130.68355734666716,9.053739819585765,100,1
182.8245310974297,3.1939866239471595,100,2
202.8004682825722,4.075372313969411,65,2
208.7358919270281,7.93014594854856,100,2
218.6896281293643,6.986388453566247,100,2
195.428943658805,0.4865039199668264,100,2
28.26842668226029,1.1737643653796426,65,0
208.59170328068893,8.462638781382099,65,1
217.43479703231628,0.2973873766590063,65,2
298.0439803000881,9.199292055569382,65,2
208.00873101033775,2.7175275233537244,65,0
206.04911872546467,5.9837918239911865,100,1
154.4439870545916,5.645808842921723,65,0
260.3768725755341,3.962537561577657,65,2
299.0504285883475,0.3143692360921946,65,1
233.7134610592296,1.9247126079543453,65,1
183.7501133573425,6.149734858335937,65,1
23.686448079470452,4.463727727090822,100,0
218.02173951888827,4.138370460189233,65,2
212.56847057458512,0.977029007896486,65,1
232.6704443428295,3.471274252461791,65,2
37.3666165198468,5.264305520592686,65,2
196.11975003784303,0.7769273494241136,100,2
88.7171714855024,0.6669575262196847,65,1
228.08137302085007,4.9155338321887445,65,2
72.11218620943987,5.612521738408613,100,0
205.1936030461232,2.576415046256045,65,2
88.49788409519391,3.257663469656409,100,2
2.6982878452293413,7.968704245386379,65,2
190.00737359192863,8.69236023999132,65,1
33.98072494767671,3.2522868666032148,100,2
197.78744183646424,3.5571456428306214,100,0
277.6828345070812,8.303265572809549,100,1
290.77378026332707,9.738345014111092,100,2
70.77692619828377,3.205931952970458,100,2
242.7759682951965,7.887265712201369,100,2
106.0659830617321,4.796923688747903,65,0
270.1371218243947,2.6372804564481243,65,2
236.24687058881213,6.817851965563973,65,1
22.17651499372909,4.625503768356014,65,2
122.1410981631832,2.6816243949900698,65,2
101.19534780290222,1.0722964389414025,65,2
235.5543062169831,8.66954413814886,65,1
123.08571319594772,8.78667803428624,100,1
205.37651929592516,0.7496175591379228,65,2
180.7305766771321,6.63395370608244,100,2
292.6916157292901,1.6257743061494925,65,1
281.33548704048445,6.463200801696008,100,2
128.3098544216156,9.07617193560369,65,1
217.0734634923448,2.6021469022215857,65,1
248.83802819436653,3.4792923277679644,100,2
269.6657261586436,7.951299591782732,100,1
20.440279132945104,7.353737927433249,65,2
90.62363978204904,4.0865528445541415,65,2
96.06901229055654,8.485480792776128,100,1
130.3337853659636,9.20585477831298,100,2
50.7794252146257,4.526436384675842,65,0
148.86176398500243,0.3945160260389502,65,2
198.96429818953683,5.094399780471277,100,2
149.20917606501533,7.396824595378401,65,2
199.73792855928477,2.2003574247773248,100,2
19.932489545370093,0.994303206065832,65,1
262.7961995122231,2.852146435570164,100,2
281.7207576303205,0.1158688867636303,100,1
185.37222723559455,7.154717296675528,65,1
264.4172995910691,1.460683657226447,65,1
39.43380499446373,7.236490220920486,65,1
239.23467602289307,2.3454799258695336,100,2
35.744458041778195,9.920621087826904,100,1
122.403069449261,5.317953820667521,100,0
97.1455603674825,0.4133885600151965,65,2
175.67754756613627,7.726788774966463,100,2
90.45436057186006,4.100902451304971,100,0
191.1940889001398,6.073212882816073,65,2
110.21618674558736,9.512132228379468,65,1
258.2371143091393,5.17269771845478,65,1
190.16515206588343,8.043763650767884,100,1
64.58948919643383,3.0279281729088114,100,2
100.83882660842612,7.145210434427344,65,2
254.22626628799676,0.9932300436120932,100,1
115.94392499623754,8.933490549623645,100,1
160.73971966969356,1.9974740735893248,100,2
194.68258078569983,3.0192953472532915,100,2
104.34289487577504,9.582118813364218,65,2
88.19358922742049,1.5521359228199627,65,2
142.5764707824086,2.544097594819553,65,2
64.46429162783673,5.801792981961302,65,0
85.26317607571903,9.806939991802828,65,2
18.623545209610825,6.914194745659223,65,2
91.19108279130164,1.1419007501008085,100,2
96.2112280090708,7.481171523003382,65,2
288.5499498873959,4.262154645363293,100,2
176.91864763976403,9.92328940860563,100,1
236.21472762474167,6.287170601309976,100,1
13.613175834096737,5.319558950926423,65,1
31.961008082511576,5.572651563778469,100,0
244.3610882587777,6.415618107895753,100,1
187.06486482529075,7.31829277679064,65,1
57.29460916206087,0.7832183522605529,100,1
121.43862175852146,1.3066951980957664,100,2
161.60174999448685,3.004777255204597,65,2
253.0829487412325,4.779543247720093,65,1
18.12359750834825,3.1106739743481997,100,0
179.0166868102087,2.1383812906371444,100,1
215.1107764760052,9.250297083832898,65,1
293.3675573731378,0.3260053432439336,100,1
242.1480234876553,9.386981706632804,65,2
82.86819406958202,9.07242314466554,65,1
212.87375816347952,6.837817499068785,100,1
228.98336547809316,0.3253458192968539,100,2
218.92064997551856,2.2535556158287315,100,1
246.043220385561,9.791006236754974,65,2
271.1189928640913,9.05950365087117,100,2
29.52896069680208,9.645719609910026,100,2
31.429157304335654,9.96123159823922,65,2
238.9199966311938,0.6388746629492625,65,2
75.71174295644127,5.7086253647577125,100,2
17.56242658502338,8.341376112202568,65,1
120.36875429418174,3.197089657843857,65,2
245.96307354782343,4.355587222536025,100,1
37.96950714419411,2.837386486554818,100,2
201.55259154134023,0.3807213579939683,100,1
1.084758531470309,0.7271334237168625,65,1
32.92123416373498,0.2144176962546351,65,1
105.25510373054604,5.272444489361142,65,1
25.08068430732421,6.184230832180342,100,2
253.77050023113387,3.077016825069958,100,1
259.2211509436407,8.261485371419644,100,2
226.67121092985727,8.880133513010303,100,2
72.74388941868524,1.397483052343096,100,0
156.97412257199397,0.519244627419444,65,2
55.25655765701142,3.193806130286616,65,2
84.38353502193324,7.1298753244630415,100,1
154.80158765213733,5.074238913109669,100,0
220.5041425382393,4.880899973497285,65,1
28.396314118091748,1.5241039844993942,100,1
89.00900928842584,3.5145411843838072,65,2
277.98640457157666,9.588912583337034,65,1
128.73699533456644,3.405604390185201,65,1
281.66090217279435,5.914324125500919,100,1
297.4201624656407,0.5834889908192775,65,2
157.99794783342475,0.6385425785763199,100,0
86.41320293545517,4.242539924828587,100,1
237.23304257177367,6.0411235645469095,65,2
47.79322065750448,3.723410433206764,100,2
75.61405790162115,1.7901357588021605,100,1
235.46397284978465,7.359573151657887,100,2
130.09377741960895,1.4004381693154433,100,0
60.46138109630002,6.680167446854485,100,1
195.33772348569727,9.567344882768438,100,2
219.82855841450487,4.705368583500981,100,1
37.521371835170726,2.004336786122056,100,2
83.09407799248024,8.419817983539863,65,1
66.38302661166998,5.054761968079288,100,0
113.95638862873564,9.232220151674223,65,2
229.0334686728193,7.205860753732079,100,2
214.1124306822973,4.306096058596256,100,1
198.7571731151112,6.17384281057439,100,2
1.8856637605773607,1.699644201371764,65,1
42.64299401411683,3.872304067489485,100,2
66.98926473062004,5.938712736505871,100,0
81.58675381165487,5.900418502514663,100,0
43.927962494670005,5.8721536680201805,65,1
123.0946654421669,7.435360765795457,65,2
22.554175504207773,1.0565338489079723,100,2
225.00665711633425,0.7365708804406468,100,1
236.31623618883148,1.4802072001369715,100,1
172.28000688026944,7.923943102911737,100,1
26.91146311259035,0.6485374678649825,65,1
267.0249508640274,2.252354784403663,100,1
289.69074861243433,2.547760055249867,65,2
60.70906809653681,6.472516223630627,100,2
211.39194583221592,4.016295261820936,65,1
252.58158919274567,1.9899322342178871,100,1
161.9530567628107,4.495384557735539,100,2
96.99692985802466,6.854513556248137,65,2
143.56761452410578,7.860518700049716,100,2
153.6806252353356,1.238831873322742,100,1
120.19111325640836,7.147155983606694,65,2
278.95274809011187,0.0452265825769016,65,2
223.1649332827506,7.243236679022554,65,2
72.39049267648919,6.61003865317551,65,1
175.66715619596056,4.686665785158302,100,1
206.60674527935024,1.368732796362082,100,2
42.04692651063908,7.645490038722422,100,1
107.52772271404464,0.717530887523723,65,2
271.6644844811748,8.955686137527348,65,2
170.15193005556046,7.734603669615611,100,2
65.09932381809506,7.409634945457608,65,2
36.83543943574523,7.543942402031954,100,2
155.4680680424633,0.6757323920821934,100,1
164.30571690874322,9.899490844298064,100,1
100.3243354063837,8.585996199111177,100,2
189.12480852573557,5.079334306457231,100,2
20.605405865816618,7.1940031086978005,65,1
43.541907979842186,7.392571616777125,65,1
163.88214630337777,8.29785284382365,65,1
18.544708153336188,2.553740834251469,100,0
264.2726294973302,3.720527247193999,100,1
42.64391113695504,7.996853021356108,65,1
202.17596222536093,7.689838852765094,65,2
117.36103251432756,5.226153233225499,65,2
119.93632426267452,3.9620534474486746,100,1
229.46685858334317,9.684425709069718,65,2
149.83864025187418,4.150213906528341,100,2
217.69663909315992,7.6398571959040975,65,2
151.55736862583078,4.126423648517181,65,2
177.871602421579,3.0983616369413647,65,2
228.21438836089925,6.4099675336672135,65,1
182.1926228763826,8.076158750147812,100,1
184.6845328166366,9.813775077005682,100,2
236.76587742827837,1.4890409181992947,65,1
284.726044745812,8.761144706356443,65,2
113.01484618060104,5.241419333333301,65,2
173.13514716778536,1.0774247768579726,65,1
25.88194732006368,7.943786191650544,100,2
107.64116417066008,3.315444230793988,65,2
123.6147677668158,8.682498071468428,65,2
250.5711950472153,1.5780187254704292,100,1
154.01772063770304,7.1109168430110845,65,2
219.31991198953733,3.0079626024023067,100,1
5.702220007701408,2.573487352823705,100,2
139.34780088849467,0.5026016324839655,65,1
270.3952995490753,4.819086771173001,100,1
67.29417279173553,3.915024203165726,100,0
9.456655592133878,0.6169035704230064,65,1
130.02262011404292,2.266422503531873,100,0
211.3295461942786,4.872718470281406,65,1
136.33905205244085,8.082714041656502,65,1
137.99349405337975,9.294478835290716,65,1
200.94151237149583,5.15332172948304,100,2
76.3166424849147,4.033067379759492,65,1
225.56693749259324,9.547544261512938,65,2
45.93405927172003,9.628623945880364,100,1
118.7251815857963,1.904123393282923,100,2
196.80243254127535,5.314553048765207,100,2
248.5107021690593,8.209100809382154,65,2
237.45932134951656,8.222589969131475,65,2
216.5056797923093,6.84978616394779,65,1
107.72891506091732,4.714689168129944,65,2
36.69129488811716,4.036564939152012,100,0
65.05026530789718,8.06412169497446,100,2
259.4501443729455,2.2572317579911285,65,2
257.19941103979784,4.284298887188393,100,1
285.4682557617047,5.668646979613298,100,2
22.79659556866248,8.317839201138396,65,2
161.04272558323683,3.738501261625414,65,2
194.60491347127007,5.486557636357664,100,0
213.19721312005697,2.791638371021881,65,2
193.15897050312907,8.36912675435277,100,2
231.0034169706846,7.855412372749991,100,2
107.84147288680246,8.200982557936582,65,1
53.82983164064464,0.5747628447124509,100,2
61.37501164513156,4.8689813412971805,65,2
3.5936068410493016,1.3584281936517006,100,1
105.0965616318667,6.737604417791962,100,0
27.523215263993183,3.113909290077822,100,2
96.44660783705726,7.745762329747735,100,2
188.46302314987437,0.6516690479816112,65,1
268.343416676046,5.132605544849635,100,2
251.88163529715493,1.2366515764502362,65,2
75.80226358727306,5.5789910137887935,100,1
40.22494265941409,6.07351475427858,65,0
57.9216821390194,4.621435233478569,100,0
291.2959955710821,2.796466164754751,65,2
164.84234390564723,0.3232785866848287,65,1
54.75066690017245,6.621141260807761,100,1
252.22384640604452,8.704418962186903,65,2
118.55737329376647,7.336477701070746,65,1
269.7666455924182,8.930180113820727,65,1
78.20313805034596,9.295009032476669,100,1
117.96652764127084,4.495464652664614,65,2
151.48432883702537,6.9799136626703175,65,0
267.7846002267095,3.97378749176328,100,1
260.62722948151674,9.195427100172118,100,2
172.30652109116338,5.629728584395627,100,1
66.5326529342672,7.524500087498738,100,1
121.00709152136253,0.145182297748907,100,2
292.6899196096516,5.755492262040175,100,2
182.3319671632206,7.41991100121695,65,1
234.329326537259,2.5700617573805284,100,1
134.95940860842592,0.1437396928869116,100,1
159.60218264004192,7.436327655863701,100,2
128.68623366976323,3.3808582015244104,65,1
210.8762994185904,4.287896075815503,65,2
255.4413041660632,5.6205241394936,100,2
152.20906296736908,1.1025116587099135,100,2
144.26023759086772,1.0355266589334888,65,1
102.08594012951907,9.608804494101136,100,2
53.12900828822514,3.388965064154701,65,0
281.77431686253266,2.5552484610305912,65,1
94.8239156038515,0.4773811978965403,65,1
240.20743907228564,1.739287174336959,100,2
214.60410638624225,4.308950857238106,65,2
237.27528008343876,3.420733234338548,65,1
281.0304400116308,4.245817472671537,100,1
187.01122806626915,7.039097112346703,100,2
269.3851030146134,6.417894922856072,100,2
50.3091968736881,4.931530676665878,100,2
188.0137727870363,8.14821495228451,65,2
231.6826838743838,8.573245509696285,65,2
81.49233922325222,5.90812674110534,100,0
222.2261403875895,1.1757102341767112,100,1
233.54304873487104,4.061792114011514,65,2
249.35638680493344,6.344634801940918,65,1
93.86487377877984,0.6285101101635826,100,2
204.4819770504928,0.1990653221042515,100,2
91.27598502292862,9.48334410141744,100,2
221.7121162495366,7.300646614636447,100,2
138.89209954371367,1.5310783002107975,65,2
179.263312358166,4.451264703722435,65,2
124.75199442917068,1.9355726857519264,65,2
48.59487807894729,0.1028540143501222,100,0
53.4088588816091,3.916931299016992,65,1
23.27067217864035,6.483847363683708,100,2
185.42180391649853,9.541288220040474,100,1
254.5915193859178,7.69834718965888,100,2
6.2510478786242825,2.301381972831477,65,2
19.87185062650605,3.362118874595459,100,2
137.24009769087309,5.205805120930672,100,1
221.3162208504568,1.9127291508660504,65,1
47.312293413585394,8.329458238170131,65,2
81.49539586475815,1.6796491284489024,100,0
69.60186038454215,2.8997304494952534,65,1
119.71536560134624,5.776006659287223,65,1
67.49960310527135,1.2322403146683614,100,0
105.77960356342592,6.246149414226228,65,1
218.56277959858323,9.44225202184869,100,2
183.30277453625675,6.915358703863874,100,2
24.354511617507868,8.127845916799409,100,2
191.32369987371533,4.384943914985642,100,1
143.12315146776405,3.6531724978402846,65,0
280.3696724121416,3.286026906747348,100,1
86.79129513121597,6.604651752011809,100,2
217.849925909748,5.185356792946172,65,1
219.25824691337095,4.723194184081119,65,2
66.4502343027562,1.0074609230946765,100,0
270.96708749128084,6.733731540587532,65,1
147.35496012888092,7.253829186531316,100,2
203.66501006679076,1.9619829061062664,100,0
43.75666766505136,7.597053728437978,100,2
77.34117509759078,8.793940403789671,65,1
175.83213538116684,1.746237680359467,100,2
95.70818051200484,4.520416811624641,65,2
149.90787557129204,8.761851826047934,100,2
112.20155981198675,4.8729804175859766,65,0
192.1661389932144,8.152537056590635,100,2
146.14360883424266,2.157528997233136,100,2
1.38298079195045,0.639312412926718,65,0
194.9042513836152,0.5946684862188634,100,2
126.63646711505451,9.723563767080757,100,1
102.50950214706684,1.6471781289905774,65,2
28.244025684967067,8.648911917560453,65,2
66.11090716994744,3.1572859647014893,65,2
67.13168747425603,0.4008855099341235,100,0
280.6108498214187,2.409772830139996,65,2
129.75389242396403,5.054925034079279,100,2
12.619754164551011,1.0677182735849156,65,2
41.645004672996265,9.22163352608126,65,2
23.70980271987362,8.998850417493976,100,1
176.6608170621634,1.4914747423848118,100,2
55.98644747004802,7.371083722663224,100,1
149.5672920845328,4.607083159566661,100,1
111.01861886099267,9.821271100809213,65,2
241.1629131432598,0.5540429104944589,65,2
96.14689117960867,4.710345942645636,100,2
137.47964471904248,2.854730629411052,100,2
216.38566457934772,7.2637838080282116,65,2
130.0053620791918,1.1113425703563196,65,2
237.96466080395672,6.281086865684743,65,2
198.50530687099948,9.480593487627273,100,1
123.1587341840148,4.538804261338196,100,2
151.1945777059088,4.542306568533407,100,2
290.16103675265805,4.957023108790918,65,1
198.4834489525177,4.157082182638745,65,2
271.49856779169744,4.47475936350742,100,1
53.62755104131931,4.632386788989872,100,2
144.97084687354558,9.980659227232804,65,2
272.5985009535152,1.164360181801091,100,1
96.78361843242529,2.853214126982052,100,0
290.29925944392625,2.107873309090469,65,1
29.12324714209723,5.441880004449542,65,2
270.8013510825111,0.0280893538418758,100,1
133.5636366197576,9.21098637797728,65,1
22.1232495423482,5.311209005976835,100,2
263.85647777582625,8.960772037336875,65,1
75.58206372273403,3.4496521464645458,65,0
6.675037648567561,1.4992992215300982,100,2
40.742131670757686,1.922925524018615,65,1
197.73442256992848,4.707323860854996,100,0
293.3434467414584,0.4026890399943406,65,1
33.43864187505504,7.818041075066873,65,2
138.5844144374286,7.906365850345982,65,1
54.19096528425976,7.019550284932529,100,1
223.5109602304776,8.963398155942029,100,2
35.41766992854425,5.494772599079947,100,2
71.95252454426686,4.793194789591736,100,1
58.92179029472141,5.2917576265892095,100,2
165.75593411009336,1.81953671008111,65,0
261.9552276001897,5.1229126142804615,100,1
153.32706034692558,5.4175701966011625,65,0
17.473035831441376,7.645898535399748,65,1
169.0166791790494,3.4791945630825136,65,2
239.2562997954028,0.9222708610173448,65,2
39.64685919129681,5.974625053080209,100,2
21.813364303377515,7.879582873690955,100,1
56.34233326727072,9.695597145386746,100,2
223.82589684648823,0.902545661886891,65,2
177.50412585960046,7.463511451435714,65,1
162.17839618852466,5.958400632663685,65,2
74.8439683895305,0.1533718184256216,65,2
99.67097857405784,7.182416048066544,65,2
289.7655038830027,0.2620125387162997,100,2
72.18756801881571,7.852561597234252,100,2
270.4936269765265,7.2132219225883984,65,1
174.15945133732097,6.879200898112652,100,2
36.98893991137434,1.1999616916490874,65,2
140.1937134465204,9.190329572239763,100,2
284.56461520826275,8.989130877859347,65,2
125.56967944120758,9.00260990069113,100,1
259.0159694368087,3.603623892132172,100,2
76.92860839551231,4.921729663901852,65,2
171.2766455401119,1.1489533637894056,65,0
253.1556174605921,0.5109535765294282,65,2
276.2065323509087,0.5877746944596096,65,2
145.74701014539022,5.687696097507119,100,2
191.9064306436287,3.214031539678494,100,1
0.8940392346992843,5.795556172266294,65,2
75.96699225401689,5.926643524353822,65,1
83.61363112408372,9.070623710413283,100,1
28.04790349632924,8.822832480512579,65,1
83.908504007093,7.185834788168103,100,2
96.33660991744172,8.185033573470854,65,2
290.629811870458,0.0315963969517529,100,2
200.5807141682513,0.1553513651955818,65,0
127.80152382490328,4.585873122036519,100,0
296.4163382086528,6.536937115061975,65,2
45.96969607038336,7.940842069610543,100,1
142.81535817914536,4.472669801842304,100,2
194.1186621147148,9.40167319065377,65,1
16.674190345223106,8.149852614192557,100,2
215.09965742493563,1.0275562918716974,100,1
29.96020587659697,4.401783305415112,65,2
42.08469257990309,9.948782250682914,100,2
47.90685373862522,4.099418443532787,100,2
278.6669479966553,3.86269794186088,100,1
204.97066354145036,2.9408035739897374,65,0
196.6282503309312,4.864890024563002,65,1
166.64804893949764,7.298571145148291,100,2
87.84179960853085,0.4747191492326175,65,1
186.26691137980544,8.357176197960241,100,1
123.04491596659194,9.175796096906064,65,2
43.62484502778447,7.810925567343566,65,2
206.87918709831996,9.15634878645687,100,1
38.87465037897682,0.9490447780135414,65,2
57.20057430635197,4.50107616251954,100,0
245.30979355428175,0.7104245649316221,65,2
198.0351288375462,8.3683595929278,65,2
189.2973462640927,9.525467610826684,100,2
125.46083530281722,2.977512106382715,100,0
118.88415547181135,5.353946457537612,100,2
207.07878275562035,2.9767548917444278,100,1
222.00166158271367,3.788725154962034,100,2
153.06396070929316,4.765576241734105,65,0
290.7807733045579,7.90802492213266,100,1
286.7098676756616,1.46997484315465,100,2
123.7288470038276,1.5705430313237525,65,2
246.1866762849461,2.018620660056051,65,1
162.9803524795246,0.5315216257165256,100,2
153.52676626715234,6.434649220708218,65,1
16.48921841359555,1.8986428685465409,100,1
172.19241314049304,4.375379897761612,65,2
270.1733791689494,6.855903327873972,100,2
234.0401547585276,4.489466536049949,100,1
235.89514340977863,9.060170948840543,65,2
47.978711572901766,7.691681508989983,65,1
107.5348341400691,2.7302218527087674,65,2
69.96147499507074,1.304098561746192,65,1
94.77458473669078,8.944377979908744,100,1
173.86180304811762,3.9690766659733088,65,0
109.43514401107436,3.8251182698669215,100,0
168.20934523927983,8.100040757539075,65,2
131.55037448237312,0.0935478920425658,100,1
85.98466753491829,4.511122853653779,100,2
28.62103026154759,7.143200660852763,100,1
267.5515372034348,8.486864636835502,100,2
3.4120098013946,8.852088539291213,100,1
0.4957464425913493,4.656801688430996,65,1
248.0393219290638,8.477075569881865,100,1
299.043282097737,0.3576176068177794,65,2
218.13084831409685,3.0542555542085426,100,1
4.582151418865421,0.1049830252424033,100,1
68.007068000554,1.6552537336521669,100,0
291.5468100785884,7.247312715297911,65,1
242.58127565215045,0.0442415954810493,100,2
170.03995314141332,5.230554950436641,65,1
71.0582128321077,4.139861510286046,100,2
4.311061778024694,1.2287079064789908,100,2
6.258441791222702,6.85634283884137,100,2
183.594259059068,6.931238648475063,100,1
6.549562905726935,7.263485415024217,100,2
298.0890425776118,7.653075502427034,65,2
55.01515004812143,3.1499191693200954,65,2
213.2122085607832,9.941292889648096,100,1
46.51791642372402,0.7295373958314288,100,2
162.02802632931434,6.476953676353237,65,2
24.18338653986527,9.707750973333988,100,2
230.03352735997296,2.2431046154318968,100,1
175.4763284174489,2.781249284174404,100,2
25.850008020424507,5.759774383191941,100,1
254.57585676000164,7.81257596892743,65,1
164.1055844330106,3.2894698290463142,65,0
276.4776930039954,8.367751636484455,65,1
274.9870121034338,2.4104378634367096,65,1
276.1523368459748,8.743666853418222,100,1
23.33556006014039,2.529531241352797,65,2
36.28732852635703,6.174351556712817,100,2
296.3117429148594,3.577912131397799,65,2
146.2802464196118,3.2182611235217884,100,1
71.46421584874429,3.539955694069831,100,2
230.8993465495974,4.992014144561519,65,1
79.28556636374459,8.450485866137809,100,2
218.1647064055927,7.593182360308129,100,2
251.18573335492837,4.493408862609717,100,1
235.27901318858417,2.821602893524432,65,2
82.21434245938062,8.543009809723642,65,1
120.48557222377111,8.701850118635631,65,1
123.97530096998292,4.536763006276535,100,2
147.38187543134154,6.958458582916154,65,2
50.21185546204081,3.692635639064203,65,2
135.74101512430272,1.4909768052336902,65,1
153.2348971546439,3.2148290284674674,100,2
159.51269897431573,6.820843185755495,100,2
245.97012899533743,7.694096635386289,65,1
155.20034954384855,8.516553930696073,100,2
69.23517675410255,0.1771270007696446,100,0
198.93862147325612,4.864061292244458,100,2
239.19424322598755,2.7392211031885347,100,1
95.81149993147852,6.839595139680189,100,0
193.5917787052816,2.453313354491323,65,0
44.08139878380379,5.662802066662193,65,0
102.57789137341922,7.119626524610072,100,1
272.76717886489024,7.700649196417539,65,1
273.39244894877123,2.694682902527913,100,1
172.5973736229191,0.8783214644534298,65,0
210.705438259532,2.1871336748315557,65,2
256.2046245617824,5.991314137379927,100,2
287.565955593788,0.4044918563019828,100,2
146.96593208693085,1.5886193477135602,65,2
168.4727209878103,9.954747276474915,100,1
124.69246999434908,3.823314366156124,65,2
21.594581116928623,4.965262743607351,100,1
126.84104173464551,0.1100716259490364,100,2
237.1882018149232,5.919077916956308,100,2
241.4656493974586,3.252986844322048,65,1
267.7131343779899,5.301932294743486,100,2
15.440011552790722,5.261183434188222,100,0
158.14637687419017,9.67457449235239,100,2
32.22734638112288,2.6825699852412432,65,1
60.222654949723,5.704329205020269,100,0
270.0649507141819,3.815525964230063,100,1
149.03737752890876,4.2199980997396525,65,2
227.5634762689841,0.5555906257694521,100,2
19.315231778604247,6.8845301270522485,100,2
125.0479511774556,1.9528540793292224,65,0
202.2720841993013,4.68488910309712,65,2
40.02194438346399,4.342696345483336,100,1
97.74536373170494,4.681411164433812,65,0
19.364341507164973,3.755459959622296,65,2
195.40198226085312,2.423854147065013,100,2
291.2673777174356,4.487140529357938,100,2
248.1136473428489,0.4621952496556092,65,1
292.38693504226967,2.423225525136268,100,1
253.6814385295189,7.848483715554443,65,2
256.5587418590936,8.42820388177765,65,1
173.15315861140277,7.1530933815965625,100,2
155.47569342396298,6.32564031036691,65,2
121.87627992834828,8.112657593161062,100,2
245.428468513764,1.2783092459837109,100,2
54.62028368340738,5.2525413803731125,100,0
16.86747474725796,1.1631564981645837,100,1
284.3681468054025,7.778660751089865,65,2
1.1334555610431174,5.205563854048646,65,1
293.0487965627556,8.100248851886407,65,1
218.65601096212976,7.990634250738623,100,2
98.5496759093483,4.662123768426548,100,2
209.34595292589307,4.968742947828535,65,2
245.3625471555382,0.2826749519659044,100,1
73.60861679593077,5.235132903771817,100,0
231.26870498387456,6.774647760704352,100,1
241.31088750247204,2.336556975565676,65,1
74.80638903760362,9.865271705008029,100,1
12.57790631339506,9.74828873881411,65,1
61.2366853674293,2.828305948035968,65,1
60.19392266681833,7.129732564636053,100,2
19.57213625264496,0.3000166816192029,65,2
217.80221539655875,6.657527107652149,65,1
113.99247733752246,6.240164875615751,65,1
265.3158502361576,8.221596595292482,100,1
75.6513316995558,3.0436508087773486,65,2
135.9696495299782,8.780101528151453,65,1
191.70522867802885,8.579750271245736,65,2
263.2394849015334,6.696029602665675,100,2
157.38633048581244,4.723348689552649,100,0
112.05738834371483,6.184012414776516,65,2
260.10452354160265,7.299587689598734,100,2
93.07392740628316,9.752513897466862,100,1
23.82710988977293,1.2172819123694734,100,1
133.51263225307198,3.130727809099562,65,2
235.5279919493976,7.807163131767951,100,1
9.234249526056926,4.091800224033796,100,2
175.76467349687763,6.724799714636594,65,2
178.33921455817082,1.331179743473022,100,2
278.5625290282145,7.091616036885716,100,2
85.93944514350655,6.740638187028311,100,0
83.65098396320886,5.8582006680361145,65,0
132.14509540190343,7.652379652166795,100,1
107.07447044145457,8.801122324979529,100,1
220.90375880679804,8.29302606851927,100,2
192.52562313946487,1.2757409546115428,100,2
227.6763113718799,7.443933706174924,65,1
246.01253735960677,4.497644411253475,100,2
276.89433982024434,3.338818185008,65,2
129.28101953539428,8.796495858033921,100,2
295.40921684146485,5.596132346652518,65,2
64.69824402109582,5.012347320326649,100,0
214.30954858419855,7.845993525827614,65,1
160.20279519215677,5.5330854595088175,100,0
245.070178405465,8.580075853257553,100,2
143.0311561819278,1.029009535582046,65,2
235.18159060872935,7.761330644279153,65,2
279.0506143943034,1.6383458996447595,100,2
219.6882798420262,2.2523134537826026,100,1
232.8282858654973,1.7945152084029514,65,1
20.15262937975684,2.3842135202343897,65,2
61.487298669684186,7.318306966873465,65,1
292.2911221510781,6.553317123055559,100,1
207.9561011362183,2.2978129450734186,100,1
168.43470519330137,2.701749367777308,65,2
110.09291201893502,0.9929411260959063,100,2
13.316700362075371,4.144355222059064,65,2
110.74077238924048,3.785851631071444,100,1
149.67386198687277,1.4581579125731814,65,1
63.43785281606602,8.34625040868871,65,1
51.94103738214976,8.525950486632267,100,1
152.52496540725505,1.0904680147308332,65,2
175.77127068826317,2.663659532571524,65,2
71.97537565635746,7.360890009250691,65,1
176.21684233686392,8.699666912730814,100,2
270.1019891622885,0.7167298856961257,100,2
141.95197740640614,9.023703219043629,65,1
257.2170508761544,0.6163715474454834,100,1
278.18143335999554,6.337839593840542,100,2
27.71820868112571,0.2207513532860594,65,1
28.74347389703909,9.282650217444733,65,1
142.81325486628043,3.536906493748979,100,0
176.4307332953108,6.488030753959873,100,1
127.76503933950876,1.8462219908067825,65,1
97.93523112525092,3.2125541600414853,65,1
192.2982348378468,7.472984822156299,100,1
0.6244537049760801,9.729958867387596,100,1
290.4219842591227,9.920532906094191,100,2
69.62372645640664,8.09679516148199,100,2
275.12963057490214,8.471930397041547,100,1
32.7044233603518,9.694038601275697,65,2
71.42615461337178,0.4031668976892311,65,2
70.46211032625011,1.7015044698528692,100,2
298.84587126019386,0.5267777851972899,65,1
1.380163717765326,5.011611532891078,65,2
191.89146279104875,9.584892450045638,100,1
260.90597431825586,5.824361868999341,100,1
201.682096207421,5.554041158508431,65,1
108.82014546508326,8.266863516619242,65,2
287.4928088108805,9.289488818197384,65,2
268.0562263767123,6.985552315253775,100,2
130.18647607485534,8.95377370537826,65,1
171.99854778334904,1.7521627899508851,65,1
290.25575634157224,5.034070318737301,100,1
294.768108577941,3.646050375934912,65,2
134.94698271538567,3.3252130318625985,65,1
254.20500844292656,2.1425029954278987,65,2
90.5940680861809,8.939965828844857,65,1
111.5438618791994,4.503692191505105,100,2
49.44656489706788,5.302540242558096,100,0
62.75537783301909,2.7631069669320327,100,1
197.06199067780767,9.628508931742791,100,2
153.23448540212428,6.112100032911645,65,2
69.33955818768086,0.0069417885557143,65,0
120.87288490849576,2.6789246480188824,100,1
111.95503795910452,9.993475915738886,100,1
296.20806136060025,9.747748238426423,65,1
256.0697511634138,5.4461647659615,100,1
116.38990001514728,5.641172700841631,65,1
274.1749736688099,9.015884966892123,65,2
102.79061748845136,7.08565940457061,65,1
200.37045382045784,9.322163862731689,100,2
289.99499900463377,4.791329743769622,100,1
117.08365919656568,9.759007170426012,100,2
203.96548953148013,5.395497848882313,100,1
88.77714331878997,6.448389692477176,65,0
79.8936946793924,0.8256686092152832,100,0
172.24699992946557,6.116300950913731,100,1
293.7793794099655,7.677759464986229,100,2
135.940154616051,4.39304346338914,100,2
281.2910910949742,5.024382099278694,65,1
274.3090560734285,3.933274211373854,100,2
76.12878370349843,9.690415072729683,100,2
120.54582212529822,4.766242363206232,100,1
192.99074354825493,1.2621134420267244,65,2
155.4137653234175,0.2887218283865012,65,2
28.787558958952296,7.724691970697619,65,1
298.1094090381475,5.476728484366618,100,1
225.796200363384,0.0277050536583922,100,1
131.3082114674135,3.825226373647218,65,2
185.45056489988735,9.140492701598564,100,1
26.27184517986904,9.477549260522014,100,2
148.590496106883,0.535592483456615,65,2
279.24972474524634,1.2342241369858709,100,2
268.98028741649347,0.0487034503378869,100,1
101.21425364494368,8.686737122609532,100,2
159.41035914640165,0.7088622582551907,65,0
209.21505722629405,1.0790015221989602,65,1
102.0027800723716,2.2762264957473266,65,2
19.463765428181546,9.172495516453347,65,1
151.6324970153414,6.88234007286482,65,2
180.4907207470009,6.16881359767449,65,2
1.7524800364530746,7.846569056731458,65,1
28.67261206155919,6.932844976425228,100,2
62.18719307824568,7.459268206811841,100,2
104.41568609728024,0.7365643869796379,100,1
162.31536684917413,5.897652964409969,100,1
88.15287562789959,7.532072872558788,65,1
82.85514432195113,5.6565862033329575,100,1
260.8048031439246,0.1179487336452411,65,2
43.51519224042788,2.111198894828793,65,2
148.63803995170807,9.628999970669907,65,1
285.8474150808408,7.046946409211438,100,2
187.5039747348137,6.885049008802295,100,0
215.1616439683316,6.602524418183088,65,2
129.37109741718214,1.2780800018322591,65,2
5.97965013591587,0.040827809919437,65,2
193.8391105101616,4.406523180717622,65,2
189.5772844284372,4.443244048453105,65,1
33.128290938999925,8.118054511680517,100,2
138.64791408738944,1.81567516357379,100,2
274.5986833996951,2.7511116309917383,100,2
61.52544959159254,0.7824233168936845,100,1
138.3296263902331,3.998750352879641,65,1
138.33095556015613,2.559897484926612,65,2
243.22844044429152,2.62895844152136,65,1
247.37276109883337,2.540530871186176,100,2
227.7808258990176,2.315185091488434,100,2
109.63624775648212,3.197930302912985,100,1
21.611077505556032,5.3669016478189775,100,1
104.84489316720423,4.377102771450807,100,2
203.9373603814019,0.6344696122562477,100,2
210.8239723467229,4.258598637597716,65,2
289.5000628430157,8.462782545125854,65,2
136.09236943311254,1.0070411746721442,65,2
189.7306748820871,9.443615993316552,100,2
161.7572612167595,3.085903707649874,65,2
45.185568033971215,0.1453562940150266,100,2
138.36074163964082,2.531555790643172,100,2
163.4505464066983,0.6965962055470343,65,2
285.22488181267755,5.66381346056672,65,1
109.96171632268684,3.1632512755054965,65,1
294.0297309323933,8.068766139246705,100,2
162.69002220722533,7.32625088123752,65,2
72.74077299091726,4.685964594867759,65,2
57.499316104742334,5.606016108413044,65,0
42.50847517806952,6.087696009810202,100,2
135.8798611720359,2.7070468739549503,65,1
6.577928936676969,1.393763731941875,65,2
133.51358499445962,3.765188160543567,65,0
296.52140764678387,0.948575461139799,65,1
201.03203871668,3.1486337540538853,65,2
227.9358363601214,5.52602160777716,65,2
35.70161721547876,5.401125241314673,100,2
141.93025844702723,1.2061337443925568,65,2
85.86693030771417,0.0833910000400783,65,0
268.2292583967088,0.8894356194064812,100,2
54.38774160417376,0.3615004195086768,65,1
137.6199981410226,4.004688894072848,100,0
176.4143155036913,3.897501861724948,100,2
154.21232747355978,2.4161536530458374,100,2
249.0730583911222,2.154444596648596,100,1
69.43595139589212,3.964199164584064,100,2
113.21733312710737,0.8657357822274692,100,1
237.62528897218576,2.1430912499521626,100,1
158.42142352104145,4.056919048545585,100,0
120.63521569438718,0.9482991424357868,65,1
8.832754423449451,8.408136728046106,100,2
226.0156272046828,6.760184979567729,65,2
291.65462339002806,3.8311924884647777,100,1
186.086102846553,1.5039830922887454,100,1
256.9623662066384,1.9418731186873428,65,1
155.06272295847785,1.20089584747744,100,2
69.50428962700937,1.600838272735332,65,2
4.332631270543641,4.2251413897015535,100,0
196.0194802769968,2.456646652813097,65,1
147.9326544744734,8.84578476861224,65,1
234.62944412628045,9.609287300342,100,1
208.40472523059137,6.913650434911426,100,0
296.38571046196944,8.087611094468826,100,2
153.09377502361193,2.551195355791215,65,2
128.1524369019028,6.650239741581233,100,0
86.02190683178848,0.5799865293612783,65,1
143.05838753738234,9.60216085308996,65,1
261.86144343687664,6.702069653069417,100,2
12.73191773752238,3.1685117147298314,65,2
293.37001418585663,7.730415587839065,65,2
297.9921582923394,0.1579944920398912,65,2
179.3464135763705,3.762362353904112,65,1
99.46326110862042,8.956577629644203,100,2
66.91469049660714,2.6319956307823213,65,2
82.94711870546362,6.679143120790632,100,0
15.031627951491554,3.601036823996926,100,1
142.53328754500765,3.9236433568669407,65,0
17.197281259321752,7.459370501544841,100,2
215.5422644327776,9.102059981969132,65,2
111.57883665985622,1.6671852296540957,100,2
59.80941952414896,2.7689210875554684,100,2
163.4560673508115,4.877851826226335,100,0
292.1277921729041,6.138160659076112,100,2
208.53931470552547,4.677871127874008,65,1
147.52405503124805,8.05528694932143,100,2
233.0742897763519,7.680948846147487,65,1
221.2429415696966,4.052429220355944,100,2
267.5206383173381,0.4061187266053834,65,1
61.40068427818425,1.9449637881737936,100,0
257.6632728776196,4.869526492092453,65,1
90.30782611250966,9.275137566620668,65,2
282.29967834752915,5.675694868517947,65,1
84.31954468402056,5.3039490644337,65,2
278.05456294880287,7.23970043303008,100,2
289.137214339224,1.5229494815642697,65,1
43.64740723710428,1.469184681387372,100,1
292.3499649788349,3.4539517446933345,100,2
25.716890528784685,9.94852631546434,65,1
65.57033598375659,8.759418324994,100,1
133.25063426184136,6.801139004348062,100,0
298.079209713513,3.911549228629712,100,1
146.5689153496138,5.546739551767418,65,2
165.12283295354575,3.035541179090547,100,2
208.32748485709456,6.743070121860527,65,1
290.4880674818854,4.188456615574808,100,2
235.00542003727327,1.202158942422169,100,2
67.24620132710957,2.150879540980596,65,2
90.8972791993064,6.086927913367813,100,2
29.28847188255732,6.945647026910096,65,1
193.33570924942197,0.9602166463416116,100,1
54.22209196176647,8.083409770721461,65,2
77.22146654380971,8.243473859149233,100,2
266.4340965541131,7.230819142770252,65,1
98.02670259960456,6.835885344460908,65,2
169.9940155062501,2.3186858602393534,100,1
119.26980263675313,9.19621962413576,65,1
22.209386221774075,2.6857355516901817,65,0
108.85914896901151,1.825046393174582,100,1
122.42046091077924,6.385340367039491,100,2
268.71033057345545,3.64104294945478,100,2
97.33519609390186,9.330280846619456,100,1
113.77233592862036,4.602496084583505,65,1
234.8690306017004,1.6371854305115383,65,1
227.68699536347935,9.575286473948507,100,2
239.48558299454723,5.154339136926652,100,1
286.13122202280124,5.185589248179294,65,1
238.66724951843528,3.858026888443616,100,2
122.28246096536728,8.359937750282052,65,2
246.4525550694276,2.8764362068600917,100,2
152.6023896269815,0.1370970789028591,100,2
83.31420975556959,4.972779269100856,100,2
90.87512043930371,9.258869116422725,100,2
67.1527165690195,2.732666865443749,65,1
43.49788734592602,2.663054366934511,100,2
55.3471235560951,7.380998794440522,65,2
18.953414986145813,7.755333340641824,65,1
266.5352594797159,4.355565376851475,100,2
279.30234289473697,8.336432711230358,100,2
176.03111774816864,1.7193308400368337,65,1
252.1468669826055,3.670253733609469,100,1
55.07133079594414,4.0427791531677215,100,0
270.50214756809555,3.127958932062934,65,2
151.9084678891525,2.17737549019144,100,2
20.149497781666525,3.3814952894229258,65,2
42.39382334824806,0.1800318353575769,65,1
92.69293823604517,7.033500347600685,100,2
13.06727410642543,6.839592345303121,65,1
92.78801340523307,4.502181122103332,65,1
17.979129935667537,3.229155838656835,65,2
70.80828155784755,4.34093535902449,100,1
79.70092675693247,9.3652081598892,65,1
298.31069291003814,6.035648488992342,100,2
70.66400212909933,7.313573158180791,100,2
71.75593468157409,2.295167453112969,65,1
206.0366905075155,0.9475797232522808,65,2
257.8072435549356,0.8318493470911681,65,2
116.11662378062596,4.720188535785844,100,0
262.6854059822077,7.1668633791103264,65,1
102.04260622432712,7.741203825940546,65,1
59.10476388450579,7.2040980699000965,100,2
98.89164729831704,9.127624876481702,100,1
182.8069121783977,0.5200244589218617,65,1
110.14294779362211,8.553394885648304,100,2
201.86814119678664,6.606765956039721,65,2
71.08076382674471,1.7552011200263062,65,2
210.29786819674464,6.823807348376275,100,1
104.23150897454,5.117595601375713,100,1
136.76051148058036,3.5904124653420157,65,0
167.32354213286877,2.479581591658644,65,2
205.8675009557981,4.6415438724473255,65,2
71.6141075546201,2.391326451892095,100,2
250.78366122324317,0.8284708396413343,100,2
216.55282492657196,8.461200584199876,100,2
70.22937570719984,5.9283698185619285,100,2
292.4923687808731,3.6366965838833054,100,2
199.43909730913757,4.466799806327549,65,1
135.72806594001167,8.648273676096885,65,1
47.258197666054905,3.1984350550585794,65,1
159.96630069243943,3.80173047455005,100,1
49.432766048135456,7.66080410781727,100,2
128.84750360935314,2.005226109132312,65,1
122.61375682185566,6.592625523366125,65,2
215.98189330423804,4.343238054592893,100,1
57.71495436727494,5.001585655968087,65,0
246.5614064612537,7.868801556208002,65,2
97.83969810484972,9.931323563149354,65,1
133.19658809063253,8.315119240194704,65,2
231.70229266615277,1.6054396636260415,65,2
187.61771991405445,2.2455183524038844,65,2
92.4076055405812,4.099304771390832,65,1
115.8608773637643,7.192265199010263,65,1
91.73604419688304,5.093711653202315,100,2
178.43105018314714,9.018006752554877,100,2
99.78735996205192,0.4867548037278346,65,2
217.70930843494224,2.5851697881299742,100,2
173.9361475751178,2.192715924308173,65,2
43.711983524252695,7.441709475093803,100,1
93.08058560396472,4.647715481892885,65,1
66.43423257304673,0.1501304070266573,100,2
117.0939637654456,7.734367524288333,100,1
154.79522586280893,3.618031561026717,65,2
152.02885718523297,2.6046035846228124,100,2
226.3571029689867,1.8271768207975303,100,2
56.751559080512806,9.46012186725569,100,2
283.94184878923403,9.420380276394676,65,1
102.8535320646506,0.7655288818171668,100,2
90.07465407484156,2.3276735965292006,65,0
205.55357345406597,6.461193220828464,65,0
241.65498860491877,6.704246583783142,100,2
113.54152944409604,4.1767174384431405,100,2
224.05409246819315,5.685098578122143,65,2
265.12078684081644,7.02630583209661,65,2
230.04109956208725,9.50509204068366,100,2
10.258945671249895,7.251094012667809,65,2
248.21067340985644,1.102706309558844,100,2
232.34428753631025,7.178466141728084,65,2
200.7870714459558,0.6772632853914085,100,2
228.00672572637103,5.025072370077391,65,1
293.8276187495817,5.268952409228921,65,2
129.3338663455049,7.782647057060723,100,2
20.16697048637934,0.1155864940523299,100,0
138.266990888315,8.74752067100269,100,2
13.93009661731438,6.6388472970803,100,2
88.27512242653835,0.3119084998218779,100,0
176.0639375390277,1.6003027594277963,100,2
92.8868678778469,0.3951752997685254,65,2
205.6185737728616,7.659396004514059,65,2
246.59589830571636,1.709050924086637,100,2
126.13175378386109,0.4559998366652229,65,1
270.0413853879011,1.3798773182496038,65,1
23.951679405120064,5.595570039209465,100,0
252.03394926013493,4.954865252659869,100,2
248.57194363178968,2.4625735299092035,65,2
96.59816889802948,9.429352807341292,65,2
89.6145561373845,8.548088656853123,100,2
91.5284943460538,3.144609396218975,65,0
243.4181137033233,4.745719319715579,100,2
249.4960462830585,5.1682319227519695,100,1
98.91673764830028,7.561757749144309,65,2
177.77710423333855,4.279465548407941,100,1
41.679968832136346,5.464707653246482,100,0
140.63362148430664,4.125655642792495,100,1
299.63785525666145,7.628208112311102,65,1
47.65174431187405,5.559339860880038,100,0
284.2687919880177,8.277806101438381,100,2
247.27641658950236,0.5373578872971818,100,1
291.664395283881,9.043063607580546,100,2
53.87362818315991,8.193904449770228,65,2
64.05554713300927,8.185046961446021,65,1
5.060154520457605,1.403088393250692,100,2
217.41054387468165,2.6347287484758564,100,2
193.2284080308557,9.802616256852469,65,1
53.41963149741963,9.502750597321509,100,1
237.3434896626216,2.265446731894272,65,2
89.75865183951763,4.329026701564155,65,2
40.49867079919055,1.5594310752126428,100,2
126.76879950580444,2.6263817189107685,65,0
27.290954528056822,1.847284932457015,65,2
78.97309688197399,0.8093703153521126,100,0
111.40000752820384,5.794788658980673,100,1
255.55925235424496,2.4078569274668995,100,1
237.76462238796643,9.922404529659856,65,2
132.82628572518547,5.154397509302787,100,2
217.37251732571625,3.590943204385595,65,1
170.5948908537015,9.131621714028071,65,2
102.25255652342042,6.207461770475181,65,1
217.76230304858544,1.270788191671718,65,2
205.04974633991336,4.978204565123608,65,2
185.7283326580806,4.4107915076245865,100,1
185.3866563129752,7.651320684082408,100,2
204.89459769809304,6.937776717021659,65,2
115.36365379276148,3.707913194310189,100,1
260.7227445203107,4.694793209774957,65,2
48.69235364893824,5.187880634736741,100,1
265.1656389717462,4.224609313451799,100,2
102.68455290959832,1.0772137403191462,100,1
37.50948468258676,9.054458797558713,100,2
180.00822080373896,6.725599912944668,65,0
112.79600072112156,4.697202487048829,65,0
244.64991813105576,5.695869458205721,65,1
129.2356405586302,2.1316361726518043,65,0
200.5687576686329,5.305563327785804,100,1
92.47739685144764,7.46027777696816,100,1
62.835712507602025,5.336743645135117,100,0
116.41470928464716,4.806653726566204,65,2
182.04235038073008,4.623856704923678,65,2
197.0840217634056,7.616227932166986,100,1
173.4619995894055,7.533396695873254,65,2
296.41671558723266,7.500702279430634,65,2
207.3270559485496,2.461699979122176,65,0
279.45588827907534,6.178949678652359,100,1
35.37995846855235,7.789073130097965,100,1
18.411878944043657,5.618942693636888,65,2
93.2984106035861,7.7897734843494515,65,2
40.97668151292718,8.544033983185264,65,2
157.7605584684803,1.7389005956056558,100,0
155.69437605698363,3.0634082555287643,65,2
172.51414993318505,6.013096439545624,65,1
223.5683642493218,2.896783863467029,65,1
291.39891006369595,9.413853777708663,100,1
263.47760743174393,1.941342399319208,100,2
35.51017187267448,3.5694797788978603,65,2
101.55410663119716,9.943063025681637,100,1
76.74690751441257,1.8918174607289704,100,0
53.04520733393784,4.4881770805770405,100,1
163.41746299673534,3.1378229874360377,65,1
165.97932060981915,8.097991905492526,100,2
68.1734483664184,3.0414723954659597,65,2
213.56917509200565,1.6142895454191408,100,2
219.8742897508516,9.331351303632204,100,2
6.293998450179994,3.1740237618157563,65,2
118.72731111669496,7.417475305655891,100,2
267.0421923604863,2.905677252503484,65,2
156.09558247315147,1.7858163148137451,100,2
104.28834043169827,8.024121825654976,100,2
76.10284547853904,0.555819873032265,100,2
73.00635597548468,3.3197285703553647,65,2
29.930410155241905,7.800816675817673,65,2
245.16792572792764,5.121375215935554,65,2
25.997221618251366,6.895738175449045,100,0
87.68842975854474,0.6681690722218459,65,2
13.702721569905965,7.4980999096562435,65,1
234.41597091711012,1.7194040559928123,65,1
11.78510466803714,8.087040361478552,65,2
92.49033116046252,5.641747201982676,65,0
171.98921102599925,7.391618180432623,65,2
122.86840808803316,2.128326915152432,65,1
84.68132017473013,3.954255064387836,65,2
82.55672172826249,8.0206933245506,100,1
239.3370918018748,9.108044943040236,65,2
292.19342852617353,2.2657219529688524,65,1
104.41232113463802,7.933936599698136,65,1
11.743654082704955,1.085551783633818,65,2
10.969733372732527,4.257486615209876,100,1
227.76402456321543,9.387196665134054,65,2
165.71094648273808,9.45136485687504,65,2
235.07779722519916,2.966822020394272,100,1
209.24910308657243,1.9291340658192249,100,2
272.25190477961894,1.4948637046353408,100,1
265.74728731398704,4.808752535709607,65,1
236.4982186863532,0.9207682621613288,65,2
142.5567480126431,3.568530524551109,65,2
92.43792228115574,0.1701111659514353,100,1
152.10803623339197,2.5939811098426846,65,2
150.62148219594707,9.002769018957329,65,2
183.0826646668013,4.469783933328958,100,2
55.829270334871225,0.7374544573287922,65,1
196.68596413349664,6.468367878608991,65,0
136.98027726174473,9.556335606911649,65,1
186.06144958225772,4.634076248056685,100,0
71.8814468758637,6.242878605077124,65,2
130.3184681632065,9.194180068275628,100,1
63.06036433575608,4.190994238959609,65,2
262.5915470270405,6.645868057777861,100,2
146.38831351246128,4.407042742780842,100,2
67.49442467214364,9.621309765256946,100,1
12.362608722463886,5.038015729721517,65,2
202.72159939606252,8.856528947594306,100,2
64.39341419692671,5.071984984450041,100,2
296.8746576956335,6.683860827949325,65,1
160.11011202455148,3.861414871915149,65,2
86.69309887440963,9.175550667262245,100,1
197.3032301377891,6.4694214698839385,100,2
82.56597703142566,0.199123298835776,100,2
246.08228817292397,0.1564117351623983,100,1
92.47081527898256,6.761775183937343,100,1
296.4743197187728,1.1426886226770203,65,2
181.54343563358808,7.161644126998665,100,2
253.323344682799,3.220167797843189,65,2
21.844640873526664,5.389196780915415,65,2
104.48982521585646,1.7439958753360685,100,2
221.2461258498449,2.462217984046444,65,1
196.5177052021748,4.369177513445669,100,0
58.27293643012733,6.654775772220369,100,1
106.86087915291296,1.5573163663758385,100,0
79.03302224626228,2.8128313578664588,100,0
184.0110509285529,2.0696240189090065,100,1
103.37046883763249,8.626743087804526,65,1
92.71627260010494,6.4800649346249255,65,0
62.21339413090251,4.684957368580682,100,0
122.70813627439448,9.469430542162833,100,2
58.65077705896608,7.358262953931009,100,2
288.7708762132897,9.322261136799398,65,1
46.35054344859102,5.975929602257527,65,1
273.9914144876329,1.3805691129120925,65,2
128.5419294469746,6.754271064452233,100,0
113.35979746851662,2.014911606568517,65,2
69.39594027145465,3.4596859166773584,65,2
190.72690031025573,5.096179338129021,100,2
205.6584045032509,1.5736598206170072,65,2
140.27128867572523,0.207813828494483,65,1
16.71206870802724,3.2708593987069823,100,0
275.55304520656495,8.24315769088452,65,1
294.0987398629144,0.1537996120827212,65,2
129.3130245635505,1.0943393319461348,65,0
184.09824222279812,8.068548567367182,100,2
135.089587873124,3.058517029500241,65,2
96.56389526583618,9.382135144809826,100,2
23.195637857342287,3.8024414299229834,100,2
136.82031911918966,7.967039290844493,65,1
245.51536690783544,2.5878984126215467,65,2
5.109438326401072,0.6183123841550697,100,2
174.63230495406668,8.81554485714251,65,2
264.23163261800664,9.272964756495757,65,2
65.2648290043074,7.080996579892183,100,2
54.97675940671866,7.700678235961453,65,2
231.6829877105829,0.0712762009190071,65,2
76.52592933578799,7.538235176598058,100,1
57.595280268194536,4.7219638688882695,100,0
113.39677517077052,4.527904546142578,100,2
117.7506036810654,5.400699204704211,65,0
262.2303189049698,2.7121021620954933,65,1
185.53304158010303,6.962885548109021,65,2
121.7884369018768,2.955888720270078,65,2
160.31638928573005,5.586066379673802,100,1
286.1895699975822,1.3692722881153496,100,1
33.96440298296861,6.750756351168009,100,2
62.31465651740743,1.8961276455496543,65,2
288.7586119759666,1.7041398574808586,100,1
287.1974545581612,0.2428316236936667,100,2
53.149626379431794,1.2178577576981464,65,2
43.53264513758946,2.325702450789328,65,1
126.32554030158596,2.2230936068942606,65,0
14.915487746390731,3.276714292783325,65,2
196.47105968554203,0.5441641807711983,65,1
23.24880649852265,9.351980185199334,100,2
17.408888128284218,1.191758793476847,100,0
145.55608086265477,7.01963878962005,65,2
287.33599083303045,5.350731698495342,65,1
128.03878081894788,5.527888049141447,100,0
106.94434759816532,1.0551682552076649,65,2
299.3870146506858,2.432149421614598,65,1
159.59068823375503,7.798812944685589,100,2
112.57242206707456,4.636864582712556,65,2
115.75824400248057,4.570678172870574,65,1
58.48784881005314,5.459117959561343,65,2
153.6669172342617,4.338058885092321,65,0
131.65650845040173,8.061359310614362,65,1
81.23858890422402,7.487051978887123,65,1
48.162025980527936,3.170042168611793,65,2
93.37166060026613,8.120811131217028,100,2
152.60499830631878,5.186064301279183,65,1
17.499981685440503,6.277368332366271,100,2
46.1232085751868,8.661758318928158,100,1
284.2971800907286,4.759932492454056,65,2
162.8566053094017,7.562603625528578,100,1
19.03479109801136,6.280873591050443,65,2
207.9263276308719,4.267449412975494,100,0
18.54086102371042,7.890483663779525,65,2
221.6622681139119,1.0515911787021923,100,2
224.9888165160081,5.81220217308148,65,2
195.3236927247758,0.4641075737245548,100,2
219.6613633858049,1.5616912775467329,100,1
26.38973430391732,5.988736374111326,65,2
218.0341657065803,3.0760669659944995,65,1
41.00649591716488,2.624749887463456,65,1
101.85177218155314,9.558386920694534,100,1
282.82357605018984,3.659056228887729,100,1
150.86264329774204,5.647414702258064,100,2
290.22792962490416,5.342487712778688,100,2
26.676737666021268,0.6201842313798334,100,2
143.26697986895402,6.742757383605031,65,1
18.720696083061195,5.129013196708721,65,1
189.06307871978544,3.814171167982614,100,2
23.61210041055492,0.6601681606626042,65,2
52.6103407621132,2.930139849867145,100,0
77.64909302078415,8.840953758059992,100,1
224.62315549934496,1.737113733074691,100,2
49.18863564542243,2.193336397516209,100,2
253.98961598792036,2.052940310697714,100,2
39.57118164924026,8.908048192568335,65,1
10.5733347210469,6.999954827183268,65,2
118.51362569090035,8.81843063054802,100,1
293.83249259138853,9.137464998768332,100,1
33.102668336633165,9.279675351598897,65,1
30.515533211888712,4.857156128340447,100,1
225.3499532386872,4.762238510585629,100,1
93.6485081980696,8.289228402567668,65,2
215.18448516771508,3.3192667415198,100,1
60.00317683300901,0.2221112951992365,65,0
138.0215982594489,3.315477170153205,65,2
79.58696332467537,7.163503304053441,65,1
135.45846446372607,1.2361405161206929,65,2
230.72912777559117,7.847808578989094,65,1
228.6029821432985,8.15474317446249,100,2
154.73168630211708,1.0091236603434262,100,2
278.51155311631527,0.9783928644943184,100,2
79.13523073448219,1.9881214653295043,65,0
72.09340533576992,3.563893932541987,65,2
184.1419203526301,5.327335685966218,100,2
186.38911026503672,4.855419980541074,65,1
13.962011869492198,8.531684871920532,100,1
182.33331371606928,1.4223198707676998,65,1
112.33084720470433,6.975727221985694,65,1
224.23275759616772,5.488865852183968,65,2
242.43169936358183,7.3682482316222195,100,2
165.64614586411096,3.419464268291038,65,0
0.5115094506795259,4.713796287278779,100,2
190.9097430499926,0.2859298918606745,100,0
224.6643838997803,1.161059090769796,100,2
74.69497986945427,3.749956119618317,100,2
139.39380034223663,4.812547411151212,100,2
289.71798702353647,0.8574689306431305,100,1
89.43466601823104,8.249882491273057,65,2
66.94597531252224,9.46052362333582,65,2
63.25643714340304,5.963974778466019,100,1
167.64025030619888,0.5340192121671372,65,2
284.93613039240194,7.388262242378111,100,2
182.6070387601064,2.1716371228567546,65,1
90.99693607129798,7.336516921027629,65,1
191.57093342023623,4.343460151341297,100,0
187.45268927933623,0.5342665624479859,100,2
179.07754071889627,2.7874893915616097,100,1
47.8278620664906,4.270299601242763,100,1
190.37003980349823,7.3625034164345236,65,1
129.0493357543499,1.330692818300303,100,2
5.57761758691001,2.870016773280005,100,2
161.92934614424854,0.8353728090385792,65,0
296.7800235655253,6.158069879694748,65,2
104.92187725319506,4.742714989277978,65,2
289.66776549559745,9.290049453730386,65,2
28.861722498778363,7.405530031734157,100,1
219.7350347601919,7.778873625609608,65,2
34.2989983988506,1.6439257535675078,100,0
82.07147206658225,2.6662252051269,100,0
171.2522505966373,5.131395433859427,100,2
177.83390819302468,0.1348450088402197,65,2
232.56339517025137,8.701281436025356,100,2
184.59342216823177,7.777403819938509,100,1
178.08441131416822,0.5793968519521586,100,2
273.7059260967415,8.490339119731114,65,2
135.64822566274717,0.0448811481815814,65,2
67.5797336085165,1.142193185381878,100,0
48.53657550708908,0.5536455295769016,100,1
119.99837904284992,4.791599318407075,100,0
213.82582655810876,7.840497799188943,100,2
12.76304547897027,1.7853916183849006,100,0
38.71601595282184,7.714864611358258,65,1
31.834038031091826,1.8492478216061792,100,2
175.57504591543764,9.905363395376638,65,1
72.85939515937989,8.534745343000615,100,2
49.87782849041895,7.37186773823087,65,1
177.8312159229067,5.916884230915417,65,2
228.39297463571376,2.425481969382873,100,2
99.64647493579932,1.1926762198228025,100,1
173.46138170297883,4.603067520048578,65,2
29.437323959838057,4.026602542386569,100,0
280.557309137271,6.744809230266529,100,2
101.06885559443184,1.7008975134011417,65,0
299.2517079520504,5.621284670341204,65,1
293.5763267549346,6.9335021415032365,65,2
233.64703480074343,2.989662587066105,65,2
6.020128622090015,7.800142710819632,65,2
163.042476115309,4.318428735213024,100,1
26.05092613200345,1.6263109587770008,100,2
268.5414077884548,1.9477004696809972,65,1
236.89087579422088,2.788984119033826,100,2
291.70211297870486,1.5812626936165153,65,2
182.5148859449386,5.629195667366263,100,2
156.6518413453014,9.491411741951696,100,2
155.69215678331628,8.9607307923381,65,2
115.93451233630348,3.2375398398344046,100,2
140.60702016874228,8.646693217305891,65,1
190.6237749406051,9.540229614500529,100,1
279.88428226688313,2.941671403331172,65,2
178.76530147680933,9.052848799681016,100,2
257.13478269521016,9.974290643408748,65,2
258.8339733907502,7.97671809497841,100,1
155.64980275447778,3.902233199791549,100,1
104.24089244928648,6.08541604594226,100,0
191.87216199962432,3.6418664913562826,100,0
133.76320257445283,9.959612833537468,100,1
24.43226019657987,0.6785323770460527,100,1
113.3427301297301,8.93080325069653,65,2
298.2216414147975,0.74548133242472,100,2
14.553561007886165,0.4219782282403395,65,2
209.000073570278,9.399395165335465,65,1
252.35661152137413,8.672819374552915,65,2
194.6177710426136,3.6156174528279914,65,2
170.924469348987,9.575321883179834,65,2
212.26632509362727,8.618568776636039,65,1
128.8028211898967,9.019828757554713,65,1
27.408521192663027,5.951154862586242,100,1
288.71152629101454,9.583285362176072,65,1
129.69023099525882,8.095822077385403,100,2
199.61677115040527,9.399528604370612,65,2
159.39313106678858,2.815109354140355,100,0
16.401921593266366,5.320975673330217,100,1
285.8239802977615,8.67662829148675,100,2
237.761167834297,5.797290408667019,65,2
44.72936834081848,8.010983600506613,65,2
294.49466288648006,9.730969676234476,100,2
221.0704116515124,8.045628341134869,65,1
141.69649512849267,3.15359620611677,100,0
183.411016967872,1.1869938961420743,65,2
32.02100460437926,2.7274682578122067,65,1
168.12345300468328,6.627911215994915,65,1
22.09832160511782,0.1094436131482268,65,0
163.45657713579058,1.8971872709583348,100,2
165.80870662883564,3.2690264514456,100,0
262.3316355482232,8.752249436281742,65,2
217.5172500816882,0.5100414838744938,100,2
74.865717664536,0.4993615982387678,65,0
266.52784265635705,5.517825483693102,100,2
171.97279945440172,1.777662522056952,65,2
181.9138435722101,2.4221518015890418,65,2
50.6944107666535,1.8423610097934773,65,2
257.33207879073416,5.8160713759692975,100,1
279.2895345049632,0.5554774960666953,100,2
232.49719484847245,9.400000286295576,100,2
282.2257357935018,1.2313838541282829,100,1
90.68997123670376,9.51595502162114,100,2
258.3357505088313,7.781290304642634,65,2
146.66794285912275,8.280158862261121,100,1
49.17516088307548,1.7280823448560156,65,0
200.6401797100204,6.696470869545915,65,2
205.2360812117637,8.170721512964564,100,2
86.07735412700704,5.580355400503812,100,0
8.247999488271018,5.510747079043932,65,1
59.954177725669,1.5941333650085454,100,1
119.93326430216602,4.142324996035662,65,2
50.26887331796056,1.505399601266335,100,2
58.20898447188125,9.728577587102688,65,2
117.41719931468086,6.848500086304599,65,2
288.5359842925681,0.4842192573086412,65,1
229.2730546222945,4.767679134133812,100,2
95.92452036796924,6.379641500339375,100,0
285.4812206755645,0.956403808313977,65,2
193.6940376776198,6.649885753298777,65,2
136.63489339204204,1.7730524582110752,100,2
140.49005968654413,4.078794048602129,100,1
123.22334035061756,6.255540552717033,100,0
69.8976157637819,3.650541210535889,65,2
115.98965766411172,3.8088419745413526,100,2
158.36891521301777,8.436152997646714,100,1
158.4082052190663,3.092648416701506,100,1
228.5210706637554,6.551943239238213,65,2
107.63935714720576,8.49152660246981,65,1
215.0394087911857,1.5264918280132556,65,1
173.4275516306054,0.4592797900250933,65,2
288.55362135805035,8.255340437806526,100,1
115.5854778101948,5.511307916291836,100,1
270.3649392782371,8.277012989039136,100,2
246.19276418948684,2.1303563399009557,100,2
191.29928537683708,8.326322229183855,100,2
196.3543400226352,0.9531041391479922,65,2
25.394980381923205,8.832030341481735,100,1
285.06738167802973,8.225336628857866,65,1
32.08081904872317,5.673347329465791,100,0
168.96999262305212,6.083398929991,100,0
99.02124013474636,3.4584419675811704,100,2
128.95559348695554,2.0161615436012847,65,0
183.05490325104512,4.554380922149268,65,2
272.65541336469647,6.574521147910247,100,2
137.27013707169044,9.98464859894663,65,1
296.3188665919324,8.172530659019401,100,2
177.84361960544993,4.343078366603805,100,1
48.16618279265234,7.432478528619959,65,1
57.002788449375686,1.0804750268884866,100,0
214.8333106767753,4.150360469545875,100,2
15.119338273014527,4.249245820427559,100,2
144.10247286666805,9.988238112132406,100,2
44.46573294105498,3.910149639426913,100,1
129.9655905533535,0.8328160289976461,65,2
224.97522662151584,0.6722795141592464,100,1
137.64387847243026,6.9838438493148844,65,0
49.03533269427809,2.8909308959640967,65,2
75.57761110699272,8.689134476571722,100,1
110.26187659565473,4.829476936536209,65,2
20.86835504592441,3.3037238460407203,100,2
175.30129082433658,7.591144997538713,65,1
182.26013738341504,4.175325114778325,65,0
18.64557813977024,7.373833274759604,100,1
120.6933963522486,7.140919310178846,100,2
124.20020486541748,7.232114389413725,100,2
100.14587056578036,8.571218722868712,100,2
167.32192209933356,8.48399397502638,100,1
103.78724701803354,6.646082503659578,65,1
124.92278384334182,9.569618719323133,100,2
239.25706423248167,0.207274889894603,100,1
48.63280662906043,9.304229109365174,65,1
185.73440859102627,1.4825342033340905,100,2
151.67832050725366,2.1164306869159666,65,1
91.52149124380472,8.173990490178854,65,1
218.2603969471232,4.004354826760847,65,1
165.3565078623444,4.2531044222764525,65,2
143.2084580882086,2.6122696110903,100,2
200.30079443136003,2.2444119491544035,65,2
240.68709239440824,1.0624045482499866,65,1
291.8006370100729,1.9677122046261772,65,1
188.80511051291205,5.667463474468331,65,2
262.33199562011487,7.066088822241175,100,1
0.327462306887083,7.388392763085787,65,1
159.07070781776736,3.70123195540042,100,0
64.39426463105943,9.219547763171375,65,1
28.25773712494115,3.287280566471915,100,2
159.59130511931764,1.1113664339848672,65,2
224.04795184472823,9.452227690121289,65,2
123.68175674231392,5.406771412477864,65,2
201.03223480333045,9.713762221157648,65,1
146.915776152285,3.936665531831072,100,2
131.1257597878278,7.573932834027498,100,1
87.07699213075819,1.099367267345723,100,2
114.77805435030136,8.540791315932173,65,2
104.93868923832837,1.7069980545112995,65,0
193.85615520446444,0.6867907290784758,100,0
34.80555338374186,0.9775327175316416,65,2
27.7909106063418,5.573755928763429,100,2
198.0038982625381,2.918735405623888,65,2
163.88942096366424,9.609543230755714,65,2
129.06002902279727,8.526765924120571,100,1
45.73286532237106,8.033077478272528,100,2
123.30813356079344,8.096384662616916,100,1
236.9195289960035,8.906773277845263,100,2
266.8863707367771,8.652101099563703,65,1
210.77297098926604,9.282075631059326,100,1
17.973652764264248,9.343663229817036,65,2
201.1229329803356,2.9832132555804227,65,2
72.29567686388837,2.195641697366049,100,2
94.57537290792152,6.430981311521917,100,2
58.76196238799536,1.23331214925395,100,0
232.72673718606137,2.1114511373253,65,1
194.5806367911837,7.729566723522448,65,1
183.55051637975427,6.49335427758123,65,2
200.39178290078283,6.508519552883159,100,2
71.03167842117102,9.506384961859668,100,1
133.39332429760847,6.676244613727844,65,1
189.9761164646968,4.308071478953952,65,1
190.97820828549013,2.8033243404693065,65,2
237.5555588265392,3.385553822540144,65,1
86.13119000643317,2.778134839836728,65,2
231.10083650904676,0.3498806508071095,65,2
132.0553441850807,2.615740222827303,100,1
201.05180761768045,8.353700679620378,100,1
136.71581401958605,7.282289927772997,100,1
284.58305093728296,6.218382488876298,100,1
53.79067942249334,9.022053661553857,65,2
202.50152657470716,2.6412504205773546,100,1
172.96050023044768,5.776844407878398,100,2
51.81931228432338,0.3132642436005317,65,2
19.80190074350038,8.920065454614013,100,1
239.74331669149907,4.477369461516445,65,2
47.23540009387956,1.7787142993123617,65,2
55.9520048357328,2.3931661770525823,100,0
293.5302671967118,8.482390783296475,100,1
215.17825544298924,1.0880616329778392,65,2
75.14605248036675,9.252027440280624,100,2
177.28468804548038,3.734626557914974,100,0
160.233551520754,2.5108526486235103,65,1
253.3419802541543,3.318586937448189,100,1
218.7962243497873,4.089832198214342,65,2
249.5163376479557,5.481131289020319,100,1
63.45197639320873,5.868074942897048,65,2
192.06576131010155,4.4781927508636965,100,2
12.072257525514097,4.463639079012585,65,2
20.68218368376603,2.852997858078681,100,0
214.0581098113792,3.838097597433485,65,2
7.326030793179406,4.671383377594607,65,2
173.92950267015277,5.975880235625633,100,0
252.12152953335905,1.3069987900543634,100,1
113.98254252540858,7.639737946224304,65,1
13.452131051973836,6.805712306998642,65,2
214.15423488861805,2.9876784978359483,100,1
278.90593573924525,4.5934394225906185,100,2
215.15141761748035,9.469289813292784,100,1
173.53417290083257,0.2047738214023431,100,2
69.00864896371802,8.113515984638678,65,1
4.612687213349098,5.117247049985317,100,1
208.401632543716,6.188124919542187,100,1
69.30785275328789,6.845325602172624,65,2
257.44880315470726,4.560201893210319,65,1
139.9092356497834,1.9185960190220752,65,2
159.19067471173688,9.095905649474766,65,1
226.18096327991,7.40190756149783,100,1
233.82918234100296,5.595896982706476,100,2
192.79524992417043,4.484563893258351,65,0
281.5295446238229,4.993316283558479,65,2
294.6895308961258,8.235382080304637,100,1
284.06563331238505,0.1250340686098605,100,1
247.25375560318307,8.65334994085471,100,1
211.68756607327543,0.4675197313731183,65,1
198.99775736450027,6.159130664662883,100,1
31.12505307616017,3.3312257248366963,65,2
81.44530404573375,6.78236279375819,100,0
1.7064670588131103,0.8554291592996288,65,1
41.22296107019756,5.56232545412449,65,2
131.7688431507565,8.55234217493191,100,1
43.960965236722,4.946378599704953,65,2
270.49902440302736,0.8434660185123666,65,2
241.70975560058457,0.3737842475507569,65,1
21.483573626855467,6.212013488102056,100,2
74.67411464017981,0.6953057612414115,100,0
245.72156538345263,0.7128887210811641,100,2
240.91383796796205,4.254395060107285,100,1
283.6351650353366,2.0950831858953167,100,1
299.26432848520807,2.0419589410671013,100,1
292.88101897233656,4.809762149456699,100,2
123.04139571643243,2.8080172732142747,100,2
75.09853314060967,2.192664942115845,65,2
227.52305712811875,5.1441448828945,65,1
89.78186782320924,2.9088373923896462,65,2
241.9201080393989,0.8022043531638945,100,2
160.18641911937732,6.827390706070622,65,2
238.17818257048617,5.856080205370945,65,2
82.76396391510313,2.1211713909193053,65,2
152.40819466614624,5.822463994478725,65,1
169.2071380806546,9.555896609734708,100,2
282.9324203160396,9.56478550717304,100,1
79.97927304912518,5.31942410324527,65,2
281.0064717854684,0.9802971603291089,65,2
241.45767463971475,4.581855287065817,100,2
219.26821622600855,0.2698338365163211,65,1
236.06108075553755,4.152012799751491,65,1
181.6275137640171,9.09418835037262,65,1
73.22400313874576,4.674436907406102,100,1
56.84849065195582,5.504873806392211,100,1
259.9024307551172,1.5803650252481594,65,2
217.54182077874995,0.1565065223214323,100,1
63.96128482828472,9.933839887655749,65,1
184.5280097623205,3.3825727599616595,100,2
134.26394442426715,2.7934998249551546,65,1
47.59655098892818,5.712816532238703,65,2
159.55713280714932,7.453185330222183,100,1
84.45572773992518,2.51407797997,65,0
28.873237247271465,5.241238498885746,65,0
140.08748956362325,3.326356255353104,65,1
177.03256562806854,4.809655076830037,100,2
14.071923114345154,1.6130991377323012,100,0
120.62782482329904,5.101182798776449,100,0
77.29857595100559,0.4734700273320202,100,0
9.195177212169725,8.399973337741988,100,1
37.698764883451744,6.276596466245299,100,2
41.71024764551326,9.414904308480027,65,2
54.86227443539134,5.997319144454286,100,2
241.01327143137635,1.82166084232438,100,1
131.84755994344175,4.840507597171934,65,1
44.12579768111606,6.646954268241627,100,0
30.089090078366777,3.742233415152789,100,1
89.38213761871172,5.526496803435799,65,0
239.4046556113357,1.6268851112319915,65,1
109.33795438189304,7.771241584188472,65,2
47.96920808818143,9.09529968936054,65,2
121.23485446384798,3.148765782309865,65,2
166.59346718611724,7.933313883855585,65,1
8.875255091404155,0.9194552677390466,65,2
188.29254043205196,2.4670449027101404,65,0
118.5302259044368,4.618700664554281,65,1
2.917762539358315,3.8640712412950906,100,1
202.16681968391427,6.196257858927499,100,2
213.71629066879444,5.62984995992173,100,2
188.65193656760485,0.872719850418815,65,1
102.57906527952667,1.316944058870061,100,0
158.88145621978833,0.5171162736109081,65,0
116.1473118400306,9.52606716162192,100,2
210.18651904790832,6.453442444845857,100,1
175.0740558701066,8.555843954190156,100,1
24.539734148234928,5.412638824270182,65,2
192.92806746569923,1.9383818727885893,65,2
206.17152430134047,6.266008797459321,100,2
111.21065418440982,5.053389300922474,65,2
262.7357342879113,4.081923354558905,100,2
252.9043064534888,3.718052812450511,65,2
52.54995716992136,6.500765194840604,65,2
271.27989254576056,6.177616529946296,100,1
132.26171144852324,1.5156595803891315,65,2
217.124895790288,8.1622205383446,100,2
244.2291020901708,6.3609124497758165,65,2
151.53372632090696,5.358084664073437,65,0
119.73058181124472,7.489175202765641,100,2
274.6354105845295,1.5366636672281764,65,1
69.25606588062696,9.197161658267827,65,2
77.09102331574334,2.705872046339892,100,2
108.48609420403112,2.6275737306111777,65,2
257.83973339116966,8.149025513261611,65,2
281.63647926392275,3.339912051558813,100,2
66.02031442645855,8.307082212769568,65,1
259.1610442893736,3.280098749024863,100,2
77.46088784057079,5.50687983978904,100,0
291.1923740249664,2.3084494278710976,65,1
179.2223675944747,7.315203705938405,65,2
2.1259402342147182,1.6694110381430003,100,2
10.238971221353363,8.994314860954711,65,2
44.245359241412544,3.716488304234865,65,0
56.27194734562701,4.715744816412769,100,2
230.285736847979,0.2402189383677166,65,2
66.82976292508496,9.75789966085688,65,2
290.74248601495793,8.13175319768353,65,1
190.8336171608815,4.47008907267962,65,2
207.75525277605533,9.202613390774264,65,2
65.34495578556225,9.310596358226888,100,1
267.81189422852543,5.3305212162826985,100,2
200.34437184597945,2.338507914733705,100,0
259.3216873025592,4.871103346434529,100,2
286.9443291693681,3.247986070941764,100,2
37.69229313287893,4.479856290105973,100,2
28.9761690806837,9.113920307880752,100,1
241.02234797689076,2.818345859290771,65,2
259.8378177282511,8.389667946854404,100,2
175.1284262633957,9.353010541718575,100,2
109.80016432515616,8.050527875450753,100,2
195.7888908225671,5.272533436388768,100,1
91.6992217777372,5.639773121203394,65,0
71.51570764604045,8.19634995719953,100,1
146.44356285817963,0.4450081347360313,100,2
64.84614828191391,7.359299907868354,100,2
145.11108249455188,5.288674881796421,65,2
286.9819516390716,3.971374429284489,100,1
251.93521068521716,7.66927680682827,65,2
282.4892758500067,2.6624722768987485,100,1
241.8986924542076,8.955337277145652,65,1
106.425280783883,6.8848777831403805,100,0
243.6135715654677,6.101555896352644,100,1
276.8747230659642,5.2312029419884905,100,1
284.1107363511163,2.12757658630509,65,1
204.95935520549912,6.169449595305448,100,2
63.40999314453395,7.249139803524669,65,2
11.918746009407254,0.1168971786355932,65,0
44.16006844804673,3.6641914766720185,100,0
289.6640753681836,8.324640972876539,65,1
138.62904725783082,6.322107934367826,65,2
256.49580444961725,6.152704384238086,100,2
139.51324606748733,2.286126851226337,65,1
198.24527503795184,6.320887334765307,100,1
7.242233136700094,7.861500672955101,100,2
74.95948281581003,4.017563848625118,100,1
130.8807840127768,1.8209214534304683,100,1
189.18931414624896,0.7727425829522794,65,1
51.45635641595355,5.056956664484349,65,0
229.36543928114705,6.838585931499565,65,2
109.3214118408712,1.6263926092975578,100,1
245.2305807701653,4.214436249546587,100,2
29.39072711852019,5.686432091443747,65,2
203.9269763047116,1.558584239033678,65,0
87.99849996195306,2.698899531093465,100,0
238.61495223678537,6.084133860861324,65,1
120.65112811272316,7.250239406185392,100,2
199.60488967906997,6.359934043418971,65,1
280.29158059094203,7.136342123503726,65,2
6.1879896041293065,5.815044788750149,100,0
3.335034700312089,8.358329113838208,100,2
231.08377565301404,8.26735970871476,100,2
193.91791545242344,7.962475338544346,100,1
87.8939161513298,5.75458122131831,100,1
148.3190108322787,9.941302019380815,100,2
12.580699679660622,0.3911201381859774,65,2
57.73368160837224,1.9565309990488744,100,0
127.34891235815024,8.088772930153707,100,1
250.21332486644468,8.26292518921524,65,1
143.90015485802545,8.187528212410646,100,2
175.90875135779362,8.72713936059417,100,1
262.1261375981341,4.226079360761709,65,2
92.64567407665358,9.318335219365338,65,1
210.2097963306168,2.09170478324485,65,2
258.500177603476,9.369484890451078,65,1
60.78471020885302,5.56678519625115,65,0
106.94344954434976,1.6388407215584788,65,0
293.9430521668065,7.360771069630338,100,2
294.9655694388633,2.9587926530253505,100,2
66.96897908818137,2.204575831355009,100,2
19.933751667788435,1.7207526969329543,65,1
81.27648339301587,0.29405314036131,65,0
119.31958719110618,7.646540134633554,100,2
132.3016802793491,4.865042728662444,100,0
185.64189219912708,9.787321469668075,65,1
269.8508280394639,4.392715708882978,100,2
99.10440357214874,8.433505485365966,65,1
254.99536064976252,9.68094633034968,100,1
28.043676277988077,0.2246206962439079,100,0
12.562409691964415,1.0531889064984357,65,1
151.21355493703837,3.4786376978182334,100,0
17.89866699918147,8.70116187772296,65,1
117.74694037026904,8.379504467636632,65,1
269.0334350607704,3.667350240852151,65,2
72.44491086224201,1.999040307411092,65,2
211.79273253747093,8.023208818159056,100,2
90.70961771702008,5.969145890621811,100,0
13.47601657264068,0.3160046733992883,100,2
167.0071744230928,8.042159327204306,65,1
250.4560471610255,9.56960866359293,100,2
122.84053450278584,0.4208699164934759,65,2
185.18814793742607,2.8587360281501906,100,2
270.0070792973178,8.194649758479372,65,1
236.90835382109637,5.846496826863526,100,1
58.16291981784579,9.89356224660474,65,1
220.01518780950173,9.155030040013848,65,1
150.5679075480456,1.782715463258302,100,0
223.79004236582543,6.740282646394133,65,2
148.35466515666545,6.5328698007528665,100,2
38.38744923249086,1.1085727955518776,100,2
170.97283400677173,0.8951893664500477,100,2
147.64019771920198,5.694441170406773,100,2
155.37652009243254,4.029731301837934,100,2
263.6707360937611,5.454459152092675,65,2
268.4511140118754,2.388284549093096,100,2
136.0611320297155,5.566630351737095,65,1
136.7196123840265,3.833953018042254,65,0
154.5560876617848,8.875375179937233,65,1
155.87678350027707,3.060866626622303,65,2
285.1161432537338,8.70834554126059,65,2
194.82014021324804,3.899923627535231,65,2
83.23709846638319,5.7816588862195495,100,2
159.461039086197,2.8637704020974617,100,2
188.1670748723949,8.09088950259691,100,2
191.93151630418936,8.43646554009774,100,2
175.5762678714548,8.090503772174257,65,2
53.320846386461206,6.398364724874087,100,1
10.077956723852244,3.047840973083749,100,0
101.35291571005632,6.364882997680371,65,0
128.25664636807608,9.595116774169105,100,1
18.54127187282598,6.483853537826265,65,1
244.49020140595383,9.563930075226448,100,1
103.22323125308212,3.045804527421032,65,2
274.0898238535514,8.460010706679064,100,2
46.32303235267955,7.184684836356347,65,2
17.08048708119403,8.19204086633173,100,2
144.69483131589652,7.107629667221267,65,1
56.738801047712,4.803628651706435,100,2
281.21978267335834,6.865749800288384,65,1
3.0910195361216863,9.320899127098418,100,1
123.78590251771048,4.175411838304244,100,1
278.0243314035505,9.517452922729609,100,2
115.32546201893052,0.493999865925564,65,2
27.932784180138228,0.1417268193799115,100,0
90.86848285853613,4.938028527258586,100,2
149.40311815033004,8.485129521578092,65,2
55.54550620299993,2.478353593303696,100,2
139.96851154297858,6.934238558478305,100,0
250.90295873575124,5.46904970873308,65,2
261.7853910589839,2.9079510898186154,65,1
14.778220413219634,2.8579339372217683,65,0
48.27100741577205,0.7327620077727193,65,2
82.58704073004125,5.362140230741099,65,2
178.45975526628055,4.501409133320443,100,0
108.29842763774012,2.8942301829800856,100,0
253.21227403382264,9.704323583700267,100,2
215.00156048488128,8.18474749048009,65,1
30.136806934052466,5.249508423024674,100,2
187.36725075362736,5.217042482234485,65,2
33.90378760409353,1.9361168488586469,100,2
76.51070089093803,6.491272371372258,65,2
53.36119006026841,9.536354932363338,100,2
51.91858476021148,8.982895107607705,65,1
184.91865743305777,0.8477102725510055,65,2
169.08147676624844,0.5309719064580909,65,2
52.808445836318064,9.612450460281584,65,2
297.0518416255295,1.9990584534360711,100,1
126.55101971048812,5.50414087371273,100,2
29.12079844648099,0.7470980594293297,100,1
36.17070508653454,8.432975574322864,100,2
175.1681141179784,1.1786451158659828,100,2
293.72082101504185,6.437571480993103,65,1
171.58533048575936,0.56627980179349,100,1
284.7124429849911,1.566718764438576,65,2
133.23985522740804,5.121410776433252,100,1
130.7523310956036,0.4568525843906346,65,2
150.00220779476467,1.9561277372189856,65,0
209.22763744666656,1.3617230320916651,65,2
110.2847899353998,0.4057503078850044,65,1
259.1658098036871,9.709967702164128,100,2
8.78441543044387,4.501662835127005,100,2
131.9292585085327,8.58935824585478,65,1
153.29755499397535,3.5822275925375866,65,2
182.10967147892885,0.4259196948475474,65,1
82.82157370975898,6.956537711305511,100,0
128.2439912957506,0.3875419122793699,100,0
145.361325064217,5.527822218009773,100,0
206.072993604964,1.3911201722153954,65,2
232.06325542074416,6.708169732531327,65,2
221.34819820313612,8.92703902513833,100,2
102.4749156868756,9.557638056834511,100,1
299.83515689758906,5.277763513504874,65,2
254.59959353615383,5.327037214920525,100,1
78.00701194349068,0.3827904682605187,100,2
58.53174170184826,7.698761428789026,100,1
94.20637517501714,9.562084155287296,100,2
135.70345589989347,4.382341238205752,65,2
255.2398134958841,7.936920969109725,100,2
233.50867913836032,7.974564902529456,100,2
255.3738370517628,7.857008567790105,100,2
81.58713447309854,7.586809663987905,65,2
178.03836673555085,2.1509673667359563,65,2
84.97471868321233,7.51424870163106,100,1
32.706948215847945,1.443953811426587,100,2
205.2593230424042,7.12503036424561,65,1
42.89926535863163,0.0353878782163497,100,1
200.30932851194143,9.188250381679133,100,1
194.38929147162276,8.27388811793592,100,2
243.0745333272051,6.829634607290247,100,1
41.86638136906932,0.9446777906975468,100,0
235.04404455264327,8.249885515593165,100,1
299.7829577838711,8.751738143940646,65,1
255.31273457577063,6.879878035234844,65,1
225.54362289829987,9.758866341067728,65,2
198.6496064084123,0.9287936845728872,65,2
126.53444540562884,7.086495819268754,65,1
219.15005036748067,5.247960346509216,100,2
217.25341054213595,1.4560612881076818,100,2
189.4494848061865,6.584141132768266,100,2
238.88351348934853,7.995282251267609,100,2
134.6291665280504,1.647482411411867,100,2
36.3758136397172,7.934907105441765,65,2
167.72031828277122,0.9297062266970546,100,0
79.51305861340279,5.914001110406538,100,1
115.32992922874506,7.984701094378824,65,1
5.224471182367807,1.4595683414299154,65,2
114.837176375365,5.715190947145378,100,1
242.6403318406364,4.248782139325751,65,2
162.81671008147646,6.072753871796142,100,1
2.940158080191313,4.242217004099648,65,2
140.9531460719542,2.509118689221046,100,0
87.43549429362223,2.538108990263748,100,1
143.26519661915134,8.647001870307227,65,2
121.40781643436311,1.5645431795312237,100,0
279.5937658672145,1.2311425121332795,100,1
12.353189688904742,0.9707914370546212,100,0
205.0764033845797,0.7415476634728724,100,1
255.30797889052243,0.1449218911181804,65,1
287.77157539514263,1.6040583596478877,65,2
53.29086796328877,1.9272743490335051,65,0
159.39144058985818,2.697240602612736,100,2
13.076873195163577,1.2403948013757915,100,1
149.75505733652656,0.9415585392028992,65,2
37.637426862294575,5.414767257001557,100,2
251.36900240961404,7.186864427149057,100,2
34.16100078160945,6.301871773665716,100,2
153.9865081159486,5.567063689611976,100,1
156.32882069782613,4.405637721449968,100,2
291.49514937948163,6.339802481057929,65,1
196.49420821166643,9.018667707279969,100,1
86.35208792304057,6.274184214806877,100,0
72.23979298144154,0.6086108199470874,65,2
38.474461693519466,5.7041888831322325,100,2
226.95441721471784,5.242144580716239,100,1
207.2269968547016,4.5202324751568,100,1
182.96313819243176,5.687953100031541,100,0
12.252132884996502,6.72617662805434,65,0
228.84865991828835,0.3726009309778499,100,1
192.56627314454377,4.802008939925013,65,0
289.1666604331465,8.172280331031875,65,2
176.16063896304362,5.307772030827502,65,0
91.18557199851244,0.6785778951771682,100,1
114.45616565679607,7.750699910960956,100,2
52.75221161346975,9.413315573960473,100,1
216.87425466041557,8.518439579993276,100,1
212.3164980065176,3.625687995640844,65,2
60.19500464330287,5.348238386854501,100,0
47.54679695468358,5.913121563637303,100,2
23.101479960658377,7.157985863286739,65,1
273.5927231045276,6.66068791706841,65,2
69.92095010845534,1.9907146656826915,65,1
103.2490580255412,8.43038389764221,65,2
84.15135251324719,8.491823932278791,100,1
124.08738078323732,4.043515735784632,65,0
214.214639814745,1.3091469920929275,65,1
261.1786901178853,6.085667462586573,65,1
54.779624858562045,3.5725992793701056,65,2
205.92370312234956,7.413906287144535,100,2
105.76864267274556,3.156571051090822,65,1
294.15815048918785,2.6299927582891227,65,2
89.67574778522305,8.677103715760776,100,2
2.157886802357989,6.158205355576581,100,2
154.69199220595357,0.8599164334891518,65,2
45.21932528278132,6.893628472487631,65,0
13.34832804551973,7.5273355140130525,100,2
209.48076958431253,2.3520361343330687,100,2
219.67778475253692,9.67656347628024,65,2
138.20970393495077,3.7285824655741817,65,1
203.0656550269732,9.405738497374,100,1
161.47183447414017,2.9361692341972665,100,1
188.9403323165795,6.091959811824065,100,2
179.01119195638836,5.1756986563646254,100,2
199.74682921667767,9.921585439371585,65,2
59.88919460195138,4.083556093405944,100,2
80.61198601101006,1.7929066347870692,100,2
131.9889448523076,8.332088631001625,65,1
133.8384028257559,0.4204416186379001,65,2
232.32351347607127,8.849560288420035,100,2
110.2180977688596,1.1058949341845148,100,2
48.75154681775471,5.720124379700259,100,2
75.43979114732277,7.134153177216462,100,1
64.42005071526852,3.3632334059448654,100,2
219.4980057768066,8.447414399072859,100,2
141.10188438779463,5.93704969395665,100,1
212.58920939129504,3.951558903721904,65,1
124.86590422728808,3.253635301229054,65,2
266.9206807511716,1.1200823635565582,65,2
295.05609231682035,6.403635609608673,100,1
200.95275261078348,3.6404294633312686,65,2
259.14376717086566,3.205605485389965,65,2
152.3799801516188,9.49947982385804,65,2
280.3862521061724,2.7279758902420426,65,1
249.4759457018484,8.765651106968745,100,2
297.5335715298117,9.74896022102599,100,2
186.92812059833415,8.227399488268741,65,2
233.76202208046857,0.1951706326246682,65,2
162.86044199346404,8.68623990039137,100,2
77.73603128142685,2.1341533721810517,100,2
106.42655133892733,3.532776258508198,65,1
268.2016244193948,9.915831928618193,100,2
16.78438397958617,4.049778594456094,100,0
177.44396582232244,6.548348906748201,100,2
111.7452097512326,3.107191871312145,100,2
116.00776140166673,3.694286686683304,100,0
265.3713619241302,5.976253284562725,100,2
256.14671236386795,9.48285745751583,100,1
179.6527126717406,2.824555647977561,100,1
81.87565422130018,2.4736600704314373,100,2
142.6369038486072,0.2627456031378128,100,2
122.4880181367648,2.0210880331197654,65,0
106.0854087607486,2.6241255486961066,65,2
30.835673567188927,0.628757569783529,100,1
162.93416601459612,5.636087787025711,100,0
90.54938936234508,1.2676436057506824,100,0
198.24238287825847,5.110763989919864,100,1
95.76118074765922,1.8898131907785165,100,2
129.34904794044053,9.357255016134928,65,1
15.70811225832226,3.0709756170129943,100,0
297.7614209716433,0.9292847481624544,100,2
152.28311498255275,8.361543253914007,100,2
7.271278249251845,4.0203637719033285,100,1
162.36919762834322,8.201209154888202,65,2
261.1061997916949,3.124895831368173,100,2
231.7656402798608,5.000377757737882,100,1
210.27200523883624,4.453573021401241,65,2
41.83939637971047,5.579063506309532,65,2
197.3211236962417,4.016511853514107,100,2
229.88951340367808,4.96802150626242,65,2
171.72571918964897,6.793275175924674,65,0
267.8247013561055,4.146827782946909,100,1
83.09693453546562,6.8440474642047295,100,0
72.64340992177517,7.143019192182636,100,1
260.87092348279384,7.489267656439594,65,1
187.6194728974357,4.709368360406005,100,2
0.4341661562997978,0.0379008043844597,65,2
105.93942255331577,7.53511072664483,100,2
257.35679574440235,9.090851179232866,100,2
8.195853492522986,6.526178754545597,100,2
0.9743784784526645,5.245470241127357,100,2
84.37778715753893,5.595913257775841,65,2
274.2000111027834,6.408117587256513,100,2
270.4432744410049,9.985246449493715,100,1
155.62858374045237,0.6205593784212471,100,0
165.97106134188678,0.2118289725382138,65,0
99.60240339515664,9.641679798548717,100,2
73.12099860834296,4.404746378390567,100,2
244.56655626363548,6.123536933195347,100,1
31.88845814989243,7.534409448193379,65,2
146.20631126359072,7.420962301667162,100,1
190.3191778491253,6.471941931347221,65,2
31.104087111308765,4.718915380138919,65,2
155.88212864170384,5.760782509111123,65,0
173.25638637373294,7.296460163159876,65,1
222.74881815220945,8.508145164357192,100,1
70.45081474425986,1.2730404705016618,100,0
87.9982509872275,2.7795860462031587,100,1
170.85634398991004,3.975947591066645,65,0
294.93792299448427,6.65498262669918,100,2
65.24795484603433,3.9567141468796496,100,2
295.77114813703923,2.388850474504963,100,1
214.3027599163444,0.3314297977827274,100,2
247.82462088900692,8.425079412233755,100,1
26.892380470901767,4.1893376292112166,65,2
90.12605622918969,3.292289989156428,65,1
17.320883895294315,5.308262211269705,100,1
111.46409850095256,1.2291978669292214,65,2
294.3868979760156,3.9735835809715647,65,1
31.581918661901543,7.5178573799957,65,1
168.71183471135984,7.361174491492485,65,2
1.821186844143696,7.718963632997901,65,2
213.8048448132188,4.674170921022291,65,2
59.15780771161232,3.6891372423754754,100,2
38.87536113742888,8.31440498555537,100,2
101.10534364823629,1.7329103788778633,100,1
231.3132893816945,7.251377801454165,65,1
31.98392589336324,8.879472934965285,65,1
68.95169873960862,2.861522782941136,100,2
2.539326485192861,1.9779542221686552,100,0
290.52445880868544,5.125246047037462,65,2
177.64367999665916,2.1639068191539765,100,2
215.96989091540985,8.707685182029014,100,2
195.41495134680437,2.4441690100751923,65,1
43.30936766090231,3.139659214637672,65,2
178.48198169819824,8.884195415912142,65,1
39.42467854237863,2.056216199692914,100,2
120.37093618893836,8.84784025866664,100,2
170.6889407775879,2.098029593968395,100,1
167.66433423064677,9.118056614440212,65,1
35.72202779482229,3.176419030961477,65,2
10.330790893956651,2.462345914681656,65,2
239.4702941621441,4.77189771013983,65,1
217.7767310988016,3.692235033229837,65,2
24.545671369421417,2.017496870382438,65,0
38.22465564046603,3.383537980893472,100,2
267.7751329168861,7.132293432218551,65,1
230.738670486534,8.31900638090606,65,2
298.84808886500224,8.207618315441728,65,1
76.1962347615065,7.568172484004919,65,1
146.34089666064446,0.0543515248519144,100,2
70.93787281870671,4.266039471220747,100,1
186.8400415431929,1.6897217763132544,100,2
34.6242717273954,0.7347582588372925,65,0
38.17295182290993,7.358820482340662,65,2
21.566367421536796,7.934798704255391,100,1
208.07582467925008,8.146166468247502,65,2
148.22177322996205,8.903107953631121,65,1
185.319364906389,5.900481909412298,100,2
263.7903139768077,9.981297998052176,100,1
222.0985454266076,4.837226403118411,65,1
138.5168754500073,8.834989988807475,65,2
295.306796518268,1.1294076490298144,100,1
136.87683034259197,1.4892350059542814,65,1
33.73520197005996,5.903494445741644,65,2
297.7964241758148,1.2413477192173794,100,2
6.84621900445419,0.7530063817259625,100,0
164.96506784632564,1.9606463220628256,65,2
92.72864660991276,7.875368648371563,100,2
151.06564530509544,9.27458005346795,100,2
167.61388577835646,3.3346732244053423,100,1
72.02876888354628,9.747558404792269,100,1
167.05762672117856,8.095504663298836,65,2
226.81833360166124,2.261077166295599,65,1
79.95295117319951,5.8611499898698565,65,1
115.02783999417213,9.817934146013451,65,1
80.47280794921737,8.487858128240312,100,2
246.16791929646072,3.6335908278964704,65,2
217.494677762879,3.0632293516218887,100,1
261.3589311655222,8.19254148249039,100,2
51.01496787049778,5.491651967315708,100,2
22.073891447925465,1.634425153308141,65,2
35.81505115760201,3.2783255838381145,100,2
48.30549984727092,6.618129773737525,100,1
159.9247982024407,1.5315888413930367,65,2
291.27362110882945,6.987162074067506,100,2
107.1706249850346,7.099287614675898,65,1
287.55248080806155,2.707463549613389,65,2
11.460238496753917,3.980305718317844,100,2
278.0616608443975,9.354506645712664,65,1
54.34578219149135,7.4917578781496355,100,2
273.74249571580464,7.878106555662223,65,2
16.86822903463835,5.162651897723661,100,1
284.4658342485098,2.131399308508449,100,2
60.23947929565825,5.912559126168473,100,2
90.8142180219482,7.721042901500023,100,2
147.28270323088742,0.0388326423797813,100,0
114.21626437064256,1.1377625326550966,100,2
200.25839077894497,4.742941157580784,65,2
292.4423301750232,4.371961474432654,65,2
181.9279472414822,9.82283045794986,100,1
216.4456228309648,0.9215290059722304,65,1
26.40157509171045,3.23686362548782,65,2
188.3437287210016,8.151104275461831,65,2
136.15493311392396,6.124275936363642,100,2
265.7347073758885,5.616144412331372,100,1
116.4633298929306,7.412010385838265,65,2
203.83624321497567,0.3998301055573561,65,1
68.44611847772373,9.474916983672234,100,1
77.8117600572588,1.9126394937673552,100,2
112.83672927668208,0.8183752680265921,65,1
91.21906125195082,3.3895357757241893,100,2
76.16365181702245,7.023562326336653,65,1
14.900611770242788,2.314832516583968,65,0
251.0238995257377,0.498612371299687,100,1
19.29045926738529,0.5741284650090861,65,2
266.2096546808903,2.5657702010113246,65,1
37.63961672041808,1.3527385555252036,100,2
19.57852111879771,3.724331104816309,65,2
168.90142919420913,1.7307308404945798,100,2
150.73253777241652,3.4431433768409647,65,2
147.37037064956553,4.444871308094971,100,1
172.35129825041935,7.425392082506409,100,2
86.11698183574671,2.273995268721609,100,1
198.88478202888336,4.750637739201018,100,1
150.72066591215497,8.153551925112323,65,1
100.42304008719758,9.863771895474096,65,1
247.95020009421845,5.573061700965334,100,1
218.31632889801304,4.323203672837469,100,1
118.0831025833866,6.315331291787107,65,2
254.28533556866185,4.862956605546833,65,2
276.07747503353227,1.6475664254342717,100,1
161.05988012530875,4.594471820740579,100,2
64.48573504707623,9.791003059199609,100,1
274.7376469640961,6.4042864632462,100,1
56.84388602865516,2.8343225890538006,65,2
14.526967925180744,9.471460063656416,100,2
98.24610266193926,3.885816530866384,100,1
218.08990333831196,3.901213764323627,100,1
276.98222590606485,6.16599492032068,100,1
191.185694044332,5.689737163953161,65,2
285.551564089998,2.9043657146925206,65,2
27.711251782768983,4.670803246619584,100,2
18.226118876406016,3.325130256104649,65,1
181.25758522309923,7.377804506899652,100,2
289.83489674782646,1.2250286644162844,65,2
150.8163926864172,7.502511299527336,100,1
15.45456778179154,1.6116702531299398,100,1
66.36559682323686,3.059819914089036,100,2
73.4378719247312,3.3333178737136704,65,2
101.357138741085,9.904121754603995,100,2
13.081015075863789,5.898219847365176,65,2
271.4678101493749,7.775541923222565,100,1
154.66918341644856,5.553779838294793,65,2
201.27923788623272,9.831579690084634,65,1
20.15185106850269,1.773813512461817,65,1
16.23464034109482,6.048741293313153,65,2
175.94033161216416,7.973820672427258,65,2
266.1888031512624,6.285561427135359,65,2
158.5446002878641,8.96936184431286,65,1
263.34575177102147,6.007079813871989,100,1
243.2973819165718,8.264385489766092,65,2
22.756135738476225,1.7579712436995376,65,0
60.587242315706966,2.6206389435032715,65,1
197.31320074660275,4.440685773895937,65,2
133.05041476501248,8.516177118347075,65,1
87.20994409407616,4.265593920686408,100,2
125.59015681439372,6.274589377341816,65,2
133.5598938811903,3.958116019202941,100,2
273.16567524647894,8.057203891170975,65,1
31.037485111485907,2.002875862480133,100,0
83.9192240422845,5.937694780399555,65,2
161.26944497481418,5.778901883382669,65,0
209.4860779891775,4.032418251759872,100,1
189.1911866877731,7.051280566077801,100,1
282.49282132121834,0.2847660802454965,100,2
238.682677445842,8.414999885565322,100,1
167.1230525923291,3.4796522957225537,65,2
64.40480750205225,7.930225695748532,100,1
135.26226942067194,3.0505949158535217,65,2
208.0146732583432,1.879064670961622,100,2
251.38865245082548,3.894894730848725,65,2
287.92086732671623,7.973669529903753,65,1
181.63582984137528,7.035180352854723,100,1
158.07581019132974,4.01031201865972,100,0
5.307576936344494,9.378687244109509,100,1
21.62972074505398,4.087761858508744,65,2
46.83149929122008,3.5075272829334194,100,0
16.42797935688842,1.4471891095412048,65,2
120.25897164147794,0.702786457452288,65,2
101.06356354166164,3.499024038514832,65,2
191.20624736051784,0.9200218620062696,65,2
160.69953238002083,4.626349578887536,100,2
178.79122781635792,8.6000954371503,65,2
141.59316088129623,4.761166526947273,65,2
83.32114456627714,4.8058097827158575,65,2
285.8475944839431,2.5344062096656508,65,1
25.92274792804169,1.662955759483966,100,2
281.66729983959215,2.22328858510676,100,2
93.3714140594204,5.679884795511596,65,2
153.79843361018922,5.91793114394393,65,2
32.652696848263844,2.201877926756184,100,2
21.279320511302775,3.989203742316824,65,2
128.86363461558088,5.686826843865061,100,0
222.50921291390344,7.604620385099504,65,1
80.80943326456467,3.197693600424364,65,2
168.70436668059602,2.713569200152394,100,2
83.5951021568455,7.304669993217747,100,1
116.58391826791224,5.138121707376775,65,0
271.9338955421474,8.567465911944677,65,1
256.7518876484759,2.110030203873178,100,1
154.80526302528895,7.709428760912498,100,2
71.43168824162362,1.6203350741750944,65,1
57.95517381990685,5.847712444967796,100,2
286.22620591071427,2.836337083146864,100,1
60.81497895320626,1.0109095759958877,65,1
242.4504932737617,6.167646045671427,65,1
110.69106286066118,5.067989598960613,100,0
295.6979542674715,4.859801885462422,65,2
110.44672210883635,5.925194274537886,100,0
105.45498747321784,3.724372174550568,65,1
191.2390886632869,6.70167561752145,100,2
288.45504198804576,1.3084373093850976,65,1
292.86288173892984,7.149714836366611,65,1
212.1618439400956,5.798137142806981,100,2
226.3819096909061,4.864726400357913,65,1
169.0206527919083,1.2765039996792482,65,0
226.7327217396996,2.7826447949662336,100,2
257.93389649114897,2.9529657861958203,65,2
145.82859095850696,2.338126539099349,65,0
185.9586788490309,9.541797265204025,65,2
161.1950085699143,9.156415578490432,100,2
168.74118405860315,5.461332138392505,65,2
267.0143729621823,2.056725832402233,100,2
106.68504906167108,9.111383650729891,100,2
62.455207680187264,7.49406532856174,65,2
136.8840330820887,0.3877183895403713,65,2
62.42555714437955,4.907115217364936,100,0
149.52012769860573,6.049446231076604,65,2
271.0524316071176,0.6647336406342763,100,1
185.23005614474332,0.4983103115572462,65,2
256.6298559909233,4.6352395848518055,100,2
49.85727588465354,0.0195171333762766,100,2
270.262077761153,0.4683555941113637,100,1
180.53614932213472,1.6513766381193984,65,2
9.52793662214394,9.09970774029112,65,1
189.93568658551104,7.662835270127076,65,1
285.4190868782754,4.504260042372867,65,2
23.75010014260862,4.79205667473663,100,1
174.73683914087164,6.86024549105935,65,2
274.6435808609144,4.743865363248128,65,2
2.908550500312368,0.6392510884689673,65,2
189.27387793974697,7.387313750670096,65,1
142.4706875492888,0.5774982564429976,65,1
104.09679559458318,4.8609313244802905,65,0
188.2609469836128,8.617075095976567,65,2
15.810628376225075,1.1737970002803344,65,2
225.91891388622005,7.066279124720683,100,2
1.3438430759122877,0.4632792555107412,65,2
92.08072313770566,9.93059618479384,100,1
151.18759130540352,6.820863803221492,100,1
113.10667516996553,9.689896188867364,65,2
92.24278056167476,6.682239646072396,100,2
249.25054364042884,2.422831402521836,100,1
280.4497722815727,9.263645136096022,100,2
262.1138054717666,6.26670184829193,100,1
156.72939391499992,5.759370506078472,100,2
265.2492525580449,4.291118929969276,65,2
276.2584695544631,2.8459390940853635,65,1
122.7715191142386,5.300695696469587,65,1
85.03375785163362,3.66057708811218,65,1
29.479561743996097,8.54024404356883,65,2
143.72757631476873,0.2879854196775711,100,2
283.8890761315324,5.300914848769987,100,2
168.2722584211113,8.365648885727307,65,2
200.26863053585149,0.2760637138298327,100,2
33.86514554755428,2.8230267626484573,65,0
43.05589924267687,0.515225566343881,100,2
139.34197858790176,5.950037698115432,100,2
285.3794396951177,3.167360743917321,65,1
108.23539247745867,9.597300379159256,65,2
263.24521239526007,6.162936059356734,65,2
36.08657802771346,5.618020046905091,65,2
185.10516208011305,9.172397653455636,65,1
180.18389307315545,2.235754060709163,65,0
257.9624250210805,5.622422595228076,100,2
0.9950113214704516,5.42782634958325,65,2
56.979500159271645,0.8211423431093612,100,2
65.90628762884452,9.32059786373956,65,1
284.9898264272212,7.00234732261908,65,1
46.10809688096849,8.881058496798795,65,2
11.088705066168114,9.825373869016238,100,2
160.3384484225424,4.796539622981299,100,2
158.5675387301045,8.036598420860967,65,2
253.21408961035928,5.775597355853479,65,1
284.6578950533406,9.77123048802952,65,1
161.5636326420393,2.4722358410768743,65,0
278.99825472589663,0.1381717099036461,65,1
217.5477453899489,1.859475712672245,65,2
79.3677383986755,1.280187820087565,65,2
278.52621328317787,4.369523113285582,65,1
200.23295285456243,0.7741020374939178,100,0
124.22877982279012,2.2019773713977333,65,2
204.0726253550792,0.96265880524817,100,0
120.39384832312528,4.867527782580384,65,2
34.25513039638778,2.6677707208630164,100,1
215.69362415306995,4.710072981786154,65,2
247.22628365122316,0.8888810004447667,100,2
218.6418597058163,5.16870666015037,65,2
68.73440032700296,1.3006920185788062,65,0
286.99050404328386,0.9934645142035968,100,2
7.576368507346776,3.100195506557517,65,0
99.80558921269215,8.74417476462594,100,2
78.02773036046865,7.885214029273639,100,2
14.437868284455291,9.591498022993507,100,1
121.71890789660054,4.601952643851598,65,2
186.9344520488324,3.1244142302970044,65,0
264.7658590455304,9.709067318565966,100,2
296.906914857441,3.817680782678512,65,2
242.42687592131944,0.091034062171309,65,2
140.60415561384744,8.20108613811749,65,2
217.1113277901092,1.692105409665826,65,1
253.08713657689225,7.179124285673626,100,1
139.5921589256044,0.1512189045236012,65,2
235.51633020765,1.1099016410946616,65,1
144.79572549386302,4.83563553295816,100,0
115.9487972630168,0.6789802647982623,100,2
157.82725133512835,8.886308956869861,65,2
202.75642128814343,7.49869061268564,65,2
218.0646168955792,3.2818531202016987,100,2
107.02088066763235,5.9752041439670345,65,0
171.39607546681046,7.155267352531023,65,1
272.96126222413415,7.553991886279119,100,2
292.89387003319194,3.9567595448787807,100,1
68.17442735518635,8.98800220736193,100,2
57.84934971400244,9.417847300469743,65,2
203.00569002859456,1.957152512260174,100,2
124.40516574703317,9.112387997391094,65,2
7.2667015254411105,7.126805110023417,65,2
104.05856119418524,8.881380641373822,100,2
242.02342304167564,4.247542682438884,65,1
239.2280791149548,6.611975415702604,100,2
148.40554464497455,2.353797782522461,100,0
141.7733804662606,7.511017523966906,65,1
173.85223273031323,5.817335031470911,65,1
65.8190131690728,4.809451118894019,100,2
157.81308746728664,6.926816102729305,100,1
3.313908016994516,5.523452711265574,100,2
142.66786643494012,7.653548721730844,100,1
100.81531387517776,8.58436066815243,65,2
202.4608817710979,8.006063044549034,65,1
191.50607524578825,3.075066315109222,100,2
114.2507640548427,9.761192135636357,100,2
2.18189444357747,6.497412629125185,100,2
75.68208881848814,3.2346647608386725,65,1
190.0043550567487,0.4258087527660481,100,2
21.71200290525136,9.880964097028247,100,2
32.29272655003916,5.990173934427725,65,1
194.11050737012616,2.2754026250684345,65,1
226.7302202847877,4.911238011176797,65,1
96.46491240381364,3.975404802809516,65,2
146.90191965496857,9.51365239697479,65,1
283.7134094950976,4.926609451742822,65,1
283.66306865279086,4.846676654906025,65,1
92.25083233902905,7.945997077222845,65,2
242.99636250512708,3.909115646636563,65,1
178.18321584205765,1.9651834837675164,65,2
292.645348005114,7.683987019292634,65,1
143.28407091332895,9.101086379505066,65,2
232.41206040466847,0.4572624882960063,100,2
230.4411388844613,8.599000609130977,100,2
149.22986028992284,4.378631958174807,65,2
238.68903428919236,2.891334778794477,100,2
78.31209999209895,0.3918033716547597,100,1
36.67591088706866,2.055227698576114,65,2
127.54912339659488,3.328698009184601,100,1
283.08919699007544,0.7068424259193229,65,1
150.2233824607586,1.887900649536656,65,2
190.57774159407808,7.368404424021281,100,1
187.2487367723626,6.868608162329464,100,2
39.77186018085913,7.698389172392538,100,1
117.08906471316308,1.6525778032348093,100,0
212.08169187656245,0.4303016652794245,100,2
291.59702957421786,4.685898712390944,100,1
50.40532148910785,3.427847351071537,65,1
123.13256710173488,7.767330799537849,100,2
28.528139940818807,5.388267592294684,100,2
72.71293789477681,9.311803099044244,100,2
113.02780299784509,0.6120639096181202,100,0
162.19297438570513,3.636763652931304,100,2
69.17006467172429,4.052406014353258,100,1
68.26879835360572,1.2588943406002897,65,2
233.34899374206117,5.830158814917501,100,1
288.7924988840644,0.4020244472908296,65,2
97.08389032543684,7.1272512855197165,100,1
206.39760559070405,0.3744316076552278,65,2
77.42413840737622,8.734720559435075,65,2
278.3856764896896,0.6502697157865123,65,1
201.87070804961948,4.563494148450556,100,2
240.80305639127096,1.5538539882185889,65,2
14.806212959749445,1.331222451504278,100,0
179.55179047218738,7.212156891979681,100,1
158.2836994075147,7.742510419425093,65,2
87.8990720734596,7.391990870849491,65,2
78.72899551719541,4.03991851264783,100,2
174.0074406950909,9.907860371289104,100,1
211.94569050216757,3.3996891758650563,100,2
9.951827110556687,2.45279561145264,100,0
170.2204745771113,9.965054216462622,100,2
51.13785868398859,9.772768052801332,100,2
42.10881941583017,5.91835974484738,65,2
186.93584642840537,2.090391782865048,65,1
93.2610351652419,2.384988489197055,100,1
132.2640699404592,5.208854450927766,100,1
107.99964283193188,7.761032042660362,65,2
194.50089604575712,0.7745414440303655,100,2
141.03592981994066,6.876704005373576,100,0
289.0375986113842,1.0311084932451495,65,1
105.7148277319396,8.441107444098314,100,2
222.08530207885056,5.3211822224631415,65,1
77.18777027491336,9.896940904693412,100,2
152.62592778784406,7.529822322281703,65,2
165.7709255705871,4.972286573810348,100,1
98.73278431881964,1.4117714944129822,100,2
141.53415867378874,5.423956527359433,65,2
83.78359136954765,1.1444473611223438,100,1
1.8002345021945976,9.051623998820896,65,1
64.69449049136362,2.3006774929063925,100,2
210.0192517479602,8.653666801841155,100,2
231.2889073456131,3.039025566673064,100,2
84.06086014167599,2.218985672630289,65,0
122.41289964542158,3.042361387283368,65,1
11.209698041583326,7.075541572400273,65,2
71.11887032930417,5.2521556899413815,100,2
233.76578501168976,1.074724873831101,65,1
181.7958810795172,1.3705901725934633,65,2
61.73115658631142,3.7852967263650106,100,2
77.23259853672964,3.385435183136835,100,1
245.04060689686804,8.517354114060138,100,2
62.72526088347025,5.722531904898233,100,1
100.24731775413936,1.8671498608817936,100,0
199.3076074963933,0.2834299915086202,100,2
168.33371571242358,1.0236310557969308,65,2
138.26106157014428,7.004116834099612,100,2
269.9223272939233,8.470972670277709,65,1
65.9131388145155,7.825380029049656,65,2
222.4259672589,7.898754755750909,65,2
47.719152185455,2.6096094608106792,65,0
184.7201500446436,9.890860318483004,65,1
261.187069023394,0.8640853681058402,100,1
137.37053564344137,8.210953368618648,65,1
217.2883521573987,0.9681727394785756,100,2
246.11800589969647,2.6753130469606843,100,2
40.807927463280826,4.954140281669046,65,2
211.74806858463305,0.5334077076399646,100,1
275.9523071966029,3.941713454432248,100,2
172.91118295666325,3.501143821948678,65,0
55.83667335862681,6.471720817633897,65,2
38.082759476682895,7.180134302196016,100,1
77.92059914002436,0.9049530043077436,65,2
31.05398070500477,0.3806847883423958,100,0
154.01822147551425,7.758913223650805,100,2
20.91140481202037,5.279913870992338,100,2
67.02138739086794,5.346367535330684,65,1
131.9731331736643,9.80716671208386,100,1
142.17442512060643,4.377415317496024,65,2
169.61954554408933,1.9619252147198063,65,1
211.68448882521795,6.806411394056382,100,2
14.168591899640258,8.156780614131312,100,2
24.186285652734973,5.023607781724344,65,0
18.257745541434225,6.918145899678007,100,1
126.9450946394731,5.139314051554647,100,2
12.554383464880292,4.073522584251262,100,0
223.8243800493979,0.3427792393698847,65,1
66.90005431154336,1.737425820020655,100,2
281.7637479869876,4.797674890756099,65,2
145.92112652913343,3.96528573758675,65,1
133.8977257326605,8.42883768164067,65,2
234.1616077918501,1.084459258948678,65,1
213.94619516789732,0.5012753459280772,65,1
182.19271228444285,0.8713726776657937,65,2
280.544011875111,6.780926696559325,65,1
126.6777782961231,5.944734776727736,65,2
242.55950273168597,6.322203280792703,100,1
114.02788372374556,1.5692145911651267,65,1
251.50370228883145,5.163527679949552,100,2
77.84238868979058,7.676700310259887,65,1
86.78012185080975,6.838763625169423,65,0
203.3608602052362,4.386878048549625,65,1
63.81398848553891,1.0350051334462984,100,2
68.74625610762864,8.70650213925977,65,2
91.57872870522442,5.262043418439842,100,2
203.67863089811277,8.896607597953665,100,2
266.81642772696955,4.387001113280116,100,2
202.370295338096,2.3701302493760545,100,0
248.3442733032376,3.0741301024116074,65,1
163.06817690834092,4.18149327399449,65,2
20.676966403543585,6.1422313319000965,100,1
30.1398634525502,7.689109882559848,100,1
166.31759351007463,2.426406318522968,100,2
98.34029059263288,1.877219206621964,65,2
66.1704220910828,2.0265877900766616,65,2
139.87707819078625,9.34499779011517,100,2
199.9490222712905,1.639488537060857,100,2
115.49758432075753,3.4574326053976434,100,2
240.76267714720248,4.858676202824805,65,2
221.5569739714181,5.562034856211636,65,1
220.47446464787004,8.580851434041234,65,1
295.55690690321654,1.128838434391526,65,2
88.56899321149044,1.0801339316320258,65,0
193.4176759022685,3.1640964988410647,65,1
256.64350204809404,4.132014575235301,65,1
173.85733017417328,3.737756619657826,65,2
236.8506528346178,3.919018059686301,100,1
124.33565575197368,8.514550010775153,65,2
177.1474036964414,8.36668319695967,65,1
16.699917841298483,8.055013056427091,100,2
295.730281747444,7.552806677850882,100,2
240.0055444345252,0.40389264902285,65,2
260.64272148943485,1.4938770272591215,100,2
208.28828344288385,7.321926434389624,100,2
55.81500984260984,5.948439233289764,65,1
9.30853272540968,6.739445778932293,65,1
259.39698232080406,7.169313859191514,65,1
118.89919612083692,9.113647097173509,65,1
79.15946281197598,6.35142945295681,100,2
168.50188765168332,2.755674286755604,65,2
126.2695567427158,0.8301593702150356,100,0
195.49979870626711,4.320847290877787,65,1
145.13796991635408,7.098495654450867,65,1
209.1699421320812,2.8190140073621195,100,2
256.0269808527429,1.200793157247213,65,1
58.66710328673671,9.987424104679784,65,2
98.82986416964604,4.188743652610482,100,0
131.04467597119168,2.1631479147553767,100,2
288.6175344082915,1.6455593879017716,65,2
109.60008406424558,8.627823798995117,100,2
114.32995487778886,8.196038782618137,65,1
196.0417568878684,6.133205890627515,65,1
125.75991296698476,5.471855110790687,100,0
285.36712369188155,9.514390047883412,65,1
268.34062814263314,2.2826762335773543,100,1
154.02263333270187,4.153935959651816,100,0
193.43257018435492,0.2466500182140563,100,2
17.409168565086162,4.185897671662939,100,2
208.71915840971943,3.842165202306922,65,2
212.16026188470968,9.49493239390108,65,1
107.75978869296242,3.582324355368804,100,2
65.9048650875818,8.347892593470771,65,1
274.52352054510504,7.6659365951471425,100,1
128.01147024153832,1.4727204998298649,65,0
196.1118314405132,9.62717222905296,100,1
9.998638492876788,6.309657501725457,65,0
124.22014997305088,5.965505272980036,65,1
245.177643304164,0.1170544409259977,65,1
116.27280012021453,6.992107936435272,100,2
180.94834804106304,0.5562886443190973,65,0
62.95674014536184,1.8538081185015527,65,0
124.95769465186788,0.9862098258724504,65,2
278.291315415956,3.782059230484101,65,1
169.93552491031116,7.957115021328681,100,1
270.57943772787945,7.0738154602648615,65,1
270.605789846863,1.0669514330779806,100,2
283.2443401273439,7.9846119278388095,65,1
268.6174980240316,4.608471405066009,100,1
0.9843387030901928,0.3263077788804813,65,2
280.2044674744791,2.238264602632393,65,1
41.237831725612914,7.851855279678009,100,2
11.977875333345168,7.33299738923122,65,2
16.616560373415844,1.8835112314589275,65,2
104.67485855293008,0.3799906487772442,65,2
186.2412255806381,2.952019439858917,100,2
120.69335895569924,7.949268971961675,100,2
7.666285394813843,9.383904820237824,100,1
142.9447902524144,5.728856349285558,100,1
132.63922268111403,0.911038549694867,65,2
227.05477965049403,5.020861551811095,65,2
83.8838695276315,9.987913721892536,100,2
65.25935213831015,9.38669012491194,100,2
76.78168730298786,9.932110039015551,100,2
91.1219467889544,6.99414710718213,65,1
179.74946201014995,4.260885645914401,100,0
141.45764563562395,8.931295600944367,100,2
101.06836955371736,8.951804630446947,100,2
112.29424748510353,1.4436483303609082,100,1
111.27709804769285,7.75385856811627,65,1
291.72200841309524,9.193095194532702,100,1
69.89909641588577,8.985196768787926,65,1
245.4184680816776,7.06833617425136,65,2
212.4632512764561,5.373583353944965,65,2
1.6710016810651762,7.76749264321135,65,2
297.9528654376464,5.161558413937167,100,2
226.93181119007207,3.2123406941650003,100,1
204.7348759052374,2.58938493713201,65,1
121.5974123029912,5.406572246613244,65,2
166.5609266742869,4.559548805139745,65,1
75.98126870024106,5.244952680338328,100,0
10.645021543709245,2.6069690853722904,65,1
250.80649753379183,5.905831214766636,65,1
268.9453481043515,6.620744197562253,100,1
48.74119098427197,8.068488936824732,65,1
236.1168287537199,5.899874226629333,100,1
222.3458019856976,7.560708023670083,65,2
53.51250058082714,1.6938532596673306,100,1
126.54864077243816,1.2106269476251652,100,2
126.827376250231,1.7964109040330056,100,2
227.9892774915745,8.462651218176415,65,1
251.29827173281663,5.561498859372241,100,2
28.432536417411303,4.553152315296688,100,2
168.89077047126088,7.621594237801231,65,2
228.5245490786656,1.240779155271693,65,1
235.85717821954756,0.062079637298813,100,1
44.39805732912268,3.1096480987347164,65,2
157.65154294523822,2.4889433405009145,100,1
257.26761190881086,3.073308297682047,100,1
95.55557297558524,9.735693471265044,65,2
127.53506967353914,5.677457427960938,100,0
241.3075534008997,5.891119046633415,100,2
26.795856355128688,6.5566928779626,100,0
257.84798696669344,3.977254654992276,100,1
93.3470150192427,9.789759164198038,65,1
0.4350949773381463,9.732614213458426,100,2
70.24774351690748,7.692453128051826,65,1
26.85019226865194,2.1169216796414982,100,2
27.71547209887324,8.80196829229165,100,2
207.85072024277744,1.0091988356835149,65,0
64.19290069171944,6.298948255198607,100,1
280.42270889309475,4.572151415608351,100,1
154.9333639773912,0.3921567306033446,100,2
138.02947738647558,9.039070102347798,100,2
130.2850554660455,9.610928445216608,65,1
207.77629190148957,9.073945351656352,65,2
135.67882875708253,1.924667983561602,65,2
38.580106867557554,3.329819012732921,100,1
264.051654192227,9.557329439151689,65,2
128.5186046776976,1.0642394408708655,65,0
22.20137270985074,5.833047435213964,100,1
158.80979624932831,4.855224856133021,100,0
194.20405753671105,1.5189863040315863,65,1
82.67473924732757,8.86577492779466,100,2
240.10212230215268,1.3415442974959255,100,2
200.93275381120912,5.927069608195618,100,0
195.10235077933004,3.181808823430408,100,1
126.24748586033826,4.179811401769465,100,1
288.5745904233863,2.113596142290499,100,1
82.25675038477429,6.246690653988129,65,1
173.31165030463578,9.88677484925659,100,2
92.71654724178528,8.335430976742424,65,2
223.4414258914662,6.832058565765991,65,2
14.337445161036433,7.563812806392019,100,1
13.76816036251477,8.392866782545305,100,2
243.25829085563743,4.725470950617577,65,2
130.2804483191013,5.670442057761589,100,2
102.35401638010671,8.954827553189196,100,1
182.25805865260156,6.959473341004578,65,2
210.5698031606921,1.360232053878497,100,1
60.36040405332198,7.795357605282169,100,1
55.62937242141947,0.2270631688686719,100,2
287.44522432796447,8.475269932920499,100,2
176.8992919153708,7.882993222843766,100,2
117.03494318828044,8.307459855058848,100,2
240.43250840085196,0.235925460299653,100,1
157.54768763337515,9.724488341223395,65,1
72.49884311237442,6.141320277331614,65,2
62.02059169247215,8.000483931837032,100,2
119.05777985094652,5.665591033710408,100,2
257.9687580779639,3.397493161747728,100,2
18.43437481327768,2.96148367373531,65,2
65.55780022642894,0.6993395751577025,65,1
267.94554565577744,5.425149432702144,100,1
36.52037069077515,1.4358915520965854,100,1
188.8877154792505,5.675173846094851,65,1
64.05341043630753,6.249162219492589,65,0
181.7600542535665,4.420806979688773,100,0
114.93125005326962,1.5632484031428062,65,1
30.50306892929756,4.327073766994721,100,1
174.7425202662319,8.786719742469593,100,1
204.9128241253758,4.580477927103653,100,1
204.08178568974083,3.4272945814372657,65,2
191.11032272181288,6.297639582782857,65,2
150.06743428066375,6.188622658101163,100,1
155.8417850577977,0.9061649810988448,100,0
190.69203294238787,2.364905684169938,65,0
207.0778085239923,4.944046973123535,100,2
196.46302164941557,3.663310727915508,65,0
176.08366947403553,3.1995691156033903,65,2
46.75169544123552,4.45713706371828,65,2
63.184961547858535,2.9031409142449816,65,1
78.0672063106045,3.4747170415727915,100,2
275.8984971262507,7.736297930001173,65,1
227.81852753909,5.102309900809687,65,1
165.86004586106347,8.7285589438233,65,1
75.61707856321405,9.48560257117549,100,2
33.26745697325136,9.220773011229436,65,1
269.6277677939924,2.5371109264666702,100,1
267.7998047468751,4.728859298168491,100,1
33.20867870870746,5.350521829151305,100,2
239.1649998289488,8.521907547041641,65,1
133.9935207929738,5.590206687505268,65,1
97.19007984916205,2.527154905718425,65,0
221.73136086261212,5.475391138196709,100,1
184.2988623182192,0.4428449424348679,65,2
234.0090322780012,8.3413737047778,100,1
22.298658189881127,5.659993744712066,65,0
95.57610598723691,6.517172095154652,65,2
95.79505512502072,2.0093912994832683,100,1
98.92592768632966,5.58134476843894,100,1
150.74396179314164,5.306368903445357,65,1
84.9041409242842,6.196309472564977,65,1
133.3150830262559,8.474200512678578,100,1
110.33327793462476,7.645384605750658,100,2
220.58881440615335,5.468744090663497,100,1
181.05023870251503,8.934030873387078,65,1
196.08882969519465,3.584183482097858,100,2
63.17516822479333,4.925508200736978,65,1
97.6506495980668,6.494340036514784,100,1
6.349634283622285,4.407666896680842,65,2
32.512412187950964,3.6141821371646,100,1
79.5162695966662,1.1239425169604966,65,2
19.639116390606315,6.358994777582603,65,1
180.78972010641075,1.9260636530923287,65,1
299.4390347771476,1.3825497628512873,65,2
30.244564219616556,1.8215289237959764,100,2
246.36906380077957,6.884804969054397,65,1
35.64487417954415,1.3835923341665723,100,2
200.9742056389308,9.7623601181114,65,1
192.94728091770517,7.585413763981187,65,2
270.8150804433598,3.927347078804657,65,2
34.18368410415371,5.932827520769848,100,2
94.63333982456932,0.076266431052675,100,2
27.233928106405717,8.445319362289762,100,2
122.21499774133017,2.7121156902987065,100,1
273.47795206723345,0.7188370485827533,65,1
234.4569453185568,7.581189005187965,100,1
216.87003013359572,3.2958166264469613,100,2
159.9082514588106,5.675411582031938,65,1
265.0457227006569,8.440315493019053,100,2
134.8325394723985,7.75931360659445,65,1
44.90570013019147,3.3683679236683006,100,0
251.27556693623376,8.686965865295402,100,1
83.89149841551806,3.8884991449320703,65,2
16.090062307334417,5.000238218891654,100,2
37.81140920063741,6.12458670148901,65,2
182.7176748582445,0.7098082093539471,100,0
182.12458917635172,5.971638362869564,65,0
78.05495132461034,5.774172408263841,65,0
218.1540443837937,8.734944749195748,65,1
232.0920466198603,3.5366387298681223,65,1
276.15078784008546,2.4218867800779584,100,1
175.4812496034711,4.765145262728119,100,0
233.82700924427184,6.873316495357487,100,1
225.9299039314901,5.618942373095669,100,1
77.34271454015786,1.3820667198300285,65,2
93.0677783812978,3.4789162977885746,65,0
143.54471872586143,0.6378576343232589,65,1
5.711690258774549,7.393263135066618,100,2
89.21933194731706,8.829483228313943,65,1
142.1648620032714,0.4567300488093695,100,2
32.42078858434312,5.254274910525516,65,2
37.88276633253764,5.659800333751811,100,0
138.97102072120234,4.388278810014493,100,0
219.2895094757793,5.027337357677981,65,2
250.12467927620492,7.103567334955356,65,2
163.89416925142456,4.837256403213268,100,1
142.42469626401933,9.19652133951562,65,1
115.28417053792656,5.408737976810095,65,2
57.88469773128186,0.7179665956735759,65,2
43.96860084430941,9.533246606311836,65,1
237.56893549854243,1.4681070169138777,65,1
139.50198966370084,7.8445990001547825,100,1
237.0960736439264,5.269056864718019,65,1
211.2249107701889,7.408924542691709,65,2
58.16877431501365,5.13429884181364,100,2
153.0921792633677,0.5897020033260769,100,1
133.2049891268042,3.749259296895471,65,2
127.16205182720904,6.206859820405261,65,2
162.77131476114414,6.288822185326776,100,0
294.62457032263137,9.73044442183791,65,1
243.8701793012236,6.063246983735528,100,2
271.1137294891175,2.8643913139596777,100,1
8.891874952811262,0.4342549008182583,65,2
42.10091003775178,7.884152011138648,100,2
25.42909806736905,8.89290456464523,65,1
78.96930151958298,6.136380403720868,65,1
132.56774758999515,4.823769360206147,100,1
192.6159742967669,8.609865177191748,100,1
150.2493798859806,2.403560790363798,100,1
270.95517447394195,3.987320836244778,100,1
281.9567876681591,5.0765655422009095,100,2
49.05628535923767,0.493726168808859,65,2
255.87387607943552,6.885789951532323,100,1
144.5166612039903,1.8855986618074283,100,2
135.9988413952153,3.331531849872178,65,2
235.48180454537044,4.144928139029377,100,1
27.94215271346297,6.385103296144475,100,0
264.74793822574395,0.6548403790747603,65,2
201.2590063642844,3.408617367536265,65,2
262.5784822973994,2.743617364724276,65,1
298.34327331228684,0.0151942211098266,100,1
155.401335707176,6.916534412184172,65,2
27.97865937267869,2.3593493588312637,100,2
49.95715887926595,1.664383629389582,100,1
97.08547276629298,7.979652627344818,100,2
31.065882640412863,0.3919830703969651,100,1
244.60254784133096,9.002399477065001,65,2
89.06035530983054,6.869016623038643,100,2
292.7658564059596,1.7174634742123218,100,1
210.7774295795567,3.5010302659389945,100,2
52.02911107666729,9.49983131982152,100,2
142.81279408318207,6.188445822239691,100,0
140.06526648999633,6.087176368883701,65,0
147.75349750009016,6.530710921126518,65,2
160.70735119288068,4.627377555281936,65,2
9.35192469531926,1.6730341318878417,65,1
205.89033772308704,1.508911116351458,65,1
146.15753258653297,6.873106443788625,65,2
237.2896196606097,8.839413184952315,100,2
244.60487197812915,3.002108866515808,100,2
69.16053659751523,5.034035698760425,65,1
14.52688392803334,9.922378435693911,100,2
210.9701568336968,2.571611963463355,100,1
293.3288365391623,3.902139285553036,100,1
133.99739597427032,3.6352159605851977,100,1
77.88384287807874,0.3258583615959232,100,2
47.001568375044286,5.095169739840975,100,2
86.23367921717552,2.0867788650165897,65,2
98.37586541143494,1.285975970536497,65,0
127.16242303033935,7.104159993820556,100,2
196.62213696437595,7.657604438085839,65,2
81.94891682406812,8.888915350104405,65,1
15.29302904060279,9.341323928637207,100,1
111.98358347181588,8.690659601327686,65,1
256.6888848477227,1.2249467069210995,100,2
149.50545325556513,2.2362883404601384,100,2
289.43512732362296,1.2247529471092222,65,2
151.08645932661952,3.535245309445938,65,2
82.76964507655434,1.2407184561837292,100,0
57.994199173564375,6.532772966143914,100,1
208.3573490356729,7.167154923709671,100,2
160.91438573323092,1.595936928979543,100,2
181.19967869863245,6.215760503809896,100,0
226.53803680023933,0.2298940660615867,65,1
217.77103927946789,4.343702694606538,100,2
13.008990050468094,2.853390540826978,65,2
240.7715715885085,9.984948769677834,65,2
159.8109921155134,9.227846189830936,100,2
117.51255924443178,1.475654561162666,100,2
161.25582788042112,9.173707913987048,65,2
183.7354345371975,4.187898373933475,65,1
44.8518929621391,5.7664812758175765,65,2
125.2246185979335,5.3376442605980206,100,1
100.67586305645514,7.261565517557599,65,2
105.12268344541152,3.3495679369748843,65,2
27.400481522192464,0.6968258622736212,65,2
47.95304640006912,4.176269397956967,65,2
48.54962027586641,5.4450555053125065,100,2
111.96742296649434,5.549139578808261,100,1
268.3474634624375,7.92597630541634,65,1
61.8082115762828,0.4422584943175978,65,0
124.85775230244136,9.8809436198905,100,1
93.48282458974136,9.90565002891777,100,2
236.21499376540143,0.9901682210583608,100,1
15.037929696244843,3.4401748536427568,65,1
58.96301866076712,5.903106756930506,65,2
63.19246270643831,3.7332582963995007,65,1
297.8888400939693,4.87624687805585,65,1
171.2325053898911,3.25928356722312,100,2
41.68747931505546,7.121333236223517,65,1
81.65974178296965,3.640172445207246,65,2
50.34662823687728,4.298864184141692,100,0
37.3813708858344,5.7590773596198215,100,2
239.15460852236777,9.692012627327903,100,2
148.72578859810645,6.418044683936021,100,0
189.3630410546344,0.9692114938054476,100,2
99.3753740975988,3.189006207547982,100,1
166.10852582019882,4.197145442646297,65,2
77.27070975710913,7.401738201884856,65,1
92.41088247847044,4.468755517737966,100,2
195.6713833100199,6.5910421991006825,100,0
45.10503777576908,8.39494756334798,65,2
185.16655775023852,1.0433758371691149,65,2
255.6704449269382,7.65739579943712,100,1
36.12696785423072,7.455797978350009,65,2
269.2383841709937,8.19712379397328,100,1
23.83370408966849,9.56066469669559,100,1
104.6727680867619,3.095979754121431,65,0
183.1527945713984,4.290204927134368,65,2
167.82442803556106,2.626819990760929,100,0
28.91732174833004,3.2710562702507784,100,2
239.67395033575596,3.298259590083117,100,2
291.94598794357586,8.69775018835874,65,2
54.36848675513103,0.6289831768149989,100,0
268.5392909446388,2.0269860587482533,100,2
167.04283263352517,6.105582143053621,100,2
280.78013137359824,7.651947820705799,100,1
52.82578752502833,6.973770539835885,65,1
237.60641795382736,0.4657567568187415,100,2
17.93447263359934,4.537943812923666,65,2
264.95893404081795,1.8447358815758848,65,2
202.2478266598901,9.881422066151606,65,1
111.07643517672902,9.988919631983498,100,1
57.14004704935505,0.5089854291759965,100,1
244.95992957016145,6.677241284362072,100,1
180.97239641844348,8.13064940474536,100,2
108.1247558844004,3.24779868960847,65,2
133.15074744075488,6.936364362454068,65,2
247.96279682171297,1.876685348155016,100,1
101.67815800706032,1.279591532728208,100,2
26.88980343297861,9.253018167848875,65,2
273.3846516610418,6.425357244821907,100,1
116.20312189741038,8.169472402224772,65,2
104.51625333456404,5.327131734934678,100,1
61.319885662781815,1.5472535687000422,100,2
269.22677136850365,3.766551849697328,65,1
65.25160010635017,8.816569529496114,100,1
191.0018604004151,0.1560657759748829,65,2
264.22950348243086,2.071776320451159,65,1
10.47408438096522,2.5328659807413443,65,2
248.63751159005872,2.6299577539811048,100,2
123.17982650693234,0.9858669488297956,65,2
197.3923725795636,8.482196934705147,65,1
111.72136896766618,1.5951392000430864,65,0
208.65487690424817,8.29674385808854,100,1
76.28847436730975,3.5506177766530502,100,2
6.579162730618881,4.573180916475966,100,1
284.33625443638607,4.628508396049618,100,1
4.910329212024833,7.13148822220297,100,1
247.2297868900521,7.312998340891221,100,2
50.74127799674214,6.406880280370268,65,2
117.66606858060835,7.737684835511679,65,1
246.74771295181677,0.0830317903140209,100,1
61.77964509370361,5.048104311991029,100,2
259.71228165751074,5.240253440196163,65,2
149.32768173057042,2.3933984089084905,100,1
109.84603881518296,5.563709080987065,65,0
198.73132402090084,4.671573697138753,100,1
102.41691659428726,4.721123086995527,65,2
104.1865076989071,1.1845053102463343,100,0
220.05791728149092,4.352625383005754,65,1
92.94966736173237,7.664307285518511,100,2
60.23179450632753,4.099899912200442,65,2
242.2938383989716,4.874984235468281,100,1
241.6113101181695,9.675204117051155,100,1
149.27571111206078,8.717842842493335,65,1
157.99668484888653,9.287001573517092,100,2
208.8229877302916,0.77676550723491,65,2
152.78228752873002,6.185806766288314,65,2
125.11198769076977,2.2341187460061707,65,1
298.4682579890237,4.042436529491883,65,2
44.29212835576768,6.7975017222263245,65,1
177.8183937719582,5.789148988570235,100,2
265.75890782269806,5.057323147159682,65,2
206.1645123543344,8.144484364712966,100,1
264.2769897264715,6.825986293897758,100,2
100.90041610640178,8.210451064041695,65,2
81.59789287807176,9.319322465851132,100,1
255.38171607063143,7.119708019575041,65,1
118.23437285563816,3.953954144836031,100,2
212.90469691719335,2.127783494433305,100,1
44.32457352423428,2.709153209138991,100,1
226.7514376130024,3.966300750487097,100,1
164.6947947074608,7.400911037703449,100,2
80.58349197313827,0.4015467300432829,100,2
148.3511891876715,8.142814750777598,65,2
209.08308775191105,7.581349315808445,65,2
3.5659226542151035,4.994166530821471,100,2
191.24011764423884,3.996668267642809,100,2
162.47723348198232,1.1269705215173953,100,2
66.08585032401977,2.897015759151685,100,1
225.89432219285905,1.0962807335574465,100,1
91.03829538996034,8.188845152675876,100,1
83.05827946396943,5.0933786305812845,100,1
141.36550469979682,2.467867799283543,65,2
202.84490352670943,0.1808934852096588,100,2
278.6537927628763,5.23920968672742,65,1
42.40717293963119,7.520870961781307,65,2
118.9404362255201,7.66493785626302,65,2
20.096877753788977,2.144262042002698,100,1
227.56522424152277,9.950620117048976,100,2
134.3198669044082,5.687799162570897,65,1
212.07874055645556,3.320070367074659,65,1
96.6583271928862,3.928077470714808,65,2
253.29517242189704,1.2443684923788767,100,2
160.44842347203442,4.933558483464065,65,1
283.0823465470965,7.532954378072906,65,1
23.644391743210257,4.094100974909274,65,2
154.2830473626223,8.668526575170329,100,1
229.9365737993096,4.767523780200951,65,2
180.0457944220844,9.006098243997139,100,1
6.958242128052827,7.032037649944385,100,1
291.7016035031642,0.5500970158936014,100,1
89.47910792276951,0.6701746470698489,100,2
74.78335990991461,8.00106400749878,65,1
145.69796268197385,3.568237124569007,65,1
162.64743225700468,1.8924507377078992,65,2
229.8864412769476,8.653204809939224,100,1
117.98209729769674,9.833066662274453,65,2
131.98811293866365,8.087482352412625,65,1
160.4879747801493,7.251295137487138,65,1
118.3161299224922,0.0095855977656134,65,1
274.3644237303468,1.059739262326712,65,2
255.37558999027564,6.709437918534043,100,1
136.4921085233635,4.095645041977381,100,2
0.0584587011951409,0.1947532431963439,65,1
270.2803486587842,7.408696665320536,100,2
37.30097203183958,4.1876507596079175,65,2
73.35372455821386,6.588250285358881,65,0
45.70838530961946,4.683357451670741,65,2
53.94467099430713,0.2649771439312742,65,1
240.8632613669504,6.359245680654128,100,2
173.85043249977727,7.8808598387750255,65,2
286.8285489376045,1.5597678886620123,65,1
69.43605369711494,8.9108215691806,100,1
145.6904724393702,1.8156176311741925,100,1
293.228510724741,4.228366348935941,65,1
247.9330542824309,5.271870234090279,65,2
218.58470373614733,3.138657578902182,100,2
56.69256041123758,5.004571989543778,100,2
230.82162027291483,7.183563892864221,65,1
104.26953677877532,7.144552006273498,100,2
159.1610691140273,9.222827271012008,100,1
182.74836391186204,8.620909309564656,100,2
182.80911345727625,9.851055817139484,100,2
217.95704157405493,5.953797631243839,65,1
198.5106277926617,4.005146643116365,100,0
20.511263793176948,2.40098114380661,100,2
137.20410778473217,2.439693703783594,65,1
199.20648201599377,1.5092399865456296,65,2
88.7978946497186,7.266669740505197,100,2
93.9170061649169,6.542422972551021,65,1
37.37026432638466,2.922941961065526,65,0
125.5844957924566,8.921374837720002,65,2
296.0491302918524,5.5228634530689655,65,2
85.5958083864112,0.6901902925534464,65,1
159.43106780582943,0.6145092493273507,65,0
222.9711758337253,1.4318695008107374,65,1
4.049181265281199,2.112633680629661,65,0
270.1318678794897,8.874373414282632,100,1
115.96505541748157,7.784483791836347,100,1
260.73479601329467,2.0172413901720523,100,1
11.684297669843414,2.484923522506577,100,2
43.69906555910276,6.367880229122974,100,0
96.75883634326776,8.71523072917708,65,1
103.63853191898362,3.167291235732078,100,0
254.33826690840496,5.254965735217054,100,1
3.3603346164705616,8.903775487682022,100,1
192.33353294090384,7.706317672065412,65,2
39.39373085356508,8.915094582878126,100,1
246.96469521331483,2.7807385064696577,65,1
233.5719797873737,6.909341479816052,100,2
149.97630822336018,1.140125938595462,65,1
63.80616765371256,6.162078579702585,65,2
190.3486172896669,3.040255365164636,100,1
46.87749529729369,7.014803144424896,65,1
57.00713777779603,1.418745729821087,100,1
188.0069706676073,6.655802690520757,100,2
297.36853382658734,7.085191352644183,65,2
267.31825117576386,8.571563154922883,65,2
177.9322073051031,6.870765910320021,65,2
161.56103063022712,5.228642817750819,100,2
299.51546400243257,7.841596523553163,100,1
164.21914429016812,2.8443317692235235,65,2
126.03495658783318,6.77466485452632,100,2
272.86666073260244,7.245277264536991,100,2
70.25528876078647,3.925412010854341,65,1
29.257797089042693,9.88966517753306,65,2
190.2270103085491,3.5608971459645837,65,0
28.7548901306247,0.8449116939490453,100,2
111.94456108588804,3.034743795240089,65,2
127.07321567451616,0.994371381099074,65,2
164.26142011476995,3.393041574854415,100,1
297.4978637243887,1.2787288325093005,100,1
66.29451699995424,4.395348638592092,100,2
112.7269135520736,7.779754705286681,100,2
39.67203732319741,0.6744305310050247,65,0
182.2840578099704,5.631079254688636,100,2
218.30195469235005,0.4382758390241548,100,2
144.62304697076365,8.846091692185654,100,1
73.74938048699131,9.213826460817875,100,1
186.2664807545243,4.92357843599013,65,2
161.74731701065485,7.692311635804301,65,1
51.355717021115325,5.9291093527408005,100,0
121.70457015063909,3.4066287799163266,100,2
130.55912749055847,2.4514079766011374,100,1
294.7853261314299,7.58595816444815,100,1
254.7857496466565,4.299802176509616,65,2
220.31123648207813,9.20238458183658,100,2
266.63310765088426,9.756919464786636,65,2
220.6453217486145,2.103926706225232,100,1
271.02055653772,5.6106330505507565,100,2
16.365934463852394,5.369342410435715,100,0
136.81986278007497,8.680988616852913,100,2
224.06950057255008,6.909849598315891,100,1
174.98873898300403,6.073775064849105,100,2
52.549849245236,6.7902487191070335,100,2
102.14762595856028,3.894575196059913,65,2
95.33231250800738,9.602914940539748,65,2
78.4040739553008,0.5762563960295586,100,2
102.94066605418982,0.291289857915582,100,2
154.4559865383363,4.155897362612348,100,0
256.4607074349828,1.5457594737876337,65,2
222.60979871812688,5.448003227321566,100,2
250.5749112048701,0.0900990383045152,65,1
265.0811233689259,4.596829747660348,65,2
124.84513682928218,2.949245633886136,65,2
103.80788520802416,2.023603465754702,65,1
17.287014505248543,4.446495378128259,100,2
279.1474865629303,8.545489618160909,65,1
19.74690538144318,6.553946842347481,100,0
222.34065461114116,1.59941649859471,65,2
113.43249133967616,4.9887305864425,65,0
284.6342323497559,9.316711188161946,100,1
125.88060628023872,4.3922482263963385,100,1
244.98250540641493,4.705462318647263,65,1
84.79644964910298,9.413576597682258,65,1
89.726615173154,1.3580818298392738,100,2
178.65582296353026,7.350414854226853,65,1
299.3947901122421,2.991614000707097,100,2
155.27172539375889,8.658916587930648,65,1
280.89259091798715,0.5436248507875263,100,2
235.87494847461835,9.904015681566374,100,1
238.75929425317048,7.6860881991882035,65,1
130.78799673862923,2.8433298253941985,100,1
115.9626750518402,7.608558936831184,65,1
57.57654242724462,9.229697648433271,65,2
289.18238009509605,1.1291739117486532,65,1
287.818083733146,9.13578367087645,65,1
224.12032029305485,3.601744231746067,65,2
88.87573495580085,0.0645930545119954,100,2
73.55386210268465,1.1242097047157928,65,2
296.5830727160889,8.847939295886697,65,2
19.96284453245325,9.826664681570788,65,1
253.0692876423927,8.953720134927202,65,2
106.6374001447424,4.415366318403357,100,1
125.66091591816615,9.614101035585398,100,2
249.59329462465115,4.068502191883937,100,2
27.180904801607408,1.13696069263164,65,2
106.25090355607716,3.409414963802655,100,2
285.6072831508719,9.98421163589261,100,2
209.71977383137693,6.259455987762989,100,1
226.48174944176716,3.3999871062526834,100,1
227.2515902866429,6.241790971696338,100,1
18.171024949183355,4.2913582954995,65,0
60.96227797812934,0.4954859204175932,65,1
147.37897682436355,2.011276303125676,65,1
110.44506974261256,0.1923533804886235,65,2
123.27368793985605,2.547922228302734,100,1
234.43421358770175,7.395650326494544,65,2
4.403770520320583,1.9331859439535592,65,0
198.1475778963716,5.280563789310138,65,0
0.0330695405467373,7.016037187969349,65,2
18.91755767287311,5.486824173989762,65,2
122.4858359512872,0.1537053823719347,65,1
252.28455594144643,3.633419708907384,100,1
43.49872966933815,4.416305008496224,65,2
166.38642273858346,3.427533506884659,100,2
203.55156804802328,5.46263775548773,100,1
68.85986525164817,5.131536812736468,100,1
153.6990765808749,1.8745024097539564,65,1
273.4221849414577,7.519740335305332,65,2
153.66855760965984,1.611637141573421,65,1
47.1969185362944,4.589653702387132,100,0
188.3442890062634,7.563022005202569,100,2
177.6600540025542,6.972622864274816,100,0
8.086427939439368,4.321858847123439,65,2
27.17832172426998,7.889204093438549,65,1
47.03440654230323,7.137578958135214,65,1
40.88672326856098,3.845359172782493,100,1
77.83973116827994,8.955133797711436,100,1
136.23159697067038,1.4195952160000014,100,1
111.51488936969533,3.584821215272105,100,1
267.1949674213791,6.978096712411337,65,2
183.63282282190116,8.729774508998151,65,2
262.8433049885529,3.225797296106477,65,1
158.11179747527967,5.612423995379699,100,2
26.961141206801987,0.1183974983085955,65,2
138.98623471993045,3.708427957636236,65,1
246.6097640527095,3.309350066738628,65,1
58.23113015013243,8.424709064139806,65,2
27.36428362579493,0.7397669056962031,100,2
98.83042150147804,0.6211457211060412,65,1
116.66934919204188,4.427020381942631,100,0
91.87730292177132,4.0738900410162096,65,1
40.5722356873668,1.615599305433374,100,0
75.25195791651436,2.633441950091448,100,2
204.6847213806331,9.741944866254851,65,1
115.77855488794918,5.131825643570876,65,0
189.76483338556676,0.8785307762224648,65,0
160.89113397561974,0.4974682240154915,65,2
164.7158819573007,0.4193786972045166,100,2
74.5648673843388,3.890190407946304,65,2
156.46290983045446,8.656173730431952,65,1
7.078414158960533,8.329165933371856,65,2
129.52312269747785,3.6788639645844015,65,1
171.78684695697453,7.744235848712417,65,1
54.59868640623279,7.522484570158689,65,1
76.96755187468541,4.829954441274939,65,0
65.85930594468581,4.043876619135034,100,0
21.16738657962725,1.805486210150108,100,2
104.357196342027,2.787709874251687,65,1
293.68972993558185,3.3869543612373065,100,2
106.16412193908302,8.127178397352585,100,2
138.1609865510927,5.529529699233292,100,1
195.92617528691252,2.009145269110608,65,0
194.54932535073212,0.9582761086331126,65,0
284.9684940055873,4.966638275803369,65,2
257.2692421197376,6.663166014700207,100,1
238.18520613154567,8.188836128611328,65,1
285.4881677334932,7.973146691542511,65,1
69.22961564495148,8.241557185478634,100,2
185.11625838653777,4.478473499346079,65,1
266.1590300166469,8.656575078434726,65,2
187.24144748343053,4.446082509742962,65,1
293.22614238206086,1.6812129058475211,100,1
30.105814171913703,3.973785496392917,100,2
131.7991508379601,3.400250774884511,100,1
293.20887237259086,3.9217683356935584,100,1
113.87040857097772,6.586192630542266,65,1
221.8669125297913,6.5691651684895085,65,1
9.120870323594756,2.249015193823068,100,2
208.4511343890939,3.159305689192021,100,1
280.3880197582735,5.953548969345507,100,1
114.81188555700082,0.8412846053650824,65,2
6.389951378078839,6.88664196216843,65,2
8.372941318645156,1.7889230528013345,65,2
267.6069917133267,8.507111374968488,100,1
216.75483212887852,4.015876574337616,65,1
32.00591526797395,2.208058664734993,100,2
16.37708311535897,6.678204086001286,65,2
241.44760908464383,5.54030805671653,100,1
242.9581898416077,1.7193562803419538,100,1
36.1565519376147,8.271610404803035,65,1
90.45612116659105,4.532890746702646,65,2
234.0078193721669,1.5224486476990418,65,2
157.6236212862019,7.961819542269964,65,2
286.9754582175898,1.3343448172849426,100,2
144.31879360380148,9.680385017972736,100,2
203.08738126965375,4.418098083174089,65,1
152.93500972247526,7.282222669343104,100,1
282.8896487055137,4.519677297064978,100,1
119.59772762028264,1.8756266802177637,100,2
68.93893655358,7.58114031632843,65,2
97.99015808429796,2.8935702129527883,65,1
255.8325612495688,6.824178329583131,100,2
149.38156905364002,2.57372718396478,65,2
106.27569105067172,2.4110827792236,100,2
163.27800654284485,4.574456175419263,65,2
39.96891218305271,8.162393666340014,65,1
1.6077913876788252,6.136330520037348,65,2
84.17540510804723,0.646688594976732,100,2
181.5017159350627,7.338646963579187,65,2
213.50423089841615,5.797710012591606,100,1
247.98328990559,6.235655298870544,100,2
277.9990678183409,3.535781607427234,65,1
123.63370408943042,5.561616510424016,100,1
222.1550398672364,3.718886985756822,65,2
22.40187905941876,0.8150567116131702,65,0
17.25899963162403,8.444302804945785,65,2
37.43939759584698,6.780267227673987,100,1
134.5707293492287,6.704390121306464,100,2
63.38443154962498,1.9367876460445788,100,1
86.07748258134474,6.635965652419512,65,1
194.3640520536908,2.320306238453518,65,0
107.5566536408538,6.875346871044031,65,2
167.21146731540665,3.3353048462091106,100,2
123.72112702097768,1.5751378673555527,100,1
50.69077665594587,9.062643498999934,65,2
22.205997076768234,1.0465032448095568,65,1
70.86944859296635,7.617878166155728,65,2
17.310140847313306,1.0177566891515275,100,1
185.58358796694208,6.847196430648147,65,2
238.7152804398301,1.1038559465851805,100,2
101.92223047122026,5.088244706205737,100,2
116.13331660570748,1.8799569185131184,65,0
244.857318827792,8.665815827161463,100,2
66.78387371206809,4.014845693118501,65,2
35.748079558462265,0.1542634950013111,100,0
150.33543519932593,6.281612521900507,100,1
193.85705085997117,4.451391389089714,100,1
179.8963275139438,8.59739297094657,100,2
214.16191358225424,4.331441777818177,100,1
17.025354651907165,4.111404801247529,65,0
128.4604838275119,4.540932152131321,100,2
71.57115718370794,8.598540182251874,100,1
227.7363778638073,5.868225615265401,65,1
261.8191452181049,6.6936242023560375,100,2
84.40072224192447,7.204108861557936,65,1
28.56542372082248,9.375155224406576,65,1
76.02838859741905,8.375205926373678,100,2
31.202546717675904,9.27284261643194,65,2
96.72664983403612,3.4330494018426982,65,0
161.4595734965477,2.148400421332164,65,1
292.10428631946195,2.03389511930823,65,2
119.81107630540755,8.57801092150656,65,2
66.01197715638634,8.305912308809908,100,2
50.04052211125052,6.504116113967042,100,2
51.9119298416028,0.6294238399355445,65,1
57.77930497843776,3.1804815738277714,100,2
228.68010676123413,7.342012877684909,100,1
18.30831342972597,2.4856877373554207,65,1
299.22081208291024,6.240589207724244,65,2
156.80591734987834,5.427412218745396,65,1
163.2815682902477,2.6267237406026345,100,2
107.26916360988145,9.343380308342589,100,1
207.07660782363612,2.5673904925980207,100,2
141.4369022642393,8.947911551443156,65,1
98.71838548936492,5.409319191582785,100,1
79.54152111241287,0.918280130216146,65,0
277.6953620799779,8.336247553381156,100,1
87.29685451572607,7.914320442178518,65,2
130.9179778289526,8.309745300950013,65,2
105.10242063494049,6.381485456392167,100,2
25.853648228410787,7.116156263248215,65,1
55.78031834468013,9.070579801644948,100,2
56.850592597914606,1.276983471212234,65,0
208.0948543168965,0.8303784435509731,100,2
121.97562298974276,1.2507563898566465,65,2
234.5902689211976,8.700716426852567,65,2
212.6852773002471,5.629341958249606,65,1
57.6149299188113,1.7606528126932486,65,0
168.87507603603018,1.417120683398848,100,2
222.87265381464084,4.454235553646432,100,2
189.9128770427169,8.157340559105974,65,2
180.00495242639428,8.051767195615996,100,1
221.8832662202304,8.512530689440027,100,2
17.034221776892068,7.689447334110394,65,1
219.42658420842983,0.6161980966467817,65,2
81.7965789460285,7.201669042344766,65,1
171.56167635280622,5.189612903950607,65,2
72.69149840895224,7.26412213246232,65,2
251.64527166205127,4.842827396340576,100,1
144.16780629022682,4.83539051097213,65,2
192.88236360749508,1.2613466099046844,65,0
238.2246130430184,9.052252416399702,65,2
268.5945765214093,3.7462175641921966,65,1
219.6186291208023,5.8237409235034265,100,1
44.63057285712172,2.0715626643789085,65,0
256.359710875736,3.688888986598533,100,2
185.57337475965184,8.7057742318448,65,2
182.83492751408207,2.0959936521692493,100,2
276.4021679414765,2.0610561334229285,65,1
74.64946669976493,2.604991102674901,65,0
71.87628554820999,5.746610879422905,65,2
153.95806640848855,5.2068822102653485,65,2
225.25891996045956,1.7532200188791005,100,2
134.17221246855274,6.919690209010282,65,1
190.16741696772067,9.075400290973043,100,1
135.75741726681565,1.9882887733228904,100,2
183.11615414609065,6.729538254626136,65,1
246.67869078411331,5.863845909184338,100,1
54.143008827276994,3.289389605399552,65,1
208.6135602017952,6.178306186616709,100,2
236.22772180145495,2.0990888820796783,65,1
134.13342224453473,8.33954833441952,65,1
96.97007312035628,0.2221208651877926,100,2
4.063297177320624,5.670629767740638,100,2
239.13150670022804,3.187801818794198,65,2
98.38159771079644,8.813607199240481,65,2
107.19284082241506,4.993662680408301,100,1
100.80184892964368,8.024880392708866,100,1
149.62179924370145,9.238203448511534,65,2
210.74987196572312,3.3434955146368006,100,2
231.55893930015324,8.80341856571418,65,1
117.7712161209475,7.262789280745675,100,1
198.93061051355076,1.0817439710796315,65,2
216.20527508139455,1.039199487712933,65,2
89.07519950321446,8.173453908139097,65,1
28.98644086112798,4.683160896049592,100,0
268.39971619333875,4.951502709700828,100,2
203.13479153447787,8.912465387146744,100,1
194.43312266288743,9.038033368486657,100,1
17.670754563593395,1.127059846866384,100,2
245.36191725117797,3.736483229445588,100,2
169.81624682581594,8.952267692691485,65,1
254.36532519526983,8.19854348343964,65,2
292.36835512102846,7.210088210358766,65,1
287.1300962640726,1.0196720377283874,100,2
256.82680391706225,6.211945662058667,100,2
3.28421214941067,5.818514016619804,100,0
265.71816247108694,1.6716706106856294,65,2
22.51869414829365,7.738587897339362,65,2
255.35819105303017,3.1197698492874726,65,2
84.0522205834871,6.2062572297805065,100,0
183.02050156001027,3.618354858063935,65,2
11.420469344963902,0.843952131049206,100,2
231.3545088354684,5.247948924639216,65,1
33.51183666989145,3.06643135555655,100,2
123.20645150273155,0.7131300334758972,65,1
245.2338006975904,1.9850891609259391,100,1
208.6046989525005,6.18855769190912,100,0
1.8128090574200728,1.0138199938406167,100,2
120.90970036276464,0.8746634105211981,65,1
12.578255089352409,9.44021569030851,65,2
202.04995824554075,1.0752337912141483,65,1
290.68454752599644,3.760597283095573,65,2
196.57837869022777,1.334108904834873,100,2
67.31172933526673,9.3926909224225,100,2
106.56990961996205,4.811613995034431,100,0
292.9951666975403,1.1111924211377011,100,1
67.21572360970501,7.688164424256408,65,1
168.4587219163328,7.807865877069391,100,1
120.13614260452344,9.011994633417247,65,2
230.4945893784665,7.056553869086733,65,1
260.2167815939661,0.5471627384105826,65,1
102.25118230508905,5.503115471029815,65,0
198.1189091098148,3.840398587337109,65,2
164.7143092553182,7.485810502933661,65,1
83.53334701663002,5.909290085058164,65,2
81.58224084390051,7.252005207922245,65,1
161.58949425969118,1.8044391787308975,100,2
46.20086205968994,4.370709939344533,100,1
243.24296894474145,4.321043269825159,65,1
20.701451760120605,9.8097461158237,65,2
28.372345862494896,0.191101628032726,100,0
102.66789267818028,8.160429420809548,65,2
35.42752745914001,0.9711164298733344,100,2
142.71000637664775,0.8037805573409884,65,0
119.90276713256112,3.2817649315069297,65,0
216.54293876571512,7.007668939071331,65,2
285.9012465629161,6.78446323757051,65,2
226.06757542173776,6.278806441246453,100,1
53.8345988641813,7.745511027242678,65,1
280.6563856393209,2.3237805319973424,100,2
117.64002976592016,6.338444448472837,65,2
142.25680827807386,6.38037545770641,100,1
126.47287121119066,6.54335512795114,100,0
84.16410698631569,5.944536350553675,100,1
268.5132863392452,2.215228928375935,100,1
99.67165976898484,9.142988980954389,65,2
173.57894090386392,9.76004628532377,65,1
72.01007531229907,6.891867124199394,65,0
239.2126124310541,4.440797173072206,100,2
232.259597858756,5.371907748071769,65,2
88.89364153411319,1.0837151807940648,65,0
204.4662219430361,3.6339589811261055,65,2
211.1620599284849,9.761343539650122,100,2
168.75342483142987,5.4772226260715335,100,0
180.17951468150105,5.60627543590167,65,2
172.33639148723873,9.53979869020248,65,1
24.559321198453688,8.863541803441759,100,1
201.07960341413548,5.687163778040278,100,1
140.93250295160738,2.689908489821537,65,0
131.53718416242407,1.169314152322518,100,2
257.9997656345402,8.636514256947542,100,1
6.968014038335313,9.200915165175832,65,2
75.39447538762654,4.942849213467056,100,2
36.4210499528239,0.9454856620637876,65,2
10.602313382917728,6.06224730533348,100,0
82.70309930278427,3.6746139894187446,100,0
296.5428818384033,1.5786066064738724,100,2
81.06875196227213,9.191433896389263,100,1
199.11174593873145,2.394490520477074,100,2
35.489667012216444,7.1116151584616265,100,2
180.554289014169,4.293778593026811,65,0
295.344444941494,8.279208672882682,100,1
87.5512570381396,7.008349035094396,100,2
254.42268491267484,1.2316002961855743,65,1
299.27141410996063,4.496117346567222,65,2
176.5662266162232,2.597885552758413,100,2
92.82033012841062,7.135844715114099,100,1
202.0593779697469,5.446888267273367,65,2
253.45446188058563,3.4018121776785204,100,2
51.40507288859349,3.294601469947981,100,2
135.754729152436,1.1448699285469532,100,0
95.75631303715228,2.1382183336792626,65,1
85.00769908871396,7.134662475960849,65,2
258.24637822205176,6.099044804825281,100,1
126.49620204655156,3.5559594597783075,65,2
101.72290254117384,8.361156056235956,100,2
181.0531624278041,4.844128509641874,100,2
65.82047389121438,7.944341543553238,100,2
68.96804717042369,7.811801509955759,65,1
156.08661926145135,8.479989506495608,65,2
122.78181859385523,8.497717072153083,65,2
88.49471517669734,6.79062598627111,100,1
16.18533968223066,7.494234933956002,65,1
156.23227159155647,7.769071960476483,100,2
244.9827616803225,1.6915940022235176,100,1
255.41316158581736,3.002448283355277,65,2
70.63199391782406,1.0423973826554889,65,2
179.8923611842465,1.8937136240683283,100,1
256.7643928388821,7.782872523011868,65,1
122.61777848287944,9.471104338753154,100,2
279.64104519225856,6.7363546673086425,65,1
270.89355873886586,8.860477070406507,65,2
62.44016922564282,3.179766819410052,100,0
77.68944987006114,8.45795580306502,100,1
54.132599593790665,3.3878593582571934,65,2
58.81630543641069,8.941667249119622,65,2
272.3586261520494,7.980458381772583,100,2
279.34137275778687,9.835971854533277,65,1
15.569172355539283,8.272727113763244,65,2
178.08100670166144,3.982096586020495,65,0
169.26946885727148,1.1007978013576702,65,0
117.16429401733797,8.742730998922953,65,1
189.5092778469321,5.711909735333869,65,2
284.21034765325504,8.581415493448842,100,2
51.07646481664385,3.871289145756713,100,1
36.12327291493669,0.2894923346863343,100,0
10.0171712486927,0.5241658729473786,100,0
109.14999235204304,6.7049847939910485,65,0
101.28854312335982,1.1446257117117442,65,0
129.24590644759317,7.454619956580702,65,1
150.9930092642847,4.194426079056824,100,1
227.3471982091364,5.631079176345221,100,1
117.63401713725553,8.012133761194299,65,1
99.18393280837007,2.530714443031213,65,2
248.06364607788808,4.1290254818650975,100,1
254.9390011960969,7.295573162382514,65,2
69.82978928800595,9.184277572298678,100,1
94.4015468133925,2.902997614949412,100,2
247.5349112730265,6.227229443964397,100,1
23.822473289329448,9.512139588594255,65,2
97.75403411722137,6.488521890409563,65,2
134.50503211225836,8.927891034743796,100,1
56.12148456017131,9.397298514768488,100,1
53.97425898320945,9.29342622428758,65,2
127.4586174040586,7.5847708431100305,65,1
226.3565174204567,5.5209548630283845,100,2
252.06989386428825,0.9675283789317168,100,1
293.770527760852,2.227061405648999,65,2
22.195215027515715,2.5576712650115754,100,2
65.00466034379781,0.3325957283696501,65,1
226.98895271525933,1.0192337790804695,100,1
162.17961181669855,2.947566982782953,100,0
98.30393218872548,0.9074094225619788,100,2
61.67689837417306,1.6953500773364572,100,0
84.14326549273441,0.5441759737586449,100,2
128.78668509028557,4.165326495990893,100,0
53.14536585180982,8.213272916730688,100,2
289.2677867630252,8.122438442032182,100,2
32.27653337996232,9.04890429598096,65,2
295.6732303467657,7.45599502587048,65,2
252.56798580020177,2.4444195670896995,65,2
126.94548525412172,7.023898964558223,65,1
221.94490031646305,7.538218957135325,65,1
201.4545731089158,5.431075414411046,65,2
63.98607538467929,8.070105962882533,65,2
101.72102583568392,0.7126584257665969,65,2
153.93676884163736,5.947805869052159,100,2
191.35325396631808,4.7989338006849005,65,2
162.86849440698646,8.05211814999022,100,1
141.89623830194213,1.2796059563587048,65,2
132.94568203647006,2.1262397664149058,65,0
149.47934978850537,5.586919644553898,65,1
130.3054559537911,9.47205321954128,65,2
162.39902326371478,0.8319990215193174,100,2
266.39558971400004,7.433770240038562,65,1
189.8487939163835,2.0539920200999564,100,2
216.78626249656205,1.0544886808488396,100,1
179.24494011923298,3.9476611384354183,100,2
192.90530472420068,5.830528328432703,100,1
173.50494853445406,8.27017941172108,100,1
8.059956658746959,6.346918507400091,100,2
299.87951466000595,4.916671429261613,100,2
10.082772063869005,2.85667366361304,100,2
118.54440247009612,2.925530433316043,100,1
31.534703489680027,7.705768312650543,65,2
29.078535132279736,1.1405967503153391,65,0
238.05808550234508,1.4647376737164708,100,2
127.77773380742308,7.197363789960311,100,2
240.34161248962943,9.610420292826047,65,2
81.83594120424945,1.2023420333306722,65,1
76.93883754187043,6.0942608286110325,65,0
75.36941454433864,2.391883872680705,100,2
184.84368792237575,0.2575781487251705,100,1
244.49981695368,8.322676560647224,100,2
135.67830302257218,5.0860460398680285,65,0
113.77466719232471,0.2388995169441821,100,2
292.0738662604948,8.954533020999587,65,2
35.026210803491644,5.356852406273721,65,2
145.98980461346775,7.370673884060989,65,1
122.54632595443032,4.235048110968108,65,0
29.437978976067114,1.8488327270462104,65,0
80.46010862646575,4.65573305793742,65,1
8.532363773733609,2.8767235045265305,65,2
263.0862866948871,2.967354387869328,100,2
182.35485869712036,6.438781213058148,100,1
244.50554936107525,0.9407965505520456,65,2
156.46633572089695,3.9701453213658455,65,2
179.8529488265683,5.466453941191628,65,2
210.25634334274943,7.098574724265849,65,1
272.4034882392645,6.3289926264555305,65,1
27.525566347753728,8.862465707105532,65,1
99.28451842071809,9.923842825293898,100,2
212.70785721000016,9.374234240147816,65,1
287.50516890041786,7.641523727985167,65,1
294.2422285470016,6.86015254852777,65,1
191.4309027411787,0.3543168410829422,100,2
58.07954332646018,5.334988126767724,100,1
35.76267342418702,6.6371690113872965,65,0
283.8130932841276,4.129400479349954,100,1
130.17830683875223,3.847966128246104,100,2
58.444809978805445,5.425264831661613,100,2
280.16775473328033,9.066399183945771,100,2
31.357281469293564,2.6092836912466866,100,0
218.87132905712247,3.990548210729692,100,2
187.57890826300024,6.530878066490696,65,0
26.32039931426755,1.8600725996607304,65,1
101.62463869183264,8.349035805176538,65,1
44.9792068620032,6.660672045881498,100,2
181.3495777599484,3.5226205971643965,65,2
143.13390950322864,7.221670048248043,65,2
1.2825373981472876,2.793465373444466,65,1
292.7131698851724,7.744608967348553,100,2
104.87539496686212,0.7068805305717252,65,1
77.461317851115,4.267519873767417,100,1
66.7328867382308,2.61638857863045,100,2
47.64476885207035,8.167003873467657,100,1
299.74112286495296,7.527470629328184,100,1
88.53284036448146,8.41861380561189,65,1
121.6540491672845,6.515630421022108,65,2
261.40677485342667,7.95322417616304,100,1
192.56625106286344,4.387882692485023,100,1
110.60832352358176,6.780574161018997,65,0
269.4985307771559,0.3111766901967561,65,1
224.91726066408003,8.807246085395253,65,1
68.3701522625099,6.847736512030317,100,0
193.12169837997607,8.660964577184997,65,2
276.7195494877204,7.708588676193896,100,2
148.93826353512375,2.8637668094126347,65,2
220.0837208495001,2.728802295944085,65,2
291.33112319674774,7.9963877757352115,65,1
207.12424226856388,1.847091918213043,65,2
30.731606929824185,1.1066120082843445,100,1
73.3678652793868,0.1504220499458286,65,2
178.5289312027947,2.984280459186545,65,2
82.66674461157183,0.992650505691971,100,0
287.262511616742,8.01686530096765,100,1
121.60561020665212,4.845438309817498,65,0
137.16912171970952,2.525152241433004,65,2
210.4806280410352,6.020869381917931,65,2
157.27491940256223,0.7035241999696806,100,2
114.6437900666305,7.261212512835015,65,1
22.99136254637363,5.013930449414614,65,1
178.93367685235916,0.0647636922800898,65,1
260.2740092382104,3.192171529147594,65,1
205.72873252801685,7.501923733892967,65,1
114.44850301408566,1.881151704835816,100,0
38.31781938693882,9.61877257871922,65,1
244.9014560712732,8.966291443211349,65,1
282.5245086693614,7.782387287959541,100,1
116.48189723887944,0.7854835850031527,65,2
218.59265675521848,3.538372976333799,65,1
123.2290319672267,2.9819734510891047,100,2
150.68008165565982,1.3762531840876913,100,1
250.94291418492293,9.996188950868437,65,2
25.027302663346077,1.471976349527918,65,2
159.10060463601152,3.15327546543,65,0
64.38608240136674,8.801414525677062,65,1
101.94178364872872,1.443853607985518,100,0
193.32864739268229,4.695279719537307,100,0
8.168523701054509,9.756901306994695,100,1
178.14752969194882,2.4728848296573918,100,2
85.0326718361249,7.030582169695831,100,1
200.84530824242165,0.8003964837578093,65,1
42.474405573916265,6.00871941248288,100,2
220.7434811448536,3.390495330988234,100,1
193.69191592889345,6.995645320272685,65,2
291.37254986410534,4.32890005435277,65,2
273.3706089774444,2.9899864655466057,65,1
84.9908589599107,5.460078853341836,100,2
8.194971817631092,1.3968691292071989,100,2
196.6105683335273,8.144319706485138,65,2
180.86621670140173,7.507093919816078,65,2
8.22863062993382,5.44968171573501,65,2
36.8032587607778,3.670483012973949,100,1
175.41051136079568,9.152261606892887,100,1
273.54817921304755,6.344583999974136,65,2
271.9500829540221,2.848001324115168,65,1
45.44551638362245,8.067086086892393,65,2
115.37218392157487,6.35019701732663,100,2
12.960859305652209,1.2701261654684182,65,0
140.78155390887872,1.1423324460873008,65,1
225.9250379019617,9.381050194336368,100,1
236.99181340968343,2.8791198112394434,65,2
149.6968399789719,6.63482599321441,100,2
28.76090241246552,0.3643387306741052,65,2
114.40919255446993,5.5650193680544735,100,2
279.6305879923093,2.3112863778434454,100,1
68.88376695591441,1.3962626935695666,65,2
95.92633497381794,7.735031256342612,100,2
224.04815263892127,8.095426569395617,65,2
220.07423666578143,7.152122338665443,65,2
273.6606864074797,0.1118684514152068,65,1
116.43560721611264,2.84909215643284,100,2
154.37961716228736,3.609612664364972,65,1
140.2177383661433,6.908502238516317,100,1
278.32565130673595,7.555436816761115,100,2
230.7991766473904,6.278549220279129,100,2
249.4325339501545,7.890883447380216,65,1
39.92948064882327,4.272998778194647,100,2
237.554007860448,5.418449898367711,100,1
129.8936298172491,0.6425017507722797,65,2
7.001604849194132,4.27163246545425,65,1
18.026505822985385,4.326331134961543,100,2
203.37238192045336,6.115201095682636,100,1
111.60373234379097,3.7789635267831634,65,0
260.4346719670441,2.3845498705148627,65,2
220.28194016275992,2.375962892606648,100,1
6.504003500088529,1.33872894734557,65,0
206.0664935508006,7.010226500949179,65,0
57.70574181970687,6.225683810552795,65,1
126.77477061117362,5.792499199404496,100,0
187.4205606368888,5.310196292654369,65,2
261.8153523887079,3.6753749886657374,65,1
136.82936651758178,7.6871686663073024,65,1
242.54713625734036,9.220241650726187,65,2
234.88969884018985,4.399891891984298,65,2
124.3615538553775,4.090886059468946,100,0
150.29404902987085,1.627275570844533,65,2
210.14550301494396,6.707088053140171,65,1
9.344530394081918,5.580922633778133,65,0
267.2434241397738,9.87997996237808,100,1
230.94484783130804,5.84323166769958,100,2
74.82476442069913,2.886108661948892,100,0
294.35398595669267,5.629406617279221,65,1
53.81710577688563,9.846952327210785,100,2
274.2260021113205,7.233351800241498,65,2
97.34203749693334,1.2857730876994369,65,2
228.94401304924077,3.431626183319463,65,1
136.91297797438352,2.9868496105256948,100,2
220.94021623500063,8.568237789874162,65,2
46.73491438180988,6.111628481612073,100,1
80.85193751594484,8.101019962326655,65,2
29.957347341607687,1.7624605343347766,65,2
259.54319443134096,9.0803490496635,65,2
88.8878963308498,0.5831099709560195,100,2
208.34286882499904,3.748371871207485,100,1
246.0663593224584,0.1414904428643193,100,2
270.4254709138038,1.8427949410697408,65,2
31.889134593515344,9.622258658374314,100,1
267.90448005378374,0.7849533139047571,100,2
59.17583331921584,1.4540657737161078,100,2
221.07060347728847,9.2484902624552,100,2
218.65470580938336,7.101745639395533,100,1
2.5509425222862703,4.069644086416732,100,0
66.18717249307628,0.6876581738833432,100,2
147.5725543994602,7.850389590792439,65,1
126.01041199898464,4.927266054756558,65,1
275.5720439653829,3.2301686632399207,65,1
107.92226085075694,3.607504254750801,65,2
281.0951144507887,5.052775379745039,100,1
137.82879551775932,5.5123282307816615,100,0
289.30586899204974,8.18098770870433,65,1
221.20644300745835,7.717037220699861,65,2
248.8003774896468,7.670586915202087,65,2
31.4630665047003,7.292979863202854,100,2
175.8424299727103,7.577869151430114,65,2
42.81010794880524,6.776015251949387,65,0
89.28630061529222,8.680234733881464,65,2
187.06962185018045,5.5745429610608745,100,1
217.86771140816725,5.208442596064341,100,1
11.75513460337525,7.012959786388669,100,2
159.28311932170942,1.6600597307977494,100,1
169.5941958869659,7.769517138350426,100,2
23.648399133060348,9.361558432172888,65,1
150.20641026022906,2.962599648147055,100,0
214.152684014948,6.110449571784767,65,2
15.96818546265929,0.3262251360104129,65,0
228.0803328971886,7.65822862672667,65,1
172.92795147124104,5.596681731860392,65,2
249.9681624815373,6.7365428463469526,65,1
65.41877185622099,1.429927199418044,65,0
249.98210526393552,8.094548053608012,100,1
28.3682925802404,2.5593633734362786,100,0
121.14890893340142,6.847922032934237,100,2
59.84543745739455,5.931417650302112,65,1
262.80624968726227,6.537914461283672,100,1
211.47594489053213,0.5023728680615802,65,2
7.608533148218455,7.418505702312233,65,1
2.857006684186836,7.952497285276757,65,1
87.37477634450092,4.748158231524108,65,0
42.98493428416962,4.088610442370843,65,0
189.09134326805875,3.425447039548394,100,2
199.13908016476796,9.278819064822702,100,2
282.58527109841026,7.550682543415351,65,1
285.61197736375226,6.986187272366482,100,1
197.6690116234037,9.256066246254855,65,2
1.7025338558126155,3.487692306192136,100,2
107.69937497088428,6.301380858165785,65,2
153.94245397417987,6.860568305268462,65,2
149.7539269525398,9.962275433177508,65,2
181.002188850668,4.271861144071557,100,0
288.1654448414281,4.001810519397775,100,2
265.5578075865461,0.8448792431060081,65,1
32.672410035146484,0.9845248473997514,100,2
79.79411741801798,5.117990605316475,65,2
249.9328252258909,1.711819594377065,100,1
247.2920726457621,0.7293083225695762,100,1
82.61121723650129,9.648930050352366,100,2
219.17640920583585,9.514173979083198,65,1
201.6112136153572,3.252767683489932,65,2
142.05718949098846,7.898694069333043,65,1
60.436485803708806,8.725490536191707,100,2
266.59295426822587,4.647470677839905,65,1
203.35535529205043,2.236971057603652,65,1
50.697877463512405,1.2980482731078946,65,2
211.44070345225825,1.4082237142510357,65,2
222.430115873094,7.969331547370066,65,1
266.0640855363122,3.8441581502626274,65,2
66.85177657258048,6.935076504505487,100,2
296.62623162402195,5.386934343853417,100,1
46.01802675807637,3.946683804234553,100,2
180.2066675578749,1.2381573918426048,65,2
197.1529515820436,3.33448987628938,65,0
125.68586857975816,8.401739208538073,65,1
142.51131263111597,8.113979369585518,65,2
267.2730290166412,0.2836859196568397,65,2
193.58226889963856,1.4027655837512798,65,1
149.10028747040587,7.559012167332496,65,2
38.50486873005741,3.3573289636637527,65,2
2.201287566940391,6.435910669585375,100,2
37.49058544555004,5.626757389940499,100,0
286.8553702429516,6.520673153948854,65,2
229.2260348973992,0.5369655092428727,100,2
290.1348982530743,9.311192055302268,100,1
10.712612912451558,0.2096954975531528,65,2
204.06612115759177,0.0803249598474531,100,1
13.288057921025398,2.261530023888973,65,0
234.61694066064692,9.934959194307332,65,1
114.28505182055828,0.725324346003734,100,2
28.72960803194845,8.745001740107142,100,1
170.4139925362546,1.590890704433059,65,2
84.03605898041643,1.0910329319019083,65,2
197.87218256154557,7.789703976190943,65,1
197.4524278541371,8.466787145536687,65,1
211.50224223622584,7.921828884592114,100,1
297.73952363332774,2.410288791877492,100,1
116.0093129842216,8.79842726067651,65,2
139.59464234553027,0.7188543219013832,65,2
241.38351030760225,3.4197746323905958,100,1
173.5110069065656,4.631831257277796,65,0
11.177163206339891,0.6773527160702275,100,1
252.92355607795696,5.7984327854861615,65,1
15.449604581412292,5.593830170655902,65,2
51.246040947535285,9.921825749081837,65,1
30.62399009225616,6.216640027879551,100,2
23.378139864336056,3.975456768189961,100,0
7.70546259141306,7.901848475346278,100,1
16.508314191710216,3.3496700417359726,65,0
132.731756753643,5.328686543725368,65,0
75.85568099478417,0.5546960679322077,65,2
37.96106502564562,3.2266577446604474,65,1
197.6116628179578,5.2810801475399405,65,2
67.83357319027755,7.023118937251867,100,2
5.684746603442836,0.9903279037046276,100,0
125.5259351301983,7.971867291439168,65,1
93.12989759349152,9.001589866512646,65,2
95.58132940394782,2.810371655610941,65,2
133.58100845446845,7.653465807843041,65,1
200.6741781702833,1.803484911606943,65,0
184.9437360113982,5.234158717566895,100,0
281.17848293666265,7.976353650720744,100,2
155.31499989075644,3.864916855784588,100,2
141.77097291752165,0.2630025203882091,100,2
64.02433056506909,5.399673752141848,100,2
226.61438665444703,8.446998729007388,100,2
42.23273286428542,1.0832737731459352,65,0
147.33986694614524,0.2964140214251098,65,2
126.39665951623331,8.090407759845862,65,1
197.49026352132097,2.671325786713558,100,2
275.28644098699766,3.64343705738884,100,1
283.9786774494667,0.8698202990459991,65,2
50.33978014894752,0.9661898442446726,65,2
78.54516548015346,6.1454335691600654,65,2
243.490595989412,5.522296493464928,65,1
155.48392873475785,2.924017764142524,65,0
135.91037050671954,4.527375562847748,100,0
213.18763571421172,3.8819776434302513,65,1
180.57748578209157,6.950529164212854,100,2
291.2142163264004,8.620890248135872,100,2
175.1923956864801,7.651024194460167,65,1
139.79214790417598,0.044076496682005,65,1
162.8452086234527,0.9955346112119255,65,2
242.561945009092,4.293767800534124,100,2
183.80251703556624,8.517988558811007,65,1
194.1144274160153,2.3697418807404502,100,1
291.4316640109776,8.789520865485086,100,1
185.5186453276372,1.1001365854113163,100,1
114.08557450036194,0.7260712384847423,100,1
207.39780810383897,9.134196971455978,65,1
197.83781909319345,1.6197692599669145,100,2
4.154290651914572,4.637755816321158,100,0
140.19878903574994,3.259570441764917,100,0
222.8710808647198,1.4763643466486651,100,2
149.71243731633868,6.321110149600365,65,2
233.8863407806168,9.636727141315074,65,1
135.26510892828432,6.581094468542239,65,0
294.9964792911707,3.536986827773304,100,2
87.86747676116661,7.117969558099174,65,1
27.63678244382206,1.4324815546973346,65,0
129.0035403462292,5.800163106934103,65,0
162.5127074621757,4.69457446146198,65,0
104.72811950473844,3.5998357142363813,100,0
72.68434803538769,7.395673024294248,100,2
201.61760741564672,1.184871454224401,65,1
113.13752995687562,5.32790475483174,100,2
189.41055873019107,8.543973265533442,100,2
233.7214345796328,2.017101556958321,100,1
228.30078832800712,2.645412419294888,100,1
112.59279319070738,6.606717927717815,65,2
170.36946868505242,7.725869583954948,100,2
134.8974673328227,2.8333560138177294,65,0
261.2415758128981,3.598980085367667,100,2
263.6275439399998,7.399124828894812,100,2
103.12247486641104,2.8532366513703336,100,2
27.521234363619214,6.662475047064852,65,1
50.27474499720584,1.5883475080578269,65,1
110.10052263926514,4.113104594884124,100,2
169.2749864288972,6.886772097232317,65,1
197.0361032893288,4.59904556101958,65,2
99.41131388580008,0.1923734835852919,65,0
200.24973588719573,4.06380357104514,65,2
281.3219951021268,2.8833529088967413,100,2
195.60423815068515,1.012821828293594,65,2
47.569568833305375,0.0913801164865113,65,1
173.90067389328829,0.455154015663558,100,0
162.56865503009485,9.49247657737741,65,2
261.2100332695262,7.498192076782529,100,2
105.0909165638923,9.397417129131409,100,1
126.883683017004,1.1478389662015809,100,0
179.5977166459481,5.7050971659833225,65,1
157.32759352260763,0.8328856504819304,100,1
215.70497772155227,0.2680639120070271,65,2
12.116697273748745,4.662811444402574,65,2
169.05480576208794,6.463435472978527,100,2
36.50156790116258,0.6356236092479906,100,1
94.5626977559164,3.650597167269953,65,2
198.4880584597171,0.9016700157450108,65,0
47.224260177653306,3.6210364190015634,65,2
92.65255065138864,4.717956982955299,65,1
210.9019448505936,3.3753138532425475,65,2
195.24157275805015,5.762490243007071,65,2
27.31190076292141,5.845900564236849,100,2
173.18054804769716,3.32935332780182,65,2
44.17633857559184,3.895984160777624,65,1
75.6814136143478,4.410656179122601,100,2
137.7633835907336,3.756533065761272,65,2
32.80404698945674,7.606476605576575,100,1
298.09409037557003,1.3994750401555678,100,2
49.61086831620034,8.570354299756206,65,1
234.39378852858133,3.3125101741851024,100,1
248.95165350696752,7.239608542398344,65,1
298.33919096880044,8.837757950891383,65,2
128.5959653556805,8.874527016712142,100,1
262.22835604180204,4.523650700145322,100,1
287.26183170505533,2.5660315790182757,100,2
51.86824346840015,6.057604287571362,100,2
143.8308267178598,1.839630105909471,100,0
18.003245656826316,7.90596872154085,100,1
186.21720360726047,7.113448991499883,100,1
174.4218470569699,7.956405243040684,100,1
61.23788539895914,4.332575084152692,100,2
239.37082766823784,5.574282998979453,65,1
11.180616829061965,1.0272663649775449,100,2
241.8681972382671,6.876456175996108,100,1
7.993587349160213,4.868386805583008,65,0
197.04864364090508,5.092383020186551,65,2
23.630854174470382,8.469921486916284,65,1
75.36765579369688,7.723211095888427,65,1
216.5740047935508,5.351925411471611,65,1
84.12143988761603,3.551063267908019,100,2
153.35215461532042,4.464354420690272,100,1
274.5744808560343,3.507636712202066,65,2
14.890306210973502,1.5160541670749903,65,0
243.32393812070205,6.457759748174167,65,1
19.58159957054686,6.915150025807378,65,0
38.038453301003,9.712100345381447,100,1
35.795731166763254,4.557044757953513,65,2
298.23068496321787,9.972924127590998,65,2
54.05589579946002,1.8709858550581937,65,2
269.02855387688044,6.566308329805839,65,1
297.2796488839663,9.947686429684875,65,1
115.1354311236894,6.403249693903407,65,2
189.31456305860564,4.523698958277194,100,2
233.72737612908372,5.15252300963446,65,1
117.79352455086249,8.455111384836338,100,1
48.54424214934219,9.39110495786766,100,1
130.12882313776836,4.539265311480527,100,0
231.56629350088335,7.723700283475132,65,1
234.2288288245209,9.336884198553486,100,1
69.161637651274,2.821205756954136,65,2
52.48969196722396,4.931605942333668,100,2
276.1682106301049,9.95417554952839,65,1
13.199709167493168,3.5347856521106404,100,2
220.42154272952607,6.196879558776626,100,1
13.9264156340262,6.570315557571885,65,1
251.37001525829635,1.5414842694784223,65,1
271.6244440008306,8.066170255444833,65,1
89.2257372687297,4.129006092580663,100,2
22.18069305500927,5.003234135683277,100,2
144.20536090422857,6.428424701678093,100,0
89.53891102364304,4.104846943711457,100,0
125.1408428431137,3.250824656470664,65,2
199.4956360466041,5.46430728191143,65,2
62.947810784615086,3.467849341824833,65,2
107.0854708542259,4.34129723862405,65,0
234.7687470878021,1.0840750885313977,100,2
193.1285849858465,8.44743061362904,65,1
97.8826473453716,4.117072252702524,65,2
199.29048007797857,0.8278400753822857,65,0
229.59387686759,7.900237508387914,100,1
177.74567428583623,0.1962531133328315,65,1
71.84904975030256,5.993462005611501,100,2
0.0735871535979204,7.026637597298496,65,2
240.8547320964844,1.912104075291846,65,1
246.7900665948493,1.3125942920841271,65,2
209.28135041830865,1.1388302750940027,65,2
22.974279410284137,9.933299901734816,100,1
175.56668625241386,7.550868248904223,65,1
246.30620138148217,3.127104703666297,100,1
116.9004960324497,3.355576755469285,65,0
59.40022026607623,6.486247546368902,65,2
176.2881891724412,4.576719585501444,65,2
247.89198819026336,2.7134014406226017,100,1
14.66098761211967,0.5709660656745374,65,2
179.08536514822072,7.838536449883659,100,1
192.95213860180257,8.882258656128098,65,1
180.7101118044839,2.059592860805409,65,2
195.01010527111453,0.634051142164368,100,0
189.4125922812464,1.1862550571168584,65,2
39.12116549410472,4.142593117362114,100,0
70.4810330846746,2.993482472255492,100,2
185.69820158670305,0.734578159217818,65,0
5.307948341031232,4.548687439182267,100,1
190.4233556169733,2.0391890288336767,100,2
199.6159871355096,0.6694857935229037,100,1
71.75242795849755,6.579281387512656,65,1
179.4398489259419,5.72506292401822,65,2
160.22701821712937,8.263978978068721,100,1
78.20746444593414,3.0228149971529072,100,1
138.89220356242635,1.3582267738547682,100,0
272.88735882365444,3.601607549354584,100,1
127.98083413796486,7.787070515583997,65,2
188.9532530638505,2.4173935514896594,65,0
10.60524631220826,2.5500084992722885,65,2
23.34003399662964,1.475846840222682,100,2
24.392421990995537,9.86514361846702,65,1
233.47222908793364,9.673098252436429,65,2
105.0770684410358,6.580521383755662,65,1
68.283506509744,2.14818084286152,65,2
224.1973705355168,7.665563375290789,65,2
50.98801876685234,5.839334295997206,100,2
73.94775752108418,7.495661385656588,100,2
129.27943298100627,8.604103604409607,100,1
99.43142070438398,3.184743672731636,100,2
175.6176633109933,9.136987435918414,65,2
101.3521857224543,8.985583297308692,100,2
117.88549075766758,5.471305011525952,100,1
258.8659824748458,6.84571553188297,100,2
265.3594318884007,4.110358888263816,100,2
248.31335724402223,6.55102740425469,100,1
259.4492798113898,5.489584724202075,100,2
170.91860080173512,3.2281989035609597,65,1
193.8699644254152,3.2283856197795515,65,2
167.15194996648216,6.516660740469307,65,2
235.676425215876,9.566280304339884,65,2
165.30014572843328,2.015482805335277,65,2
33.32308936523416,3.925366528956067,65,2
242.874036137058,8.05709191300836,65,1
228.1755512032609,1.2301147388662403,65,1
246.0901785847876,9.94166790477752,100,1
57.12883901692856,6.781385752746263,100,2
81.48511581449011,9.108004659626284,65,2
88.725509179059,8.380535433677244,100,1
152.4241608557021,7.771349355463758,65,1
40.16312524903793,0.3290106028955875,65,0
115.6145259824602,4.064961155881944,65,2
54.64744832370888,2.018623946708116,100,1
79.42881390982095,8.713333276176037,100,2
211.9162903675282,6.802862667984489,65,2
256.44334689518433,1.0707331182262614,100,1
6.871759979155156,3.5959775006557617,65,0
169.7690890065001,0.6930816923429861,100,2
10.817928618680138,7.39996628307898,65,1
25.57477350346509,4.18317975632316,100,1
211.5252103842327,2.34371269219819,65,2
220.682431950635,5.176905873654162,65,1
244.19420195183963,0.4204443479474395,65,1
142.2724535310915,2.572946132879835,100,2
257.94224460485646,1.7530421446180866,65,1
50.0514874924873,9.30643660352676,100,2
74.91492409050079,3.7710740602267543,65,2
40.3506442805914,5.844729664013276,100,2
239.26117817456296,5.029419508328105,65,2
68.60253551598568,6.592048739774018,100,0
46.653372827488695,2.791160308658899,100,2
186.93320627641685,1.2077957934348815,100,0
23.12460790820232,0.8145160606053314,65,2
13.47008316605176,1.9339696425130597,100,0
32.01529456573768,4.828295529686163,65,1
0.0722651961502784,2.360273861048628,65,2
209.09704626653772,4.340020787080865,65,2
168.6705965143436,0.2930255303534446,100,2
62.962532711317166,6.275510976945484,100,2
69.90148439327875,8.781615988681535,100,1
243.2905795410119,0.4758993998091099,65,1
150.54603475809012,2.1803976639882263,100,1
209.5585071245219,3.177704090463424,65,2
135.82663538247468,2.8724057422982883,65,1
71.31540780623769,0.4038515448560531,65,1
291.1208402048721,1.0657847475567583,65,1
169.69426901261923,9.124617890214129,65,2
39.294571130373726,7.113618018186121,65,1
121.82701265517204,9.58438072242095,65,1
98.8012235840702,4.40462106935388,100,0
64.2262405765564,8.790331356208997,100,1
280.03199677207783,8.165392075742577,65,2
264.27599863792574,8.749410555097594,65,2
59.74413495603492,0.391541609694499,65,2
105.64436671665504,6.525156567896154,65,1
228.69461750124648,5.666289424426035,100,1
62.5518144420647,5.452157580791216,65,1
177.46945878127335,5.043839663749735,100,0
209.93818263744495,7.959765441591939,100,1
196.1916977132299,9.680569265103342,100,1
211.92259208265017,8.289188325553814,100,2
212.0098767086289,8.703953735205573,65,1
289.4417759546785,4.839027052391409,100,1
103.94966685609587,6.906092702738085,100,2
263.5771273127519,4.155643325777265,100,2
6.542118754532034,3.602861443805907,65,2
86.46088899698496,8.952813986031869,65,1
14.59673459973947,9.052112575710684,100,1
195.36118798675207,6.822201922917262,65,0
30.237111219485868,8.378421896027927,65,1
253.71205909561388,3.603637349322741,65,2
193.97750513707797,4.337606298928231,100,0
8.644620316081708,8.210162920323661,65,2
214.4332096303869,3.980502802706275,65,2
258.6104841770883,0.3996761920917524,65,1
198.3363022986448,3.53298349149453,65,2
9.157264780509657,3.9823030414678096,100,1
257.375864538122,1.546362003395415,100,1
219.7391738802105,3.441242849404804,100,2
113.53539374519526,9.34422015000134,100,2
98.5890774946508,8.585331039016134,100,2
143.94605442223204,4.459239610045048,100,1
260.13052528136126,7.098895698897182,100,2
75.61780556086725,1.5184996190188538,100,2
30.28914337236034,7.525508593137175,65,2
259.390911888315,4.757847699644099,65,1
7.8869546642168835,7.22568212030899,100,1
273.29910667321934,6.440232549431909,65,2
91.7235582904202,2.3276460794952323,100,0
152.4668105064803,8.346915717220938,100,1
39.68865742566842,5.721766235167923,100,2
270.6764908130056,7.841974125137518,65,1
224.95086701532145,0.9398634552003082,65,1
277.24667598241024,6.153503393155136,65,1
204.96871533544876,2.9188401952101515,65,2
55.40813302269784,8.608953675702061,65,1
92.4801008958748,9.495059661274537,65,1
146.054572531042,0.5582763560961801,65,0
182.1774616080621,7.242828964599223,65,1
277.9378312008821,1.0297781628104696,100,1
115.18543973674169,8.575073663881266,65,2
210.92160657214376,1.2452433218672687,100,1
288.30265467324654,1.9500687254923064,65,2
45.7122190246359,2.516201622040495,100,0
258.81287663386445,7.278326865594151,65,1
126.2118211179596,2.925344560583296,65,2
219.72653277880104,5.960848594197047,100,2
88.0615016211251,5.7194266718477,65,1
100.19526547980048,4.022616196442157,100,1
8.13996746041984,5.394895646246132,65,2
291.4212459500879,1.181918137617303,100,2
244.0357725692353,8.761742517288795,100,1
28.175387377866144,2.070766397177249,65,2
299.85263869913234,8.802266228135913,65,1
181.50737916088244,5.187374394549914,65,2
256.11859138931493,6.139359178010393,65,2
19.99822898336069,2.5729702820899334,65,2
116.8353535475771,2.223294630592787,65,2
200.89533669108295,4.907029679302678,100,1
31.93011560991046,2.6735939311486656,100,1
146.67085159620018,4.231390319178963,100,2
132.80336236324246,4.402199453252603,65,2
64.81206734207392,2.709173246312815,100,2
90.08095075554068,2.9172998380693915,65,2
290.13550634849474,9.729094104958854,100,2
86.59454580298079,5.874552495434163,100,1
64.0278401905233,8.318746200181259,65,2
160.86275132050002,0.4574228479971498,65,1
201.28741022108932,0.0192461803688526,65,2
217.5279333208695,5.191023853027615,65,1
226.27415534907485,8.268053042371657,100,2
11.04974745442593,6.109188370798701,100,0
118.128120113869,6.188296863274179,100,0
232.18742393492704,1.3935841709830743,100,1
271.45563054003884,9.78567478660034,65,1
180.66003699983497,5.2970062542295295,65,0
15.6920560529057,1.026018231733732,100,1
118.99374175653936,4.141972947582515,65,0
22.268134760536395,0.7197118070960429,65,2
224.56135880537536,4.18140266069531,100,1
19.05164078449957,7.11561795739014,100,2
55.71932002055318,3.23526168466917,100,1
125.08752718943228,3.131022622796574,100,2
138.7945101344616,5.143392348753101,65,0
121.94451009450368,4.98485947081172,100,2
139.0189939818,4.671426852137024,65,2
213.97174560605995,5.168443470811484,100,2
110.78064688666244,0.4795915045479071,100,2
164.32513774518574,4.742667196337758,65,2
91.01077725861968,9.9201075095965,65,2
106.08824852714478,7.643355666516073,65,1
184.13968771262424,2.8756918583787217,100,2
147.148395491106,6.777139544463165,65,2
216.91088845778432,3.299025576487271,100,2
168.1615764155249,1.915141225161308,65,0
241.07222561516187,7.735517284233819,65,2
133.02246389841497,2.095863391415156,65,2
147.31008596004045,8.586259674204982,65,2
200.99140467028187,3.804096157219626,100,1
66.37318332361465,7.568434191835384,100,2
115.77886107937826,2.5959651275778595,65,1
187.45237320351237,6.527352109525872,100,2
8.662880779720917,2.1253177036071547,100,2
131.09143009018248,0.218344763288254,65,2
179.65498089183504,8.14604165713378,100,1
290.21265959345936,8.561627166193668,65,2
263.10496848530136,8.805741953936403,65,1
84.22258588279745,0.3629750531937226,65,1
152.1630312086774,7.609218215128496,100,2
16.924311798027393,8.358704089580174,100,2
72.22632444534214,3.116981303213798,65,1
232.45676042042703,4.704512988867102,65,2
36.99420368260336,4.079151496177139,100,1
77.30715745018698,4.401023389730812,100,1
283.2127505207424,8.467041886397945,65,2
247.1567401477374,4.178687515173588,65,2
234.5483137946736,3.0236380313482893,100,1
259.367247090647,1.3038318808710123,100,2
224.8817059747062,6.74839315890453,100,2
36.175864835470485,0.8420393370759383,65,2
154.9683979455694,0.6118225686037304,65,2
133.2731762406966,6.815792871687629,65,2
93.34547348111404,6.9428894893818764,100,2
250.21212291588165,1.990800465278292,100,2
139.2417607122701,9.571846394004218,65,1
18.08928040726491,7.878140020976368,65,1
82.48967511608048,6.864280426545029,100,0
68.58631740883354,7.543475693456857,65,1
266.24366544338505,4.118869849310288,100,1
194.2314301917,4.556424816859207,65,2
168.11287976462253,8.702148788036814,100,2
151.99477250361153,0.2541901653148015,100,2
195.03390826243964,8.02421155318045,100,2
226.46266403313743,4.475685454697004,100,2
166.31541174945298,4.639684845015536,65,0
281.48562454578314,3.2569963104990407,100,1
293.0502511951154,6.070720374090072,65,1
298.6026949826469,6.75673355134575,65,1
200.81733302659345,1.6075364152939409,100,2
279.7861400267635,5.657168770680302,100,2
121.3439085923864,4.649118626939815,100,2
257.8777173742156,7.819086688788346,100,2
272.75228962190425,5.452872924928817,65,1
271.2421416996827,4.295732123074507,100,2
249.25388487251448,5.289310583886389,100,2
121.97974849237512,4.905675058786397,100,2
47.6722445942203,9.351778536220976,65,2
100.18690690333376,3.1188774587525936,65,2
230.1865707894279,0.373489538766385,65,1
69.86565339899258,6.619967541970712,100,0
143.48161944779173,6.038431208328361,100,0
169.6198553954016,9.099693095883152,100,1
181.15756873136257,1.1747661736359871,100,2
280.7176645136396,5.226456209050302,100,1
198.4479061242953,1.507710500307876,100,2
235.88964482319068,4.5570896971503485,100,2
174.56350436749003,7.993696809825838,100,1
250.074095658589,8.573880362775476,65,2
79.09908392092885,8.338603603355235,65,1
62.96330150063677,5.474048335022856,100,2
277.8960146273909,6.339601234981092,100,1
208.04426290721352,5.51564537696068,100,2
201.45767311746636,5.61235778867926,65,2
140.18857158853498,8.851508885227243,65,1
113.00917778805317,2.092728948690552,65,2
166.70735834359164,4.3876588040404485,65,0
36.16990482650013,6.100628502239768,65,1
136.4137683249323,7.653521484600008,100,1
136.61031133964428,7.6188972342563135,100,2
161.50095388327955,1.1724835531494149,65,1
190.4056843101607,2.2190996538224086,65,1
287.19550979560864,9.115182138103169,100,1
195.65073812752703,3.575192887969747,65,1
265.1175455860234,0.0271264192831255,100,2
166.89115844074914,1.997970684133168,65,2
188.07836478824692,9.695520976644591,65,1
20.95108593287088,3.097485662888237,65,0
39.97911686532467,6.137145488867869,100,2
173.90113055926187,7.266499001887679,65,2
118.71386098740876,6.465828362741388,65,2
239.64315595965053,3.77566186755942,65,2
162.9533624622528,4.304151153593757,100,2
264.68731168540137,8.379853126516387,65,1
291.6995035386874,6.627851314178908,100,2
44.290555536445495,0.234352732705888,100,2
118.44832549668796,2.034575855218104,100,1
199.49430757140925,2.8629793833659303,65,2
91.64662662010493,3.65486701563029,65,2
80.10970131644855,5.76893723394609,100,1
244.121568188651,3.665105963723867,65,2
294.11354071762287,8.2501191638993,65,2
232.1409993742444,4.738355788370424,100,1
157.10298684123407,5.0217876705226505,65,0
132.7533695835944,4.273891851466432,100,1
161.89431615910948,3.104663503925132,65,0
138.85191065632074,7.248001189847343,100,2
150.8664170357004,2.2956298664936767,100,0
61.035915158768304,6.894898143514939,100,2
271.1225847927983,5.297061496208643,65,1
226.36050045698045,1.022632345565866,100,2
204.293226807966,0.1796724654998882,100,0
284.97749129234194,1.6944362163817015,65,2
85.3182995738514,7.610208856986331,100,2
24.34782326808427,3.8459756227189033,65,2
247.8415981065995,8.048765095890777,65,2
299.5250890947765,5.019058152709047,65,2
173.52973140605982,0.3274662832416508,100,2
17.64281637380456,8.460983748023947,100,1
234.1404120464824,9.362634356333166,65,2
22.124714653752463,0.7421520230828627,100,2
162.00419587778435,2.083506681186144,100,2
83.25974226315812,7.155529202644326,65,1
274.5080341777186,9.971755425613884,65,2
135.3993639778455,8.763037238169337,65,2
269.539004543566,0.9894786099419428,65,1
89.72432557637026,6.072370942799142,100,0
116.20877514640536,6.652037015151241,65,2
284.1357564741241,6.308320879207611,100,2
60.394335279490605,5.680602646117217,65,2
173.55034549534355,2.922038985417139,100,2
116.5530985680334,6.685061670661111,65,0
232.2500655206182,7.284512659615379,100,1
38.788911351407215,5.757662006558832,65,2
131.16449070140055,4.971555264847729,65,1
209.67978805357893,2.190305485037448,100,1
122.10487050184794,5.44724032999011,100,0
17.559521782613007,1.2825046653576655,65,2
211.53367840060315,0.7271599148777763,100,1
150.95949830549492,7.778511956910956,100,2
3.392606004030163,6.7627263229201855,65,0
183.7967685685119,6.490322100183676,65,2
275.9643067586359,9.281277245887562,100,1
33.30778446350669,3.80772716271079,65,2
177.20137050275068,3.997320215077447,65,1
218.6006645287891,4.137469045732455,65,1
21.232101042091635,4.652830906765194,65,2
6.784637449255893,5.128429892060336,65,2
139.25875999348418,7.780174320901681,100,1
237.35600617030917,2.177033102586857,65,2
48.2158230297985,4.340844386294728,100,0
250.99118166447687,5.051273668765754,65,2
196.97317662707883,1.6911767349849929,65,0
99.65198633654568,7.019427212928785,100,1
154.74773954773485,0.5627074151136124,65,0
289.6724939180216,5.85912498380981,65,1
64.93109118970165,2.021421602238518,65,2
149.86061932321206,0.0846826080090346,100,2
187.34596683228625,3.157716321180252,100,2
41.40438164269988,4.291406805134033,100,0
13.056626586992891,8.173011795486069,65,2
4.037985879441386,4.078456543015036,100,2
97.40785698000488,9.154355671695662,100,2
22.18418834545961,8.425388001724244,65,2
241.1309857623344,1.9273760450581845,65,2
299.19585814852377,1.5571731313859904,65,1
18.39114652033921,2.4384202544461786,65,1
129.81788278003188,3.596818932579673,100,0
7.71963689477243,5.834805685366282,65,2
40.19726722717897,1.2408150176017452,100,1
96.87676827320222,5.320412841608176,65,2
118.10946391729496,5.807732325101336,65,2
281.93488392859206,6.608902425766358,65,2
118.75104262706876,5.500920503741099,100,1
148.88329771722064,8.251716704473763,65,1
73.67501048215992,6.415904412488507,65,2
0.037541626972648,9.24551548065956,100,2
269.80033701994057,7.009240999429119,65,2
24.514427110891447,4.361102168517594,65,2
289.2746523108687,2.096845788294861,100,2
39.25323123007808,0.1052070834275697,65,2
181.46354422513207,0.9040283757930234,100,0
299.8231763569911,1.896757410318879,65,2
41.53937882090276,2.1644135239393494,65,0
127.18292548194728,7.420440813504606,100,2
234.12710069144296,3.860557980691733,65,2
9.65704495499048,3.2453948226703035,65,1
206.9348253420133,0.5236755379692781,65,0
24.112001367239845,5.386605463227378,65,2
70.95604268196792,6.129088813405844,100,2
48.02284874800813,8.778574160053516,65,2
272.20092949408087,5.028420568562586,100,2
54.13701503450425,0.0772016129302344,100,1
12.13022865454716,0.6527875775786973,65,2
176.28770353432864,2.7100533898805788,100,2
103.8542776229106,1.3918558358883393,100,1
121.71186619240991,7.705874091394969,100,2
35.71882345876409,1.0785698112290965,100,2
224.4703474299584,1.6078348273836296,65,1
180.46609489305536,6.667873636785483,100,2
109.265113424484,2.396283684949995,65,1
51.4724831289408,9.690809909686903,65,1
178.03552175116812,8.631876978715013,65,2
233.5791838522132,7.445401717583016,65,2
93.71918516015847,3.4313646831677955,100,2
7.7581150615791294,0.5677997430229131,100,0
64.3031954258952,3.364009582855213,65,2
204.7193456678488,3.767298601458224,65,1
296.7289132370768,1.2743281090294067,65,2
4.012871822632958,1.2064080432579338,65,2
91.84606863963025,6.681083300081316,100,0
18.606261134651657,2.324024254932967,65,2
94.90478632890964,6.780107046877922,65,2
121.77430293822636,5.483013477960305,100,0
276.2586275838765,9.014638498259986,65,1
24.16823982149362,7.971698777045275,100,1
233.140215919731,1.5137203265928545,100,1
118.660318818889,6.101615477633922,100,2
243.37885490007832,6.5312674935215895,100,1
154.0206555976864,8.620544973349286,100,2
11.784611653023024,6.409567626400108,65,0
283.8617654144516,1.407142175425643,100,1
24.82021903035655,2.5844922884581045,100,0
179.30505076012685,6.375989537603833,65,2
263.30032888005474,9.11942374393666,65,2
23.93093932505817,8.915289668103288,65,1
166.16801652480387,3.5918614070877486,65,2
247.2869626573357,8.306733097204583,100,2
295.89741259373875,5.112878980093162,100,2
217.2982202442064,4.643427730222101,65,2
83.50031263898809,3.508871369210602,100,2
209.87109895362283,6.782027941643003,65,1
211.7300307922918,5.995976131592933,100,1
209.98980363138523,3.746638355378855,100,2
256.2781311279317,7.628381871361326,100,2
26.21401875584728,3.793454807970476,100,1
32.52595362463001,5.843872943494145,100,2
192.1851372676674,3.9238291008988657,65,0
286.16432882945634,1.1687666596292068,100,2
139.75159167577377,1.6119437565696038,100,1
288.16881048770256,6.567388723093563,65,2
281.4255778548462,8.112233891922589,100,1
270.87292147029586,4.684629644987695,100,2
272.9552924592256,3.255871911257048,65,2
269.4956379983958,3.364974813474894,100,2
245.96681506175463,5.97647296541009,65,1
208.4936875815991,4.676894468912854,65,0
7.322453577782473,0.0073870552402455,65,2
39.67607764681574,7.714719747262383,65,1
40.26961635944014,1.4231793782476032,100,2
7.0620852838769625,6.748100815949779,100,2
35.010530527091,3.442139117448904,65,0
275.92393007013186,5.78002586265674,65,2
199.1412860732358,8.551173764867455,65,2
93.62190548862674,1.5427259674128546,100,2
238.008003671004,7.7763520703686195,100,1
146.51084608645527,0.3830844978479664,65,2
42.638111074762975,9.213685806594214,65,1
265.3506243679478,2.015865312514502,65,1
101.59858387094177,7.944136944198734,100,1
209.65776915896825,0.6722049323822943,100,2
87.17824814988222,3.270484208858518,100,0
150.02137520214,6.335473952531579,65,2
244.87581345912463,6.588246734526852,100,1
47.03320392731031,6.988095933196741,100,0
293.1754185717835,3.508590752200225,100,2
21.06477685821786,6.660082278874625,65,2
160.20267292215124,4.285014352626984,65,1
274.8076558055844,5.659199217467426,65,2
283.7081654647576,5.472264898017375,100,2
69.6326888639328,1.681398661616964,100,1
43.19549436444259,8.465982596671198,65,2
217.32090009536728,8.671411451089293,100,2
12.592070482871131,2.0372536058994872,65,2
145.57169070909427,4.165334873458757,100,0
238.90656803795457,4.648757704059671,65,1
168.07641735505015,5.489220167912904,100,2
56.40397973220151,0.2227260507415229,100,1
146.11328984098895,7.588151345854049,100,1
276.38241493466785,8.619583074243618,100,2
185.16389341328303,1.4219387777989143,65,2
216.44718827070596,8.966289517716616,65,1
100.87916389875448,8.509122164102902,65,2
56.54513255028532,5.422567499970748,100,1
76.69266896988108,2.7473171006231603,65,2
159.95327812808847,2.0748967428035114,100,0
84.06604608321112,4.89125442862372,100,0
162.58943622783033,5.072041461106416,100,1
212.33757821285303,6.518683454464771,100,2
220.31876285109044,8.016374547923306,100,2
49.40548189832803,9.344998699648972,100,2
225.1292546501589,7.962808938631864,65,2
201.80644187770773,9.090453225361038,100,1
3.6015400106120032,4.993684994200303,100,1
17.661652526925252,0.3888459391900645,100,2
193.8748505581141,0.5183018050662436,100,1
115.1111698691129,2.684875256648306,65,1
43.83119987269977,6.139862169549561,65,2
13.318967750889977,3.352241500467992,65,2
47.81950220172926,1.66143704594806,65,0
287.254189296485,8.504950967123547,65,2
218.2696924712909,9.849947719029212,65,1
158.31162628028815,0.1664152669412122,65,0
282.4621500163775,0.8942409239035054,65,1
185.7331313044812,4.993387554618503,65,1
217.69355648420017,3.3766724783278903,100,1
84.79554555176162,7.821512143919871,100,1
176.69455307675875,6.543022039703365,100,2
43.04317328935208,0.6851036552536816,65,0
121.34494355933262,5.448832108719035,65,1
9.972097495983034,3.365325451613973,100,1
64.98842627480414,9.651126233058704,65,1
22.460588826802407,4.752790488315918,65,2
116.3336458521694,9.276637093163028,65,1
252.91054939154705,0.3017459054079408,100,2
113.38023190351592,1.0327466643008376,100,1
249.491887798393,3.86269037944338,65,1
196.9494937736662,8.86956705855573,65,1
152.85883398924832,5.446040794302353,100,1
71.06750797839916,8.241405248822241,100,1
276.6468278532457,2.835296335948608,100,2
16.26024265260998,1.114943029759743,100,2
206.6739053096446,2.460388207519961,65,2
186.37196784281065,6.453034111177452,65,2
132.31245667695805,8.714170992146501,65,2
72.0962865877816,4.549993281843495,100,2
129.20878105358003,1.9361553008450691,100,1
261.8318176660262,6.376120459118591,100,1
251.02983307648623,1.9693397122856384,100,1
282.4143749931088,5.702877022583487,65,1
92.3379619875744,1.022917226858958,65,0
116.13124751066188,8.111350681407227,65,2
5.6178457979589975,8.051666566984043,65,1
282.8849984160025,5.4125549803965125,65,2
98.81702754518066,0.3818260621830682,100,1
121.24914645989796,2.8018541613219305,100,2
272.3413834342184,1.3828485126405166,65,2
157.97952905004396,5.234558380679523,65,0
169.8523625266434,1.0173430227093203,65,2
52.86985144527505,8.697265059530425,65,1
149.59800624559634,8.50164288377229,65,1
275.46258027263224,1.5609807483565452,65,2
167.6154264323778,6.948880350068985,100,2
76.53490939192741,6.965032882875483,100,0
9.354259240428853,3.967543960704384,65,1
100.8905320362204,1.5299909191315897,100,2
171.7772742193374,1.3210772225683298,65,2
12.783986511249037,7.394759514842324,65,2
182.9377731873469,2.201774138570763,100,2
157.02414813543385,6.03453757844929,100,0
235.03064074997127,8.658816165382948,100,1
8.66645168158855,5.930994382003471,65,2
234.2542034456212,9.739623410983492,65,2
156.26311372743206,6.455018928287894,100,0
111.15879983391343,3.1460311343120684,100,1
289.61489290764723,8.524673317659941,100,2
48.03586417081591,3.109123712700944,100,0
162.39753572733196,9.715703795219165,65,2
96.29444207774353,4.777319450607802,65,1
158.24591363860074,9.532470682622815,100,1
165.68263577412364,1.835982371214724,65,1
26.83447452745373,0.1139850522959928,65,2
198.3405440755049,1.9613129595865495,100,1
190.34444877570357,0.98368368086868,100,0
230.8401823903392,7.3395602240324544,100,2
27.1975480977513,2.6454565517746795,100,2
89.17756407110635,6.394741894562697,100,2
195.0331799184304,6.686570401686122,65,0
41.01924777468254,6.882453404132697,65,2
203.27946323653268,8.326081212627535,100,1
17.708013246126896,1.4896585439240673,100,2
100.47946588788832,0.5046403144608624,100,2
254.0133366997557,0.2970513103750261,100,1
232.2873871143481,1.0379000383066517,65,2
193.4282145681264,3.791855359381388,100,0
261.1375249875304,9.67375938681071,100,1
212.7808632516601,3.532250977875387,65,1
155.8125315632409,4.529229291033223,65,0
293.915250115736,8.14396720093835,65,2
208.45682393679584,9.18598019419543,100,2
180.41015304390092,9.714415031622034,100,2
122.6611682860694,8.264512246683747,100,2
270.7237495737151,5.025160580479662,65,2
88.71272868149785,2.294764478359154,100,0
2.7658782632708045,5.983669561516127,100,2
59.02215672970799,1.9679504675707449,100,2
32.85524758270775,0.5572473224921171,65,1
95.69813225192162,9.19353935142664,100,1
247.7636032375365,4.8479030591605,65,1
195.45890560950224,5.082402238871366,65,1
50.69417677011375,6.092190260638908,65,2
236.6465163277016,4.514085574390068,65,1
151.26595982982082,4.444304649012199,65,2
153.81438723548908,9.151453175644294,65,1
108.633654294262,8.165461289600618,65,1
259.384909446607,2.1259219845075594,65,2
95.4981911567378,2.917776292205596,100,0
28.2419282009066,6.6062264012935366,100,2
90.81869819158352,5.7109191902046526,65,2
214.60606388036567,7.6615935377098365,65,2
197.27456604099865,7.276326213854861,100,2
56.40514606607335,7.085472124462104,65,1
33.53528973148261,8.802179108805163,65,2
198.2597275205239,7.665530942153159,65,1
202.91305069647368,2.428473885398368,65,0
109.8448911631712,8.728371990202122,65,1
252.84041505872392,3.3553220513440127,65,2
293.46156113997506,9.108944844680726,100,2
61.69356703481862,8.242699647177867,100,2
173.1206147118085,0.7408538955607702,65,0
1.6038987011817496,7.712806145993083,65,2
213.91631880788623,5.001141137920685,100,1
124.28463406899532,9.77112758252463,100,2
57.98076807094945,4.584189360090188,100,2
225.6665765293129,0.6700774772280249,65,1
243.1946392668242,2.931365630727878,65,1
33.349950352781185,4.302094239850634,100,2
12.298728551410198,5.919176779904017,65,1
100.22353250073516,1.5210578397004748,100,0
187.79713972831067,5.15082627268532,65,2
238.02585815658992,4.834728020896714,100,2
163.8187489891373,8.366625578379448,100,2
174.22463289209418,3.0240291081530737,100,0
239.95746652586732,4.495174439738924,65,2
158.6530122656278,3.886126636496263,65,1
183.34634706789012,6.322313707591212,100,1
154.86520199296777,8.361889846717718,100,2
264.1374700103112,6.756241324381823,65,1
70.65498557552667,4.650489957160312,100,1
79.1980753621528,6.378296950517654,100,0
38.38843848054773,3.22243962312318,100,0
245.8400254483265,1.4409984176356616,65,1
123.5331871687072,3.1971792444764024,100,2
104.36818226437316,4.436895659334531,100,2
294.40461512614684,4.392649330026619,65,1
278.04100993193566,7.376012424773637,65,1
291.59630463742843,9.363453609123942,100,2
42.68969902760785,3.8895940259026593,65,0
267.3755439444499,0.8644851877310678,100,2
98.61287981623543,0.3341318481876565,65,2
3.7970310635587534,0.0395277049826381,65,2
117.38950079492062,9.38100151746316,100,1
152.7589059414179,9.95633351341769,100,2
32.4661270702216,0.5138407755634045,65,1
161.3032850622769,3.582087039266396,100,2
245.83907525301944,6.693451372953363,100,2
113.2952852517582,1.7894539914167606,65,1
105.79344196029066,5.944371882052275,65,0
101.64312606920322,8.136173598395464,100,2
276.9283337651076,8.58086429711447,100,1
14.62742963705973,7.064206771619142,65,1
133.52284259788658,0.8176417728222962,100,1
79.37983624491505,3.4839578457648344,65,2
268.14210761624827,9.673427767710995,65,1
28.815679075141176,1.927550632417384,100,1
123.43283000412325,4.539260735714209,65,0
122.0448456093257,3.3417693465582063,65,1
266.5183252641068,2.0553828469295974,65,2
64.64803351229084,3.2353608755207564,65,1
193.46862309048333,1.8951867383388652,65,2
40.32183806633672,8.772533541116465,65,1
286.19271422416284,1.744432837486848,100,1
177.90448778168576,6.235441683946657,100,2
187.87701909620108,9.423156128110945,100,1
130.13202049814166,9.526457076278732,65,2
102.68481379989667,6.00424668043393,65,1
63.80292884846289,2.708959232689697,65,2
181.19632614967767,2.478978113176964,65,2
286.3685236044714,7.474706794318502,65,2
107.9372862277209,9.807073247870836,65,1
264.9470665986163,0.7759497895118295,65,2
44.6328938541749,7.894685813654329,100,1
280.83780626454023,1.2298537956513,65,2
105.14588516942295,2.9818534709712874,100,2
113.91816347800368,5.666236519805916,65,1
138.8526771102985,2.972246973231305,65,1
215.47328098429503,6.5026117494672935,100,2
215.89603010671053,4.17195874621489,65,2
143.87657541589957,2.191137330678207,100,2
156.9458697941808,5.309307478544176,100,0
9.003146332242352,0.2400973515836135,100,2
91.2890104674977,7.41078349912359,65,2
103.80512226918285,5.222888661055364,65,0
167.61818061772783,9.46700317994948,65,2
167.48993021139134,1.0278946921999057,65,2
212.96993931836195,7.322922382284434,100,2
215.10818886542427,3.00950393953876,65,2
70.5632172636249,3.731486833446641,100,2
231.05614533144745,3.4848672228740964,100,2
5.881070413884615,3.580219178588273,100,2
214.84856538201612,4.308349530771062,100,2
30.61833105582693,0.2100485091886439,65,2
218.8944625263657,8.46757356662869,65,2
158.1354271705213,8.81795942671956,100,2
131.17635020492764,0.3955653492947386,100,2
207.1999169284287,7.760031935908492,100,2
10.911250124169811,0.7227260970566407,100,2
67.0410977026735,8.07813598284605,65,2
184.9320427402962,6.12987721822278,65,0
254.16462198924535,3.0635276167105463,65,1
114.33229108353508,6.138825989735013,65,1
77.62844179006713,5.06646103975624,100,2
155.62093073669828,6.357548248117024,100,2
186.6945757160524,4.75371777998587,100,1
126.03090942172392,7.728745916575913,100,2
263.0132047979265,0.4526953739179684,100,2
157.03161265800404,3.442823086944463,100,2
10.747076271175503,5.592867480866755,65,2
66.91618641185711,5.88243031068094,100,1
135.19410927534437,1.6954498698396991,100,0
209.31765570508,0.7452960449773915,100,1
65.92567313777666,0.2097862045692955,100,2
292.87723191522633,4.130136247362676,65,1
95.56747745642504,3.3038717669133524,65,2
159.74406205817652,5.678079933573694,100,0
5.689915419312353,4.495148352372437,65,0
265.4672164292413,3.940680548967504,65,1
236.65039605755504,8.433205930452905,65,2
58.63740128867781,6.215161489093242,65,1
279.97100737195285,6.46100730419729,65,1
94.7519291392214,3.818263817820344,100,1
207.65588651403516,7.768443161142473,65,2
245.69289540498,1.5208757116482765,100,2
222.27433837115424,4.020007294230954,65,1
275.2748352089524,0.4717390506861696,100,1
259.2824281022125,1.1543735286477286,65,1
298.383454227483,0.8152585623027753,100,2
54.78342377284366,4.414361315711533,65,1
91.42854036801002,6.97324357253977,65,0
190.867760229489,3.126967106493197,100,2
219.9141557674751,0.266110617237183,65,1
160.38151636671276,7.072083925113755,100,2
22.17850946598448,2.074330671679081,100,2
252.4785680401146,7.226746878128461,65,1
288.2623068063816,0.0735462496149375,65,2
121.65505314791842,3.123421011780454,65,2
67.44374450965381,6.212307464157539,65,0
5.794126488626262,8.711507704660503,100,1
71.18971082807558,7.541284425726264,100,1
209.97563245152668,4.496197199348671,100,1
273.4768163018192,7.185148028491137,100,1
28.053919929529748,5.375414072859619,100,1
165.97775614857898,8.13395556057819,65,2
208.6593745535497,7.720655495541976,65,1
82.91424633188058,9.758521690469175,100,1
170.9691117510906,1.0493806764270608,65,2
214.57452780173188,3.407049066854154,65,2
251.31577294061304,1.9237680548489575,100,2
135.74995524599427,6.307680835820349,65,2
224.35716567568815,6.640276978998511,65,1
90.5348915219549,2.038106839188277,65,2
63.91402403164759,4.215526000290579,100,0
56.19412382720023,6.021502225529055,65,0
107.66181954771788,6.589532016326924,100,0
10.763904536654712,1.0264698441252118,65,0
84.89755129957491,9.210728280045265,100,2
195.66684733296847,0.3408311503660577,100,0
194.375714148041,9.729424035528169,100,1
22.06614194744737,3.1632582021877758,65,2
86.22468512418604,3.163455727284176,65,2
170.8672994033765,4.460259954736508,65,2
95.56564125093084,6.949583598960435,100,1
125.39640725666204,1.596017836848187,65,2
213.8432271347292,2.54984779995758,100,2
2.780048836989013,9.615726847890748,65,1
82.91806322652916,8.768421435822574,65,2
42.711673135505,2.123916847981092,100,2
38.28275482934752,5.730114352341639,100,2
287.7120649341741,2.036017505147971,100,1
112.96809946872531,5.500612576007611,65,2
158.12657547289194,3.657732950128433,65,0
220.1465661208898,3.624247398890061,100,2
14.234242458015055,6.350698517641826,100,2
72.3067915673095,2.5184084816705097,100,0
249.64433620311377,4.04259605194918,100,1
258.5971839533643,9.252588494034136,100,1
111.8852761922406,7.553647993250375,100,2
112.45847989553047,3.8328344328237183,65,1
227.06906313266452,2.302618656216632,65,1
88.52106802496074,6.590116303008936,65,2
35.12822434199943,8.076896856124819,100,2
77.26063507217503,8.607646812891325,100,1
116.20341949073246,5.642812798695664,100,2
15.66141287852948,5.16799857011912,100,2
143.60407626005244,7.196424013330508,100,1
222.00225383183357,1.7576683370575252,65,2
154.12354334413848,8.521389353538883,100,1
21.56860215435209,0.7392350448948981,100,2
132.04488940378755,6.030169007129475,65,2
212.67138241284985,5.896935140789578,65,1
17.42899619705698,3.107023151888315,65,2
17.954156918066555,0.3546285736452181,65,1
111.1804209542948,7.178548722322042,65,1
58.489189237112726,0.2417412315198486,100,2
280.43423739252614,1.7961168058899024,65,2
174.40308112192295,5.442368279638038,65,2
86.19761982176885,9.39983031860934,100,1
211.43301873448524,0.6593350871899673,65,1
112.47871540779866,5.787869362884478,65,2
39.634693313703,3.2889303484252776,100,2
71.16966895307412,6.694179714517258,65,0
192.8241853378127,9.529088157741317,65,2
15.562831799097498,2.685903156557108,100,0
81.80671201441912,9.559269850484764,100,1
62.49344329265239,8.70626300917259,100,2
60.3405332029596,6.070559158320884,65,2
204.8287235927913,7.582366720884796,65,2
247.74507502630937,8.648880043346862,65,2
214.7599824192776,8.034686319581397,65,1
193.71834474015367,3.267076856436716,100,1
274.9355315453592,8.126040768415994,100,1
17.517714127289054,3.135188412201982,65,1
50.244925792872216,8.670792923398965,100,1
124.32205670115964,2.5546605064032493,65,0
111.73549305116032,5.722608594657457,100,2
125.41548088890674,6.929236445416613,100,1
61.936471512811806,4.257912305822382,65,0
44.8509946740685,7.829724953325222,100,2
152.75797423737842,9.253559050231448,100,1
278.4157572206381,1.8625309406668733,100,1
117.59083870497513,0.3344265167011861,65,2
13.005964235858425,6.265164169237312,65,0
211.85020286685736,6.021868625845238,100,2
87.33147165815248,3.4130445368326088,100,2
73.52850219146762,7.854629766263735,100,1
97.27740020938862,8.26142548700175,65,2
217.14465717236288,3.3198568031595,100,2
245.64581606109124,6.822724995992991,100,2
176.4168202016891,6.420250716499077,100,2
96.74362611586548,3.4264417475720754,65,2
93.14346993518345,9.69148256559247,65,1
37.292504971638905,3.464022512680025,65,1
279.9903144705584,6.202840233040518,100,1
191.44181969064587,3.801264126433137,65,0
8.092385956759207,0.1183302770420013,65,2
198.7101285560042,0.916384947670561,100,2
134.14602725805236,2.323163318619322,100,2
291.7673889140758,8.121681867134422,65,2
245.7206474419221,4.420648515259414,100,2
51.39472614983946,5.886236642753964,65,2
216.03333566245996,9.43856572602534,65,2
145.66980115057902,1.470237116975518,65,0
56.11354910097845,8.618193696255505,100,2
209.6219721989847,3.792360079629708,100,1
164.2162736082736,3.374800023629234,100,0
9.112163631471148,6.255282909356904,65,1
193.97638515864776,8.986385505538822,65,2
190.4961269587322,3.48535912423897,65,1
43.22554831543879,7.614082411877005,100,1
104.69631809900788,0.1924208452559794,100,0
175.769691225312,6.23101612367986,65,2
41.63490423201897,6.305586694939103,100,2
255.81701335042692,5.56060520273184,100,2
8.245813886311137,9.378226242614252,65,2
30.851224490806484,9.385912799711235,65,1
34.832075956465225,3.420608768072934,100,2
158.43213779251656,4.563642523156438,65,2
186.0342036505876,7.923755503786389,100,2
121.12223895044596,8.43911400868263,100,1
86.60004830044986,4.179688048369084,100,2
242.79521268766723,3.490265929433144,100,1
20.48579511792604,8.206165297611285,100,1
84.08755833983751,3.7686948839532217,65,2
11.734673641191227,4.0523219260262415,100,1
4.167040489880403,1.3553043110555074,100,2
106.01396607966038,5.429491375419353,100,1
58.4470987334796,3.26448065451616,100,1
80.50975645147388,5.906067294228793,65,1
246.28414723649044,4.482090674641564,100,1
48.89402887476641,7.481364627635777,100,2
234.07001014554027,2.777728722071735,100,2
202.51518694390907,1.719995588072769,100,2
97.9336575422498,7.029597607744121,100,2
163.96684355288633,3.841272028801829,65,2
133.33068293236164,5.636035750358989,100,0
38.51859464929961,9.41068735901135,100,1
272.1555965202527,4.840936949781862,65,1
170.88539027572804,1.5239212924667669,65,0
264.0720137386365,4.267035131904672,100,2
247.1479535439871,4.785309758322949,65,2
23.93277759282697,7.659784108779331,65,1
62.18119980553573,1.951882554966371,65,2
43.57833431244924,3.46901767343339,65,0
249.2338598360756,0.5002831956435227,65,1
258.7339879365607,7.019779314082053,65,1
158.39145294250977,7.439323438996529,65,1
31.25342175240208,4.571913688027571,100,1
40.68498556290486,5.382686586643258,65,0
244.0646437314802,7.4981383823172765,100,2
278.75704095879905,2.68301430473937,65,2
59.84270553319702,6.069652858904116,65,2
3.3412729416519182,9.639193476849504,65,2
99.28587154523338,6.579678184122032,100,0
9.149816894364404,0.7811013672136391,100,2
248.3924748234114,2.902600693962393,65,2
147.45367716787547,5.19126605763323,65,1
192.55823362890595,0.726707666846258,100,0
123.44546284096263,6.765698118812816,100,2
103.65226410374456,6.542121992729171,100,1
66.66012392282545,8.763236906269642,65,2
231.1597641114437,4.9999278815421,65,1
208.6642753246588,6.921385497664847,100,1
108.21869534882585,1.8201820865306009,65,2
96.33484028975488,0.0286969268935322,65,0
0.3728635946037006,1.7225399436025612,65,2
19.06563901364173,0.6221459830701659,65,2
186.97665746779043,4.277180248592836,100,0
154.3821930706385,4.683033372636122,65,2
130.44096134550676,6.444726975097003,100,2
248.25067224049755,1.4077186642191064,65,2
151.16946132085397,2.147160974961891,65,1
115.34807442219598,7.983261625576152,65,1
48.37690425749549,5.765224947791881,65,1
246.20640246438572,0.2936359368448848,100,1
172.87447503635633,8.484046723239205,65,2
27.737989776827188,6.298055982244036,100,1
194.66951939912275,1.8663910643648551,100,2
127.52122364652298,2.5206574125692183,65,1
243.41586707639877,5.535474138252426,65,1
275.67437909879885,5.608011815260024,65,2
180.1397439528738,8.05188663940378,100,1
219.48384579400997,3.585826381733387,100,2
16.97725428064971,5.493031465525254,100,0
168.07663650034718,5.825379784982245,65,0
226.60199350664223,5.586764177266628,100,2
149.02864484343112,0.7290584537773248,65,2
178.06502685130116,4.112528744338819,100,2
269.68445567431326,3.388841212892876,100,1
59.42987160935983,9.927777182392672,65,2
29.47395226557357,4.656885634876435,100,0
207.1930839418503,4.352278756905461,65,2
246.8546716567332,4.836875664225595,65,1
255.14705657476907,9.192825819693626,100,1
192.4933491273661,6.114538546344244,100,2
249.964025451241,3.8914338748805264,100,1
210.19926171698708,9.125773965506848,65,1
26.213074772037224,9.298429415670627,65,2
228.61305236549643,2.643127338652622,65,2
53.8079068650989,3.933960921539837,65,1
70.98280277729184,9.664586700483476,100,2
118.39518809959944,5.410486888622195,100,2
94.37011989790108,4.317450776906498,65,2
96.4955214908736,1.954045352755338,65,0
50.77785726121373,3.844388397446181,100,0
88.16131413286331,6.312347247209463,65,0
5.898776992764532,0.3870114739047559,65,2
141.8732840064978,0.8330628677966001,100,0
230.57728763094204,0.0537640502376035,100,1
258.6742107674519,2.189273345235805,65,1
246.12856768783155,1.829927988660186,100,1
124.93731569853396,8.50807680962517,100,2
219.12794434915688,1.8523802261180424,100,2
86.36723222856374,6.611810258636206,65,1
16.668741815285383,1.1835913400537623,65,2
202.79145761738,5.935597702689782,65,2
194.6388494209218,4.356201517038281,100,0
240.48881863886268,4.086681157269886,100,1
184.83186201086397,8.565618926846152,65,1
47.06748749217492,1.6771946679903516,65,0
255.94871761505945,5.952181582727776,100,1
188.17583640561023,8.218640558900578,100,2
242.2829097105012,7.138968224944412,65,2
232.23213611281224,9.83345821144994,100,1
89.35934616752652,0.0210587646927606,100,0
22.36589245561571,8.843593145170207,65,2
52.95132272687546,6.134513562538228,100,2
27.858700293975225,0.0248453065412734,65,2
73.02372962404093,4.6549382137350745,100,0
137.8596819077979,7.674373771390069,65,2
272.04318149438484,1.8254669511078412,65,1
261.6056267761904,6.784771815123953,100,2
215.5799445287184,1.3966842033211668,65,1
7.233707864347794,8.034524387896456,100,1
102.41676039616604,5.684633683212377,65,2
204.70452794535592,0.338866526654793,100,2
38.70866905172051,0.9087570749193664,100,1
240.3263550047726,8.638650496690433,65,1
274.3721039962781,0.3300141705578441,100,2
106.23133399134764,2.9854259889425974,100,0
211.75291855915,5.669118875750954,65,2
44.461239800614,2.1343978037563884,100,0
207.24493473390808,2.242321657352231,65,1
6.436623686112986,7.760340116507591,65,2
45.231452043330286,2.9099458431204903,65,0
212.964433982601,0.3858294947632501,100,1
213.55506686289183,7.211218000062737,100,1
192.34881175355312,9.543659583748518,100,1
143.20920731526095,8.31933976609196,100,2
202.47242735158352,5.48562029475065,100,2
232.1402394866365,4.248837530408758,100,2
289.94449771102313,9.251651708878455,65,2
266.5923094645815,7.662254383182043,100,1
238.3602607698374,5.706572412350033,65,1
208.42725501431187,8.798223189134779,100,1
172.24666362971018,6.017123634777715,100,2
36.18264700557488,9.735046676021064,65,1
49.66705262951788,8.582904782951024,65,2
246.08386820126984,5.504452306955059,65,1
240.99387366216615,9.228362096151493,100,2
184.3376777920089,3.4243895368408506,65,2
131.65203981484603,7.009270213570988,65,0
7.809794947081694,1.7127560280475662,65,1
98.15308275856316,8.953649150583347,65,2
126.19189726959536,2.480501498886189,65,2
145.74488585202616,9.490325116266806,100,1
278.7973795683628,0.1699145734747853,65,1
32.61281994004285,6.818368967363999,65,0
155.66007593393113,1.5005616970155633,100,1
110.37668908748392,7.70811472185411,100,2
297.0294357648155,4.919059302935537,100,1
258.5592048848716,9.096502525641686,65,1
131.63575627167629,7.150692097144772,65,1
299.90868280642815,7.682659886484968,100,1
154.21897394144892,1.204793691801893,65,2
50.13533897742021,0.9656121033732056,65,0
166.76240754801438,8.505577051866997,100,1
67.86172974109398,2.2577384358252,65,1
190.8938520228756,8.669418260791785,100,1
281.2320524651777,1.425381374776442,100,1
235.8595730505085,3.084512806538096,100,1
81.94910712571655,9.287387292602212,100,2
89.05758748980213,8.397178330814729,100,1
20.786460927093607,0.5424264390551503,65,2
85.76035069388321,4.4809751028516365,65,2
27.787439903345167,9.098678421436103,65,2
149.83461579769286,0.1475784212511399,65,0
212.50412384947728,1.0731948676815573,65,2
225.35434844974756,6.451958850455535,100,2
17.858769674453722,1.0498348290230974,100,2
101.98676947146062,4.488382511404103,100,2
86.4515299642301,5.0782278191687045,65,2
31.29009689620038,8.602540635070385,65,1
108.74139327960172,9.57390820287017,100,1
89.79603274177083,5.122309479474788,100,2
190.34976880178303,5.103603217049822,65,2
264.9907991201139,7.267953384895708,100,1
136.45251626196475,1.9250661664810853,65,1
223.9995518300456,9.40858540639782,100,1
43.80311013320228,0.0119892445316993,100,2
268.4899135931594,0.0179387007228792,100,2
45.77842146452768,6.256663618033472,100,1
57.63035417981679,3.4148469228076825,65,0
31.939141076302946,3.981152402980567,65,0
92.90385045616094,2.214371758573336,65,2
165.72313401465783,4.078023974152605,100,1
296.39823342189806,8.279831434226898,65,2
238.0104103972632,6.992494481902861,65,2
114.1307408675946,0.9465375584306712,65,2
172.75381737107114,0.5667983864715787,65,0
186.99240928176232,5.061927974768582,65,0
246.8181663742041,7.301609633663711,65,2
220.93553562594016,6.644890690964182,65,2
170.78733809134212,8.64114693706586,65,2
200.754908111897,1.33264617858727,65,2
223.7752832888699,6.0575263687778005,100,2
39.943217740021296,7.660145473300027,65,1
60.13663839161399,9.378407880301229,65,2
206.57528667225503,1.0088303738469415,65,1
255.1276685962896,2.396418507217862,65,1
122.77868480993035,3.545914321628617,65,1
293.9670967413618,5.407504250520415,65,1
64.82151980201186,4.08612194406384,100,1
125.00978461303166,8.611172840151745,65,2
113.55691303897596,9.505269378820447,100,2
279.0887822179287,0.7007865627221266,65,1
85.61355527176185,6.996806323076504,100,2
141.23723341266466,1.1427331874880942,65,2
56.17015188459884,8.979551539368732,100,2
156.37987156873314,1.4209854344521022,65,2
257.22125083907736,9.915112085490016,100,2
91.21183856716924,4.27750211934311,100,1
243.2376216488485,3.81936882650754,65,1
273.3934746526878,5.862804843597465,65,2
21.88736691436909,3.9435643649234366,65,2
226.9273608957753,2.3469360667903127,100,2
76.60303084514725,6.291438441942256,65,1
52.59829876098874,7.283635985600679,65,1
180.3367176075108,9.45321605202606,100,1
211.68078486860992,4.09118607579062,65,1
118.42829572056414,7.057729355302871,65,1
11.752112124657176,8.336035165419347,65,2
272.611357259038,8.31383815868042,65,2
219.2240750542485,0.3427013857978678,100,2
81.5000420049044,3.557023200321864,65,1
149.05915672342198,0.1341835916627609,65,2
8.337836990123403,5.590799207256321,100,2
101.78483454178256,8.65090426100416,100,1
156.7605706755355,8.14918033538338,100,2
155.16708453487504,8.112495727063342,65,2
62.45546340256234,3.51835997837486,100,1
233.0242098551672,0.4632965482070961,65,2
89.65864755799304,1.724177216537356,65,2
174.12300695339178,6.706913590081748,65,1
81.45666766139243,1.3384279446704428,65,2
127.55036189603103,1.2532836775372735,100,2
62.25438757506907,3.5367523911272523,100,2
189.9023377596115,0.9453482792954104,100,1
127.6753080424052,3.2978414214512557,100,2
4.835191346329282,9.69692653724781,65,2
8.449498205029826,0.1995110878476447,100,0
141.34029554142666,8.305428072183648,100,2
54.96776007160631,9.936216630143717,65,2
175.5126144434227,4.3640527411765575,65,2
122.4575345316064,9.43055368743049,65,2
196.3259506619168,2.611448684773628,65,2
285.7185522191855,9.82297301249216,65,2
158.6208404385761,8.615513109431834,100,2
236.2135810770299,8.846975700428652,100,1
225.91229889478117,1.3039835881478368,100,1
276.5373312971596,8.700624178454376,100,1
64.20536017140186,9.418229906707294,100,2
248.19809123548225,8.190479790999953,65,2
271.65611355140607,0.9136402324708748,65,1
117.8288942842733,0.8477663240547428,65,1
94.14485837969043,3.5760599362658496,65,0
285.61077290348635,7.0492566730886,100,1
188.2898466416604,0.1245282816716586,65,2
114.20294557244053,9.50645746196961,100,1
237.54831627948903,5.254492661134334,100,1
91.34217048471452,3.5837244268355994,100,1
52.92227582095862,5.612289291905449,100,2
163.19089073931167,7.157861966738137,65,1
169.86361347318103,2.732790877325232,65,0
247.7239446802014,2.911236472278631,100,1
137.108206506129,4.681768499123523,65,0
244.37596185160243,6.699307265601878,100,1
93.39680380450154,7.063703349217948,65,2
172.61046065333758,3.240566394236403,65,2
62.54183367021474,3.224915594482006,65,1
115.63378527497892,4.871087461730789,65,1
257.26190934985533,5.419217005994222,65,1
64.79645803072651,6.4941413493927165,65,1
243.07183886978032,6.177096816998916,65,2
84.86149735422185,3.7251788400668975,65,1
10.346915903836107,2.968867902664986,65,0
32.98037101705388,3.0792119113128056,65,2
223.76386359623643,6.4540105770347385,65,1
78.62127795064447,4.331475543813502,100,2
196.2436776723817,1.3434936229674457,100,0
209.7596708271699,0.0592305912625268,100,2
103.53553933040546,0.2967736406566745,100,2
142.47569616334206,8.67516347099061,65,2
121.13012713674318,4.578272113804717,100,2
284.2046989063602,6.574272039930777,65,2
95.9846587054762,9.29037496128832,65,1
54.99691266748823,1.2627985407635378,65,1
109.67785286267348,4.476158953822436,65,2
200.85471228060365,5.390673968786479,65,1
209.2088071084396,8.415349072337763,65,1
277.21719460800205,9.937184246216288,100,1
264.5263454627428,7.116784866578242,100,1
86.49615612518265,6.418341029935552,65,0
136.54897469027892,9.203125293738946,100,2
224.18069645503024,8.37380912950113,100,2
274.9611841806075,8.650441645445747,100,2
101.14950385706754,0.0270572467036744,65,2
133.33243025309878,5.144320915365168,65,2
269.84348113608263,7.827285673853216,100,2
107.5451619475268,1.814571224756996,65,2
144.15389585752072,7.514522916030558,65,1
271.3512423654237,0.091601516523796,65,2
240.67296539695445,5.75166691124744,100,2
73.02927750294084,8.513281199933413,100,2
97.43851962358,4.313483582253463,65,2
105.88761823780172,7.394525277159709,65,2
273.8215420293179,5.303986699108694,100,1
299.6801211313617,6.472909784202843,100,2
232.201290646632,5.166679158755233,65,1
145.29789074805197,4.758367432659001,65,1
3.0521454202436904,8.41626579613212,100,2
209.2464169793872,0.9274318558907946,100,1
116.8083493493354,5.84651285351031,65,2
189.89594106858164,1.148104877978019,100,2
182.00818903872863,5.628079116451016,100,2
144.2496169723162,9.635960426817224,100,2
283.31621931789687,0.570978910112987,65,1
6.943903606602497,4.2200680319639305,65,2
213.6397453417765,8.019712002760803,100,1
122.9519604898638,3.6969156837030894,65,1
214.13713514748335,5.203147674640011,100,1
202.5658942618896,1.1470780688144822,65,2
3.071400772798616,2.230732752393918,65,2
85.60154855240137,6.864252054507757,100,2
56.72745615113413,8.285875540145932,65,2
50.095905882747694,6.464563496658862,100,2
218.54300523633984,8.369208794785624,65,2
71.86540472793737,6.056574671741977,100,2
142.42128449619025,8.102082089353827,65,2
74.09669858570386,9.828868009369462,100,1
174.07014703059895,0.8282473413794122,100,2
216.1721304179904,4.796496301297099,100,2
99.32242160945296,1.898926663527225,65,2
180.9062544861366,4.652285476146202,100,1
247.4564323241217,4.995867448318549,100,1
28.2672855493475,6.21921276205751,100,0
213.20117971238136,4.392979869831915,65,1
96.94348333061409,3.2471242776220133,65,2
36.79498695748328,0.4316829539245592,100,2
163.69626228430465,0.3479353370297933,100,2
67.87869578031953,1.7500835179598129,100,2
246.4085378007473,4.48986409721693,100,2
12.868772859322842,4.175160362579643,65,2
29.59586888126924,1.9069549397230168,65,2
156.29883779574507,8.223395717796922,65,2
176.68253522308703,6.834932116618194,65,0
218.96599935682408,3.431649815841116,65,1
77.77821847565815,7.969675520109653,65,2
252.52812246398756,9.892459055414966,100,1
285.9427019321349,2.450424237783068,65,2
149.71179107845907,3.6258990583705417,100,2
228.1594094909404,9.928982521122116,65,1
157.45450636313782,1.3788257130542736,65,1
20.840108823663183,0.7718776332617172,65,2
97.83345385278632,5.2099116030791714,100,1
26.2460068881045,4.684291028176325,100,1
296.66373577650404,0.7828874697913502,100,1
68.70777362201316,2.900360230212816,65,2
190.7701258247156,4.189366632544735,65,1
85.3035305834812,8.222096215636364,65,1
195.97386460677777,7.0784235415391805,100,1
63.12050726114473,9.145266384595228,65,1
235.58101977302235,3.324999369680527,65,2
33.24348085099065,3.0937842250050043,100,1
268.54512002708407,4.631817007777869,100,2
252.12650776223836,0.075281369071235,65,1
203.64220309151568,2.073200880819398,65,0
20.224388142854355,2.114711102161071,65,2
62.5707084986785,0.6109003310945504,65,2
257.8084787073228,4.551306897236813,65,2
36.59233029077854,9.055202053067452,100,1
46.77962889240602,0.0403041653448676,65,2
163.20099712665623,6.28414666712257,100,0
82.25323190230311,8.793327178468235,65,1
66.62270998317885,1.075211026199102,100,0
172.74402955445416,9.172582831278852,65,2
111.77300293740872,8.185216434647636,65,2
42.16796903090062,2.145713449138701,65,2
160.45613026363932,9.05343575594159,100,2
116.10372098358684,8.040157862488417,100,2
220.3550322821308,1.1138909293546662,65,2
30.82663269617676,8.305994473553174,100,1
186.18397318379212,5.421829386993777,65,0
130.94799808297432,8.159599085012466,65,1
121.81856251572124,6.176649968664013,100,2
69.68630640250237,3.9185700848145744,100,0
9.127808460813336,6.011404695324961,100,2
254.30675830939364,6.361807406635489,65,1
97.92302581032776,7.662061475869146,100,1
204.3273119189541,8.30681758537759,65,2
284.2762199330122,6.632106688780471,65,1
169.49708942463948,9.896482090680172,65,1
119.14407075595987,7.785509388472289,100,2
80.48206990461111,9.107649988387523,100,2
280.21313779424804,3.1949433336464974,100,1
204.6230454153429,3.162274321125897,100,0
199.58441797696787,3.623350762163681,65,2
127.84749754358307,4.397162893397191,100,1
253.5146138602292,9.614001350270543,100,1
214.1016561028461,0.7353121934231777,65,2
84.95498153430484,4.984435796936118,100,2
179.8735980075144,1.611605216268247,100,1
129.05818638037968,8.108933654192047,65,1
1.9770488489139093,0.3114426801096304,100,2
242.2870294505392,4.55144257165554,65,1
36.84910467591024,3.9474102292625135,65,2
152.98635180078423,0.9218099000079184,100,0
100.86785792544468,3.767189502616564,100,2
102.62671236020326,8.090304980256466,65,2
143.2094650241424,1.3747465337430351,65,2
299.1069312059235,9.835057563020332,65,1
122.51390418944274,0.584543451302153,100,0
54.69876894497172,2.891027731573377,65,2
184.0819014148107,7.748991141977306,65,2
70.88631241185638,3.5752128284449247,100,1
31.664741013885124,4.803534894045873,100,0
15.052251619778731,1.8665851143025205,65,2
6.864382205905162,7.154958821562769,65,2
129.34939449331912,1.7954161291048176,65,0
128.0177339620181,8.487310970845371,100,2
55.66362002338588,5.39499545296043,65,1
235.2057161313628,5.481568289756119,100,2
38.78118837596362,9.3351159224206,100,1
274.5951577917907,7.729995812545662,100,1
176.27279329298173,7.431394864679241,65,1
8.284912831478886,8.580401662109294,100,1
288.89178772281497,0.91817283805107,65,2
92.38237786375608,7.260443629471418,100,2
134.99248787335603,2.332079131024769,65,2
85.28060789836564,2.809463407287724,100,2
218.52638941013325,0.1514613723144242,65,2
145.7040662158616,8.937210632455795,100,1
39.71188782075078,7.391129321080172,100,2
31.261185707836137,1.3928713113551328,65,0
217.6126239973724,3.2792320331577884,100,2
71.12442147938145,4.799328670636674,65,2
41.33801239154175,4.939107822426902,100,0
149.82827909935284,5.956539407436364,65,2
240.8295862608912,4.7218370972853805,100,2
83.63482376193913,6.48645315668746,100,2
82.92948351024233,8.838707959794345,65,2
250.16437807811303,3.980725552206501,100,2
44.3501383706348,8.767109193908585,100,1
185.01827753596416,2.196102160019783,100,0
286.50404489477563,1.2138132506227062,100,1
252.39094487319227,2.394012966115601,100,1
18.54457013391876,2.0659265502831694,65,1
95.97326296848765,9.850790834495736,100,2
42.7123396777849,3.8105372644490334,65,2
284.7721913061419,6.514732689346843,100,1
295.78246986662435,6.960526529884028,65,2
70.49790616201138,4.452086227312777,100,2
200.90971344862572,2.2357173478824723,100,2
252.4895196141355,4.3809801348871495,65,1
70.10408532434296,4.737608863064389,65,2
56.30419029629324,9.540076899205491,65,2
3.363306974184088,5.68623705036109,100,1
123.58873708245775,9.698726053410514,100,2
269.8312387184149,5.767126490246149,100,2
270.89389471690464,1.4499801560758996,65,2
38.32293825270489,3.843766382250049,100,1
61.30574415851848,7.923133259374322,100,1
122.41419928036008,4.216222678750576,65,0
234.1873635491106,0.9973384484161784,100,2
183.55544505951855,0.9607616058807776,65,2
154.15492305606492,2.370647560580953,65,2
177.57956526678095,5.64771783655421,65,2
28.859908140688997,8.301549770996777,65,1
143.2990926764721,5.33712748836934,100,2
297.6189868617385,7.460803866727954,65,2
26.533844081726343,6.455931035555189,100,1
155.7740032904659,5.240991851430827,100,2
88.69477849721238,2.148079272919952,65,2
161.9739890585877,8.831685396886423,65,2
172.145628010124,2.757153971469528,65,0
173.24186943584277,2.5281992995543345,100,2
255.662635593266,2.577976245042345,100,1
116.92422440209828,0.9568544835794456,100,2
154.90624879994877,4.9865404090462935,65,0
3.278519690324566,3.2753028770951245,65,2
236.86518047393,5.219419810615609,65,1
77.84631221275588,4.531153811392698,65,2
244.9665072121549,5.197918058166841,65,1
79.69159991409515,2.976533518877297,100,1
3.2365488787476693,8.151381130260955,65,1
46.449395458034026,5.341930009163555,100,2
295.7048707716504,2.084346689589452,65,1
95.94037378439656,9.018037002508482,100,1
32.64717060382415,1.0945510083365584,100,2
35.62764108772516,7.334344809016331,65,1
93.10281421716714,6.784484047707736,100,1
11.293512335028913,0.7285892257024396,100,1
153.44657643658613,9.015076153454496,65,2
64.12227464679606,3.1631242178177352,65,0
155.79319241906165,7.408950156146018,65,2
42.22926560976605,2.7700158585084256,100,2
128.9571687052477,5.256917431475462,100,1
179.37505752037336,9.72333613812085,65,1
18.599981501432406,6.107764098681804,100,2
119.62479277531756,2.96322761460486,100,0
90.75714629690631,4.583771464077431,65,1
72.10794494659021,6.7604115108148966,65,2
181.3603878253489,4.451888955160576,100,0
176.5625957296222,9.107485623653703,65,2
189.20994200330807,8.674607363964899,100,2
47.664801129756405,1.4681017696052356,65,1
85.71277345869832,7.849408940633942,100,1
62.90363339852362,9.424149119587709,100,2
162.15108149935256,3.1690822437498967,100,2
138.3197067628849,2.382197139544917,65,2
99.088121277825,0.0958874630687944,100,2
235.80444266052996,1.1565743554470709,100,1
28.19212332251484,9.60913070958255,65,1
292.46900662669265,3.911216277375373,65,1
34.96322334459562,3.873415394586493,65,1
231.9212437705108,2.666789179947717,100,1
110.46905674824956,1.640589106840905,65,2
259.5786687395417,5.087901909482633,65,2
22.250984635248617,7.231876565842441,100,1
112.41651305770134,5.507953336011713,100,0
100.63302195007088,0.3545023695187921,65,2
297.9471114676606,8.034696409636672,100,2
295.66469846688767,9.31594151694292,100,1
56.9411875999164,4.403767408074209,100,0
188.9840882095017,3.664645527996606,100,1
160.65582597328205,2.298540105559985,100,0
46.31204737222162,3.018702998372799,100,2
50.33391183132692,6.444475075898467,65,2
296.7755185438664,7.701461278628744,100,2
135.8189980862798,3.322157363473396,65,1
37.74038760002205,3.3967262337795323,100,0
64.43701162177629,4.511013197023896,65,2
80.5044201745649,1.702027765196945,65,1
153.2751789955858,9.27208188177071,65,1
100.6644388518928,7.054560684534515,65,2
136.50353576697628,4.33583428274451,100,0
49.94986533040881,1.2227251188894417,100,0
98.01860717625186,8.488255482246679,100,1
21.09497781532621,4.83714344976804,65,0
266.91308204275464,7.968828840523462,100,2
59.62574315057347,0.3339408725084891,65,0
227.07004062862163,2.7365409628195483,65,2
104.8655364610038,6.220953766914041,65,0
142.319195681938,4.879233212276689,65,2
87.37831183836805,2.9507197797663087,65,2
208.93238133221092,2.011302374758185,65,2
253.36392578241225,3.0181332915048253,65,1
85.88105542187643,7.423394008768032,100,1
72.66529309907773,1.8370735050130549,65,1
204.43207963916907,5.938132076422074,100,0
58.545918170316256,4.236808334326603,100,2
191.95192968293168,7.630379038607416,100,2
28.32842390809066,2.0161852261891964,100,2
186.04114798820612,2.700895762368006,100,2
154.02202020312993,3.986875319088483,65,0
34.171714672892506,1.665756087060637,100,1
194.73109045937997,4.611947721447443,65,1
133.96714711022275,4.160508081501579,65,0
65.13451524512571,9.900855442807112,100,2
106.0152467106532,5.938637092780872,100,2
147.6306316916789,0.6946202510714716,65,1
27.4662681793146,4.599416475170336,100,1
287.2828449385063,8.785015307431554,65,2
199.66864686363635,8.66767587389204,100,1
30.7604943863088,9.618052198709156,100,2
246.85865529853783,8.942308668532412,100,2
96.76647928384362,1.7629970151435548,65,2
179.03986101395515,0.0357027449307034,65,1
83.14285247387197,6.162526892361183,65,1
220.02178347438212,7.024443668399497,100,2
216.9026925000307,1.312121500010761,65,2
165.61303706172538,1.6683529919818696,100,2
72.27767774147343,9.630765633887007,65,1
76.11114225364365,9.438332547452584,100,2
114.85883900848287,1.56971548699678,65,0
43.50365021888559,2.470084042666775,65,0
101.29671395727708,8.92113662021926,100,1
205.30638037449376,4.349933306333682,65,2
249.2535840178264,7.980726258613222,65,1
99.77468714800844,3.9598603075930097,65,1
70.07707747630919,7.363829153080951,100,2
249.7927735005403,3.9682580305342063,100,2
267.2112082157764,8.991790949245622,65,2
123.0064569936193,3.255726790386321,100,1
8.071246154890154,5.231181319941288,65,0
208.4884862682456,5.217559077272106,65,2
235.20997085493883,6.48871378617277,100,1
5.407275949332069,3.0670004456317432,65,0
178.50925600245395,6.426605072649831,100,0
176.5106274732525,1.4103581954443078,65,2
113.61237262437422,8.936135233121309,100,2
224.93019775525133,1.4417348756113113,100,2
128.4537114343082,8.402949347783524,100,1
203.0327855374092,6.931480693838076,100,0
155.13519139054557,3.4106707251747226,65,2
74.53938141085318,3.274332379284801,65,2
181.95025890303955,9.660450740822316,100,1
221.0725484537525,1.9498386222368824,100,1
292.17170203110106,7.229587654330322,65,1
114.03268404072404,1.8368230025637244,65,0
19.34176339990533,9.053975206205353,65,1
296.3913663664056,7.419390049014282,65,1
187.14199782766087,9.327046885139367,100,1
283.9351374482308,8.79107712617902,100,1
31.1481258033358,5.494988836328507,100,2
102.61015196113728,1.5222910928787825,65,2
40.18100966181729,2.214595140398392,100,0
250.65304637461784,2.0181787385250494,100,1
264.1028224287948,2.206394427248217,65,2
150.39350996250613,4.76414145080959,100,1
55.98186529860914,8.677934744794118,100,2
38.13569071191256,0.2311460507167917,100,1
176.449233024062,2.3848040659418137,100,2
151.91289737559018,5.968029810996618,65,1
208.43673071030025,8.653234812577663,65,1
91.56217878599736,2.974803868239432,100,1
120.71039850730868,3.8252715918680735,65,1
6.4083221553472125,3.734254097145053,100,2
183.0429135226587,2.93693662929916,65,1
126.94305640394334,6.987626275086946,65,1
275.9293901440344,6.558147224506596,100,1
192.53588931144148,8.432750100100904,100,2
119.60834743490814,9.175773801692072,65,1
79.07675426200511,9.004757980921806,100,1
271.58548278229165,5.401608378787152,100,2
4.87952223523298,1.8569746242451532,65,0
98.07374017571766,2.221620495389608,100,1
283.0516751364105,5.902537984609291,65,1
196.20990209447223,9.183981849842745,65,2
159.81572138498973,5.304314355647037,65,2
61.06041537612823,9.357285447667795,100,1
250.01243227631613,2.6225001791893554,100,2
61.25971877783283,0.8634677775506727,100,2
74.47605945637498,7.962904060840554,100,2
57.55534286155657,8.793835819395946,65,2
47.444838170856585,4.480812565864916,65,2
285.99374879364086,1.0244421767796463,100,1
180.6094788423925,0.4232729452869543,100,1
191.35113960302817,0.6255791559583113,100,2
286.29763970363507,4.391144595831435,100,2
69.1725165376688,2.3481499093858518,100,0
1.7752615793076187,4.61923236506758,100,2
179.66509487108735,4.884895024693544,65,0
152.35345596724758,4.580928520753766,65,0
143.29511321948823,6.199224069906447,100,0
18.56406337385974,6.794037852756041,65,1
136.33045997243534,3.9594539578963808,100,2
86.26786952720967,3.370317121680766,100,1
82.36940316729392,3.684012844368808,65,1
66.71447405372784,0.7018153006372063,65,2
99.75850792637122,3.216307528946637,65,1
105.93992254302373,1.999126461765347,100,2
92.63273290859924,2.9084017206361668,100,0
293.6258147158527,7.1439710070757805,65,2
279.81932565284615,9.885384346760928,65,2
172.3530298574587,9.235529670092872,100,2
294.3164515230929,8.216253145274301,100,1
297.35940309575705,7.371970667271741,65,1
106.78191300519076,9.449376492010591,65,1
133.55626372192336,7.520418458033919,65,1
287.71853309539966,4.709546704643332,100,1
182.587859789606,6.013619257170014,100,2
63.87872485118176,3.057849710903798,65,0
206.8142005009501,0.0330833778697281,65,2
61.723854613826255,3.5361289433166343,100,1
101.80732310155372,4.048298516019796,100,0
68.26804892860547,7.330921575882825,65,2
73.49406478015267,8.592205040229379,65,1
1.3966744700346756,9.62654717869416,65,2
264.2126496598356,3.5179175335625423,65,1
88.79714858273815,9.573969363651116,100,1
25.91231385683834,7.99385556693572,65,1
26.09622170432656,0.3084437773572002,65,2
166.80548293828565,5.9526084703680215,65,1
297.8761651601812,3.656417997750937,100,1
43.50674018105749,0.3401120925491707,65,1
29.88653428489784,5.315030828643044,100,0
131.4911641206272,5.848170808863692,100,2
168.99937615223865,2.522307548315976,65,0
88.31410766338213,9.398797509579124,65,1
90.75662775415992,6.104542371697033,100,1
127.34295055468483,1.759636533705432,100,0
94.2436845451818,7.212568590350434,100,2
274.599475070555,4.991395536342292,100,2
12.586371387188688,4.732340454203948,100,1
70.37104796108238,8.345332627840525,65,2
242.5658388682264,1.381797984582429,65,2
250.18743739948704,4.909867381721712,100,2
33.46652368926034,7.807630546162803,100,2
292.12903500381503,6.6038843885921,100,2
208.00645496973263,0.0541365745253275,65,2
81.77791679507868,7.874505921442761,100,1
136.81135944433635,9.446719148357705,65,2
89.14158587039014,7.046688348417696,100,1
45.00667495632581,8.759009248945572,100,2
87.35341942467456,3.608117189611732,65,0
174.02758124688552,3.506031457915222,100,2
247.7909084506406,3.208645300538248,65,1
109.05872246687316,7.349694269510021,65,1
104.37046216435252,9.420659566545671,100,2
140.4002103243968,8.854007713128079,65,1
193.3666799893039,1.5021390072313368,65,2
225.4848787296928,6.26107734984534,65,1
98.03985143984217,9.959582795273278,65,2
175.9057403475417,2.953684174458593,65,1
116.80825238426472,6.347847930149039,100,2
214.91995510901577,9.066238302153232,65,1
49.40247615510624,8.99548140110827,65,1
77.07745951538882,3.214752822265887,100,0
127.81812595282491,0.9392491493193568,65,2
266.8244369764103,6.460089590708924,100,1
171.99773680520707,9.469674980767966,65,1
289.61883569442347,5.079837278591283,100,2
30.983305584325148,4.5770739463505645,65,2
138.05262409528046,8.639484072972976,100,1
125.72355901361526,4.24596679074246,100,2
180.06185292179052,6.809287043329338,65,2
243.58938261227348,3.886423577382374,100,2
252.43440767491805,3.771374928732564,100,1
201.0583826116525,1.87807565341498,65,0
192.4609092736661,0.8845167030280865,65,2
284.70886261344225,8.851606759140292,65,2
115.1062204915274,1.8121982423608385,100,2
249.83499425654648,0.6221840218616848,65,1
276.45111812768823,5.82308108953288,100,2
147.46177327955908,5.459967483081921,65,2
218.7307735809901,5.677567033058917,65,1
113.10595700127185,4.681048881004887,100,2
47.66370425862122,1.4193635221813483,100,0
175.95116444172757,0.2091483309956776,65,2
58.94149525485957,0.4641392722443005,100,0
137.2797392411607,9.431471458353586,65,1
261.8637939985,5.318542587261903,100,1
25.805456269104155,3.9972093548330014,65,0
9.128560699394894,4.10831816156799,100,2
181.94335421456628,6.521953481916018,100,1
99.31839797846852,3.7666277759418176,100,1
125.38131207777458,7.964590664844105,65,2
121.71317659749946,2.5994291726869467,100,2
25.98606870286907,3.672591294815536,100,0
1.069929803878367,9.349968156907506,100,2
269.5269728592793,2.6028367419795764,65,1
65.33956827112391,6.615858973776735,100,0
127.8236975592865,3.6456727612318,65,0
291.57773900132355,4.711971140515933,100,2
248.02877459509568,0.4518828604812119,100,1
32.379256578810654,1.6723389000681144,65,2
152.5557094837757,1.0191278415858662,100,2
219.0237079485048,8.447151477310042,65,2
209.5178354997637,9.616912582224874,100,2
228.25255572134105,0.6797461431296348,100,1
137.23639646641058,0.7684577019424743,100,0
52.77687879908463,5.521689419865595,100,1
139.4617331758118,5.040349247756386,100,2
194.3661747519876,6.505721327794468,100,2
182.5776259815504,7.368058354965477,65,1
21.15661613658223,7.972194656894259,100,2
19.485730224657527,1.4908338024503998,100,2
289.57734934656355,0.3783572923748413,65,2
45.54163651193132,8.89158872664231,100,1
88.33873920351658,4.6954089371378105,65,2
230.29034464684963,9.712443265209895,65,1
122.90312274695248,5.327694852023365,100,2
54.43945597800981,5.100273755007388,100,1
140.16971469293443,6.22979358912807,65,2
170.68499122900974,1.7014398154237875,65,1
135.8299827834227,2.5404050503863616,100,2
275.6838226416328,9.05806459723717,100,2
85.4097885298513,2.123277499888369,65,2
198.39964820990127,2.329708319833456,100,0
33.68841642296931,5.099841626808433,100,2
117.68563729920795,6.411513535561527,65,2
222.29797547549208,0.0090386661474128,100,1
67.44508217683963,4.5678119059100295,65,1
176.9313136963238,3.990131255607414,100,1
46.0311087627181,8.656191925432218,100,2
30.81050740841133,8.396974670366248,100,1
156.9698246775128,9.059234520086369,100,2
202.5032988258086,8.42050610486965,100,1
34.01011987034504,7.867113636571794,65,2
275.3328757118745,8.590049607907662,65,1
67.73167880924007,1.748065244338488,100,2
35.99259244779,3.408490916843163,100,0
60.80967250506316,6.836183249699444,65,0
50.871736959552585,9.231309585678323,65,1
27.202395183884697,6.669087660239567,100,0
239.35177043361224,2.0794890441100886,100,2
148.6613324232333,9.44665063819556,65,2
116.55583211360484,7.603418039333261,100,2
285.18837809523995,7.165437561544412,65,1
111.30251611943724,7.6250661731113,100,1
50.09181781415681,6.591446908495096,65,1
82.21286757797887,0.2211258376114255,100,2
71.68996007657893,2.5361825963934304,100,1
149.62238386899145,9.56571839959652,65,2
87.45153718637219,2.886042800899101,65,2
154.81835165590854,7.716264844886526,100,2
200.78802748403663,4.244839704091298,100,2
233.1896357139773,9.075277158512304,100,1
213.04733438016925,5.57669054576704,100,2
61.677214936908285,6.318859968545918,100,0
34.76991577282613,2.3962516750207694,65,2
162.73504773037527,0.5752340644311726,100,2
59.673537362443554,7.565562934849605,100,2
25.480116531453977,0.6764328949737264,65,1
158.12830289382515,7.217981913191236,65,1
98.03825553233864,5.554928619618247,100,2
226.84470358155116,8.200237129568555,100,1
94.2574891645254,2.057730894741814,65,1
293.61514111674416,5.415296219335746,100,2
227.55695737821245,6.141713873506498,100,2
17.30796644665864,0.7429779332681508,100,0
152.66182210688285,7.3894068387528495,100,1
168.7861503642331,3.890294352144792,100,2
208.5908132044793,1.2891408937917823,65,2
149.33903911012746,3.8706493329050873,65,2
145.03307952437194,0.9830148571663956,100,0
110.38158350328384,8.87995873037466,65,2
81.43841516975212,4.567599007156424,65,1
283.8600635930204,1.3802806205380302,65,2
95.27900089031158,2.5209567772776023,100,1
19.0263973740992,7.246491033662455,65,2
50.18542178802368,7.86088167175159,100,2
257.1829908123869,0.4131639516716245,100,1
175.99003773701517,0.5988020739054556,100,1
233.6341648131197,9.17185171222457,65,2
242.63446384190829,3.30982227889448,65,2
246.970931763322,1.9332386746836805,65,2
165.1841123233826,1.2305763170323791,100,2
53.13617870973146,4.759574780841151,65,2
44.469825670842525,7.710526944379391,65,2
172.1953261125337,5.211177675544634,100,2
109.95430610570293,0.2067367962388855,65,1
167.4144723737302,4.839049659941495,65,2
149.54335327135942,3.1165707722893754,100,1
180.65942390926452,6.828591701719823,100,1
9.6335372209696,5.235089683929264,65,2
9.851004189037004,9.6533714993442,100,2
216.47855125455263,5.981641540368875,100,2
57.93817314681596,6.324809661065655,100,1
195.6595386576169,5.202307733585855,65,2
163.97277323743634,3.1100548729147945,65,0
294.53834142138703,6.306031579174603,100,1
250.6217636649187,3.329116332384875,65,2
123.94035639940483,7.173481476344775,65,1
184.9238460279495,2.3684643730412134,100,2
35.186837167641606,3.6766136831172136,65,2
115.9158128887143,5.836483265428065,100,0
220.1663223269623,6.284917023884552,100,2
186.80147523859608,6.686128612581496,65,2
145.34139731320735,7.0031646871354845,65,2
52.958731215800725,3.1830637722377366,100,0
240.9437778472634,8.925764076347727,65,2
81.94998132347308,0.2993360825447455,100,1
246.14372449857285,1.8842993801833352,100,2
183.48271883849804,0.7014081956761054,65,2
111.81942838463624,6.715369723857042,65,1
12.18156658799745,2.736652364752272,65,2
69.72565330331307,1.991535072538708,100,1
266.72127764644915,4.80667487573638,65,2
245.39230316871524,6.190475217471359,100,2
172.4559938802294,6.1924608925378894,65,1
139.8967391886381,5.574525294462371,100,0
194.14280379903275,9.919863600197273,100,2
139.87443835299044,8.602147771551126,65,1
193.29145221574208,2.3886020511652077,100,0
92.22122989804735,7.587162596515795,65,2
251.54916537344252,5.692972219797888,65,2
210.57536803958,0.7051904884240789,65,1
98.99268852830754,0.4958108492272184,100,2
249.1998344470324,7.996190528452413,100,2
146.20275925595368,5.449906896759358,100,1
52.39165942123845,5.7132488885453085,65,1
23.313738601058,3.3626905487276426,65,2
209.8817242911661,9.303480711250128,65,1
259.5362412624032,7.133477822503708,65,1
242.2325965783631,9.277724952392584,100,1
196.6953090666456,0.9926725741591202,100,0
42.41251668143041,5.837293493614354,65,2
28.213222792996064,6.375272498276152,100,1
103.5088869035176,1.2599332275927766,65,2
256.47326711963063,3.4626498810368043,65,1
288.5208810919993,2.14804347198167,100,2
72.40825645412137,9.844589755824147,65,1
228.628701174516,5.434151911519908,100,2
172.16076507216172,3.1526091297902825,100,2
9.54221012338282,6.644966520453187,100,2
162.87490497988193,6.595476204252423,65,0
241.78212089680656,3.473303759425144,65,2
82.83683500320795,9.939228589844204,65,2
269.20848719113826,8.08961582488993,65,1
70.87812206239107,4.003181697814371,100,0
22.94193979321629,6.600593442969642,100,0
47.98179283186921,7.105396227289024,100,2
251.1008606162755,1.7381651966308809,65,2
125.19177571185848,8.78159172127483,100,2
239.0836690864973,8.260378099003624,65,2
159.36991829687852,7.556749307154439,100,1
144.16773743832945,2.2267606104312767,65,1
242.0739454477396,1.362498148074317,65,1
127.04628351371278,1.8054808371023607,100,1
240.60981931991049,0.930188092579698,65,2
30.19864948903368,9.402908299681346,100,1
190.89324466177692,8.514944495937362,65,1
210.7761169655954,0.907794668789066,100,2
269.7292188425228,6.779707060060214,100,2
67.29717561485849,2.455873502407763,100,0
181.26596402785543,0.1727365331193708,65,2
129.97696910676692,2.923921375273961,65,2
114.83149666320872,4.400300693127935,100,2
32.01406656358724,0.2003815862086733,100,2
40.26999917848267,3.237200308278166,100,1
251.09653843429388,7.003526292887589,65,2
224.9260296976686,2.284284590344924,65,1
114.70233908733016,4.848929753257987,65,0
248.54597441688924,8.875809130364619,65,1
24.229855447073533,0.2839098320898237,100,0
187.4321751099506,7.85637145599726,65,1
260.4528158142865,3.838928236362087,100,1
251.6592693093748,5.411498910361231,100,2
111.83482798255795,2.3087172766139865,65,2
223.5701559170967,5.789484606603937,100,1
128.24044365596328,7.306996495265502,100,2
252.0414493169848,2.015379296774374,65,2
159.2285850465069,3.432688177663501,100,2
229.45711473151235,5.673789977078712,100,2
23.571474687501517,4.167809969252239,65,1
177.00779148265886,2.9315287788881084,100,2
165.0852532408016,4.516874328968764,65,2
182.99301652054805,2.908277671805992,100,2
208.69248237467704,3.0187358337478365,65,2
275.4326910102426,6.106336772932547,100,1
235.7046245328093,4.770652716716981,100,1
65.89139743047141,6.770722246435351,100,1
247.7688807876288,8.37444998970784,65,1
36.62390328452869,9.429653286288971,65,1
186.65957570252087,1.5135133078026752,100,2
264.82614247378297,6.261903451864209,100,2
30.336616264471186,5.823995382612611,65,2
254.90779599307817,8.669452562076813,100,1
239.5862202690737,8.958899051158326,100,2
151.13263015172123,7.60502591515349,100,2
92.66928068862124,5.95461829015076,65,0
121.63146842146315,1.99262799785664,65,2
290.59744071006355,2.7663839738933707,65,2
60.50926684555391,6.02767088802969,65,2
173.8812863489686,1.39343764293967,65,2
24.97222436360516,1.8396417341056293,65,2
65.36791925675166,9.1143226960869,65,1
228.9949164223562,9.5631200866921,100,1
90.77971210815817,0.0523470492718325,65,0
295.7298211688204,8.624819278530843,100,1
150.245112928152,9.38013574165115,100,2
154.96179759232285,5.257394715645294,100,2
10.894421800720576,4.48900508809563,100,2
286.9580248731798,9.18799496321553,65,1
52.27003226532538,0.0753315673676524,100,2
161.5021796431328,8.404858362467177,65,2
118.70238298761949,2.965760660430491,100,1
124.67541022338172,6.41162206043203,100,2
192.9900498108325,3.231980283578073,65,2
198.62660312774324,5.229447410391561,65,2
46.28658445742906,8.08317162239063,65,2
149.87599593656768,1.812689576743719,100,1
237.14323474255707,6.639186190254209,65,1
132.98594506566886,8.983368355371912,100,2
49.741341247974034,9.01051708548984,65,1
93.9650829470072,8.941209370088472,65,1
63.71386923152106,5.184634350954728,100,0
37.74524037445112,7.677012532329965,65,2
113.27433823060612,4.468577452934134,100,2
162.28087295942254,4.601633871770425,100,2
21.82545758298953,2.838542716165727,65,2
181.147011668455,2.852274688158652,65,2
297.90733205088225,0.378243219650638,100,1
289.2374796060251,5.314716239068339,100,1
248.75204459974765,3.087609144092144,65,2
79.90233384072091,1.8768643295974108,100,2
6.722278943810189,1.2171281877621498,65,2
250.0625108648553,3.469988299574538,65,1
16.71606959361397,8.99010562006553,100,2
61.68842444123111,5.164015754536818,65,2
163.33596463403532,5.56935973447102,65,2
53.51341174309307,0.5432788012310674,65,0
250.1364993895926,5.198463415299011,65,1
233.1479088779487,6.676117409566431,65,2
226.73085172117493,1.507152198594892,100,1
244.83828476927297,9.83553795981712,100,2
65.91053407938362,9.151144877879656,100,2
218.6677128449248,9.931022618236408,65,2
106.5844507775294,3.603169804885008,65,2
200.05342787051984,8.222991561214585,65,2
36.60651858935243,3.287357165715541,100,1
211.67597401935447,7.491295736618664,65,2
291.63231837023386,9.478297826450094,100,2
13.080109595614877,1.5502061629319708,65,0
28.14867035012543,1.40319872271352,65,1
37.091030201404166,1.0440449375645144,100,0
129.16917148239037,7.983507642811442,65,2
87.23405547991611,6.666336051002972,100,0
242.0760460622081,5.223151586336727,100,2
142.13617176028848,7.739126539637215,100,1
145.36120280656573,8.499231777848662,100,1
215.1114303976061,9.495284295795903,65,1
108.59069476072372,2.012510496157084,100,2
105.96217422613906,4.4167662635831135,100,0
227.07791628824413,9.23013341765994,100,2
234.01252375102945,4.613237084975723,100,1
4.319631759845855,4.876550240157556,65,2
43.1371427522199,9.424452306970124,100,1
63.929454344543934,7.346762954955773,65,1
105.4801406273629,5.520481591867035,100,0
87.43442502958591,3.572861986524,100,2
200.55601451648292,9.153494688670134,100,1
248.44057014088744,0.0893850329480838,100,2
57.62609470680725,3.210061980830644,100,1
168.8940181805845,9.460731579518614,100,1
110.3448753243108,4.982037968748033,65,1
151.73336251381855,6.238546330825986,100,1
186.22735253501816,5.3261559720726135,100,0
268.0799456046033,3.973607047323061,100,2
57.68780034818421,6.652824394537332,100,0
26.101976116818104,7.664747268552259,65,1
188.16357571360567,3.6442638183386,100,1
118.23925463178794,5.905214487053608,65,2
48.87080798789657,0.827581449309982,100,2
35.12615020645341,5.475979147588649,65,2
167.67293606220895,7.477496315366798,65,2
90.14117835845867,5.852438399176223,100,2
299.2279138757934,8.784476300163263,65,2
121.7702457992142,2.861931872059486,100,1
63.68598262955481,4.9175606990855005,100,1
188.65471353518333,0.8747995280775378,100,2
73.27646690715207,7.0002091256206285,100,2
148.22581296934834,4.428915116050009,65,0
144.77285511630222,5.303654744836348,100,2
136.06728891472116,1.283946631401096,100,1
238.82570888087247,9.973518258794984,65,1
64.98390043985516,7.719200266050015,65,1
271.29219152114104,4.006297733009594,65,1
237.4021509640603,5.699597173854625,100,1
99.93670927299712,6.187171385551994,65,1
54.18075188404156,9.6076603083211,65,1
83.86050735202238,7.683886101161988,100,1
99.7908740727235,3.496668191002218,100,1
167.079950642114,9.777057083552767,100,1
13.91045064409504,3.017963078337914,65,2
274.30773895561595,5.769460651385186,100,2
29.60245699833329,7.006676785452025,65,0
83.78201823001045,2.711257923916976,65,0
32.78623138588998,9.563610946762983,65,1
77.00184795769805,2.1610990226372784,65,0
251.3021455826425,4.417732239005993,65,1
184.5527434149727,1.7987330164687754,65,2
68.1969675268442,8.749875387729167,65,2
261.5275589398013,2.216012200830617,100,2
240.21361776554545,0.3474143320147438,65,2
226.09478469647416,0.389404025303941,100,2
254.28980951571387,4.137533753659522,65,2
185.89490445549453,5.227776086213014,65,1
150.4312080633697,0.4163863172413773,100,2
112.18050785141682,0.9286534643481824,100,2
67.12920612230951,0.9746295449339948,100,0
167.22349729406844,6.685012848318433,100,1
266.8477037142265,2.9981502050720854,100,2
178.19453669769752,5.6257265335087725,65,1
275.882058516191,0.736959710746754,65,2
107.07521087794906,8.92115560280702,100,2
208.5413917582493,3.0443326842306986,100,1
194.59964173879237,7.782007235370306,65,2
201.13015321882256,8.267030708436714,100,2
193.5126036722378,9.879086373459112,65,1
66.49640248113504,7.410389038657531,100,2
43.07726948494469,4.428055480923226,65,0
293.5884768696176,1.526278163932404,65,2
13.588538652750358,0.4787222888411735,65,0
140.32094610848108,8.862598172467036,65,1
127.52409514255856,4.466633918877,65,1
108.00568746452286,7.499636801553958,100,2
234.59515607301284,4.963304806607789,100,1
223.6050864937548,8.796644771580013,65,1
271.5674770589821,7.496653424750589,65,1
118.64625785607666,0.8545775934710997,100,1
169.25385837883792,7.521469056415741,65,2
267.69211420263616,2.6681414874158484,100,2
298.15441885661534,7.730562115461423,100,1
290.7883087096065,9.48515001250784,100,2
215.35316138062024,9.301322089969728,100,1
42.96826734305388,1.2500023246398828,100,2
6.955803537907979,0.5467223920654729,65,2
247.5655069208825,7.769816399166084,65,2
252.28260734754764,7.099617122642988,65,1
223.90827247904087,1.7617247702018446,100,1
83.97704579976603,6.845673333709929,100,2
191.945357879558,0.1548786589402384,65,1
94.87453254458228,6.311620848425216,100,1
135.19447383027742,8.323055559011369,100,1
114.73052549415314,6.418390009055488,100,0
274.0920260370167,0.6539642073935881,65,2
70.24719922316267,9.909723706649284,100,1
173.28327137212506,3.5609147913321983,100,0
108.29445871015776,3.804781915554206,100,2
198.9213335742677,0.8475133730803741,100,1
169.3689423532425,1.671176816619362,100,0
277.1933044097822,2.7117579351541075,65,2
30.48364551036396,7.992023695299788,65,1
66.19225192702902,6.917488078194305,100,2
229.9043891493168,5.836488297641262,100,1
110.63605196845302,8.63893214548839,100,2
49.73513586861718,9.978051900130604,65,2
150.99637777361633,3.847744582159668,100,2
195.64261848341587,3.9122342799138767,65,2
13.448014246049578,7.360893755328096,100,2
87.48656681023341,6.4434882770751525,100,1
242.82676130881288,0.1339344790039731,100,2
156.07336998305829,6.554273047345044,100,2
10.613764551995995,7.196083899631894,65,2
84.58530158241025,9.859365920753632,65,2
191.7421967938264,5.867710026453947,65,0
59.80784087340743,6.844178110941063,100,2
248.2174218658243,7.887477052745632,65,1
202.97277212509923,0.9595962056739517,100,2
141.41371828433793,7.346521759088477,100,2
274.68713432003545,5.468657139087001,100,1
117.5402312773985,1.0007558293073726,65,2
70.52202316922558,6.698808430641065,100,0
198.42089775801023,2.34504274687683,100,2
171.98855624104456,5.378978534010095,65,0
100.57437027936754,2.8096020971591584,100,2
103.09936839719316,1.0453637697002982,100,2
119.46309259023052,2.508644173008785,65,1
87.34157024381078,4.388066221082582,100,0
213.07242190827677,4.941288586724321,65,1
195.4075215153616,1.4848091929982232,100,0
132.2332957639178,3.209786243327396,100,0
119.35640273377116,8.59390643386588,100,1
109.51538080791153,9.103821318439042,100,2
85.04049641767605,5.351820865306982,100,2
25.708998947117813,4.903616080812991,100,0
80.46140565675016,5.814091246550603,100,0
96.36040460791952,2.1456945588660914,100,1
164.305201879603,9.935711490896145,65,1
232.13655272341487,7.452727209723394,100,2
118.7106434502095,2.387458794395468,65,0
283.42707175562754,2.721464073024216,65,1
248.20498903234872,6.484123875646826,100,2
295.44055436512355,3.228465291898984,100,1
262.8609123124445,3.55316771979564,100,1
185.01778479281376,7.80942670160249,100,1
179.54378634501566,2.6692704968528203,65,2
38.85783802626512,7.052411965292109,65,1
216.71977466747032,9.348848634303774,65,1
180.06205727780142,1.2413515699823774,100,0
152.07963101879542,1.4428419465909392,100,0
207.98606176718656,9.42873100811816,65,1
133.2143528513981,2.035192572358854,100,2
157.15789872248587,0.2090083159874711,100,2
119.5056914409769,8.685079160200994,65,1
215.21126801120693,2.823028869984709,100,2
262.98329116436645,2.9835393506178445,100,2
252.2534817397808,2.269211461851217,100,2
235.80758161484064,9.176668981384791,100,1
4.136311363365275,7.744186470009598,65,1
273.5641391632378,5.967924559760044,65,1
82.46271621701818,4.532583156757571,65,2
266.3921828890128,1.435301187602761,100,2
59.09043092681296,9.259867705171418,65,1
131.89372542742117,7.496635971591542,65,2
224.8196382980741,2.7888353797119603,100,1
192.08368358315172,9.47496065440698,65,1
124.77658140882896,9.351909411648991,65,2
203.58715702208352,6.595188273128846,100,1
164.68485301399184,9.850035570515672,100,2
82.72089199065968,1.8724824548079344,65,1
193.89883364914192,7.313903595877001,100,1
61.27412590335701,1.5217611363174222,65,0
208.19648527774964,6.916912080143946,100,1
0.9332632869728408,9.198518197088095,100,2
164.63175412853093,5.360975615336193,100,0
120.3202882668423,7.630666375267848,100,2
90.9311321405842,1.431217286104426,100,2
154.71239017039125,6.331945703897671,65,0
193.59348976076643,0.6319189613231446,65,1
289.5936798640395,0.3689787617525619,100,2
249.9193469664293,6.340625826361444,100,1
215.14496492514323,5.728085801661566,65,2
143.69007350374392,3.292511418542809,100,2
117.64323589930628,5.129296101777527,65,2
9.758896375799164,6.843401501031771,65,2
107.72907091771444,6.447278177077649,65,0
254.51314160178492,0.7363251145112826,65,2
115.207374592887,6.781193214714616,65,0
138.47549971864393,6.595330792736181,100,0
81.55032720747143,6.6961399166841895,65,1
82.23982764401002,8.473532613490187,65,2
18.56152826752452,5.7670264268628575,100,2
184.14117768594025,9.379008581863692,100,1
134.4208209136039,9.800092796301229,65,2
181.7882422472384,7.518438318071317,100,2
164.06607000865583,3.5868175380763043,65,0
239.65337618915245,1.430984156096068,100,2
225.30357369344185,8.201399190281807,100,1
231.4361559413638,1.466323359344146,100,1
149.77170208250266,1.4616942202626535,100,0
106.16440540617916,9.190425561244531,65,1
280.0309771598858,5.598726743029245,100,1
16.280932114966184,2.933329732635075,65,2
45.7863923550691,9.629838856008812,65,1
125.87972765299192,7.073306849843403,100,1
184.18729577040332,5.348445092028396,100,0
2.4601124420164933,3.2948025477208134,100,0
215.79684579334256,6.766165313893417,100,1
167.6179628369744,7.308951676547136,100,2
145.41082760307756,7.121101804104166,100,1
127.04851164836046,1.953376488156806,100,2
155.84610952218736,6.972442369649714,100,1
48.53572034452428,5.814468756351512,100,0
32.613521783094754,8.500762419230576,100,1
86.89124362555152,6.247688010046679,100,1
212.85143759559745,1.4627668164193208,65,1
176.4863651506489,3.1853271613083924,100,0
144.0369052857038,7.43817665273264,65,1
171.4562897687881,7.399617815057729,65,1
167.77740391180296,2.227147894302386,100,0
92.1125776469776,3.5459331693249374,65,2
29.236784173417757,0.1531964154207143,100,0
269.0347105989152,3.317045481548404,65,1
179.97337878717437,0.2633901749353029,100,1
209.3243999042555,8.728707077214075,100,1
139.19916731008652,6.666472443241764,100,2
226.9441739929688,9.691477704776547,100,1
175.34917919360015,8.919242403480363,100,2
16.14033662915707,6.034752819198069,65,0
267.0291106181073,5.029286633722841,100,2
91.66084403636606,8.83724490734674,65,1
41.36723322640064,2.984150871068066,100,2
26.41230231129473,2.23518240840233,65,2
216.13209415263324,4.100211181592719,65,1
211.19051004130796,0.5319784537619199,100,2
210.0486374439812,3.0197182490999,100,1
274.7258318044698,0.8368032668904068,100,2
104.68290659929544,0.5266093704206365,65,1
168.33991690767695,5.513398158275484,100,2
185.84867489830484,7.081652139361997,65,1
293.84454856993875,5.366745204281356,100,1
93.70384311557754,0.7057737656574192,100,1
286.8993599711821,3.949693507974228,65,1
44.620299924714416,1.1095143539146912,65,2
229.2004368083526,6.500636449567052,100,2
189.86577000612385,8.264064689039326,65,2
245.06881118159623,1.1670572260842271,65,2
8.605672091954142,0.66852765505515,65,1
23.439312881716745,4.05951941536261,65,0
20.90873387074376,3.034736765166972,65,2
177.88783664918634,2.606898507983137,65,1
180.8808202726614,2.11396135953848,65,1
271.83146680649287,3.169250166415214,100,2
140.28105435553348,9.653744363851434,100,2
20.41471650148918,8.576709444814764,65,1
62.85882048675463,6.013570893529527,65,2
2.421928445352872,8.004745605632646,65,1
233.0143575385215,0.1473553775294867,100,1
244.6798310642324,1.114553187211066,100,2
299.3821248852408,2.9246154606387758,65,1
123.65833471592828,6.438989998123973,65,2
5.789512620477755,8.834139876046489,65,1
70.41896444711166,2.3114015848701364,100,2
176.33066029898876,1.3920245658451758,100,1
288.58289011582093,8.479193534340716,65,2
31.07356544123829,4.09135644221263,65,2
36.471906048222834,6.99508440171436,65,1
210.52769558368288,5.480287180947836,65,2
200.16211650646488,1.7591140284918982,65,2
75.15190659354992,7.005753176010302,65,1
243.94343730435568,4.207781861441023,100,2
38.63362664323896,2.877485381706286,100,2
277.72255343302794,9.026982850742542,100,1
60.30957909972642,0.0598582228052047,65,0
24.405711816901498,4.0486973198474825,100,2
101.85662594215638,3.0051199432269504,100,2
56.352386560363485,0.5447949088672077,65,2
158.08236751080986,0.8042326966945001,100,1
206.05396121151784,1.7228689391354302,65,0
147.27647354348736,5.049997266688925,65,2
198.18219954329328,2.8264355340141867,100,2
109.47615431999532,8.378590119956973,100,1
8.376779171591997,2.3997590060035288,100,0
292.2192372675447,7.202211984559103,100,1
245.8240513619986,2.1037667656631287,65,2
22.025647225388425,0.4255256277424435,100,2
134.75291884690031,2.6462172527418657,100,0
190.5057210215624,8.375685256441098,100,2
57.17828117179137,0.822511432742804,100,0
173.39658340883145,3.444956628377666,65,0
160.0945854353061,0.0801681488707917,100,0
62.47955656041143,6.302445701818144,100,0
42.36309278323598,9.427597847265307,100,1
227.68868688559124,3.84366176326397,100,1
96.77593384489012,5.7691793277485806,65,1
73.212160152673,4.522845066088824,100,2
221.3635058417966,9.733307398886833,65,1
220.82060760689455,7.359986616560087,100,2
82.92049690086874,0.4422300168573001,100,0
261.7705383755561,1.0872466603291542,65,2
206.47504952170272,4.704808320613248,65,0
103.72926534646145,6.317459292763924,100,0
128.24689505539766,2.9039588884221845,100,2
218.01290577918533,6.746447096482921,100,1
63.4751498686476,5.765253961775413,65,2
140.62823774256722,4.350925779242544,65,1
196.06750267742987,5.822970258211145,100,1
161.84956440261396,9.164635295518,65,2
182.498503771348,2.4320413873967226,65,1
163.8637498430339,7.912119336362285,100,1
59.76823313700604,0.1195715627954818,65,1
123.0616034917864,0.8479832577619062,65,1
159.5956486432637,9.496855278207114,65,2
234.01882270378383,6.977286648424654,65,1
196.1712711508628,6.333172087475544,100,0
127.97728355578045,3.3405526777338523,65,1
292.31994964774367,1.843371799167756,65,1
32.33865650391755,3.799160725209432,65,0
62.041460566490514,5.983901929100619,65,0
102.3937830094992,6.343818513670577,100,0
68.57162309637305,1.6955066486173145,100,2
187.6325990418034,4.4550192024829895,65,0
11.865218800876576,5.667584694795451,100,2
53.23103528202478,9.599608094339182,65,2
88.00417129758131,5.494231045854612,100,1
205.00373252379492,5.805994101076592,100,2
262.7594647743384,7.651886847312628,65,2
239.54753116591635,4.1891194575113815,100,2
54.62427997507646,3.838678411058421,100,2
169.62172753232073,5.909092084329078,100,1
9.006793603406171,7.8330781058458,100,1
93.16103260585837,6.375817163497141,65,2
241.795138448498,1.8613114955121333,100,2
136.9997141230019,3.9770028070173815,65,0
44.98239668275037,5.125967983291703,100,2
131.5660144464938,5.237443846830823,100,2
59.40987763866848,3.395951389487984,100,0
117.95743735918884,5.224146422290782,100,2
146.350041824353,6.729753919573453,65,0
104.86743375330852,4.6797271317528,65,1
281.09068513015825,4.5134736364222405,100,2
168.7590892669146,8.015828246494834,65,2
252.867802184069,7.56838028209624,100,1
228.2185641166741,4.224049531760588,100,2
198.34989278033297,9.960133420451095,100,1
149.06662449077467,0.6647098736753443,100,2
0.6521351344762505,3.2599573690704986,100,2
184.04028016562515,0.3683050443333879,65,0
106.78723590074932,8.394693823886296,100,1
35.32865004039564,7.556302263012027,100,1
133.38787908362332,6.836766019803885,100,0
220.66599668499143,2.1447222323209103,100,2
288.5033384096112,7.077188483320191,100,1
112.2314673366246,3.553117574647391,65,1
162.816989611493,8.685695018126324,65,1
255.3733150090755,1.995016448938832,100,1
100.19982598500444,2.178407620704519,65,1
42.677173491244616,9.605862903449571,100,1
84.56454936980671,5.1702014775966,100,2
269.7368489425164,4.463857398299799,100,2
47.817932538551325,3.5174870387691404,100,2
98.76631830203462,8.312125208057457,65,2
139.39209315010217,3.52707547614093,100,1
254.133967047276,3.5615697063624143,100,2
281.3139850958924,1.2333415072376863,65,1
127.74309288997644,5.2072638438525,65,2
279.58621450605466,9.237499910166088,65,2
48.437728457326365,9.575392293586598,65,2
47.05568756891112,9.955155419605076,100,2
284.7752458904393,4.73070538642239,65,2
152.90404005849936,7.749480833836053,65,1
55.77235060618618,5.525347322853849,100,0
146.39711117266856,5.4795774625499405,65,0
234.96334661371543,8.06240910714474,100,2
248.0761097170571,8.353579786972213,100,2
259.1907769947727,0.1979325441640833,100,2
170.87127092622555,9.4278985423887,65,1
260.0838043103641,8.229835316062866,100,1
153.0090626409764,7.211087642950411,100,1
182.1179707173232,8.520323727212364,65,1
227.6159406814936,5.372632579692072,65,2
127.63058781315254,7.732635213230862,100,2
22.074446141632432,5.986490042562098,65,1
105.04990705730928,5.429307239840149,65,2
187.1832650387881,2.1160772232050795,65,0
57.69971089184306,8.474150296349755,65,2
44.515609049892014,8.838710166161919,100,2
87.92416337743128,9.711926244543028,65,1
9.633438683346409,1.204386659356167,100,2
223.02686942607596,2.9157419446390263,100,2
77.61468065650163,6.854056795619487,100,2
37.27151899097986,8.552293495203315,65,1
209.7388247890306,7.513041753377596,100,1
252.87840376298635,4.55592099581824,100,2
5.962678758533535,7.259773988662549,65,1
70.07993122236745,0.7212490649743442,65,0
283.56969746087503,6.62538447418253,65,1
115.57624077983256,0.0801286130917222,100,2
281.5776190145794,0.4754877073650487,65,1
82.26376151120321,7.572955581393032,65,1
65.4202906715796,4.776270455086328,65,2
64.23252351839876,0.5955098408711135,65,2
25.56859812748148,4.818611942670116,65,1
268.9296865527377,0.627543304705318,100,2
293.9505067898704,3.4603224321170423,100,2
286.3526421814914,1.573726055311332,100,2
255.6084419481822,2.1937246539189195,100,1
254.06637229529252,1.9560560418311468,100,2
198.3256401506963,3.717679249556919,100,2
247.86411358518407,1.0790831673317236,65,1
62.502709302914326,5.277364499400187,100,2
116.37378911613855,4.071010137537614,100,1
192.2508879884244,8.398650434200675,100,2
262.4313997684789,8.259250922704734,100,2
198.1408387106351,8.242777822407227,100,1
251.70658750026175,4.69639276134729,65,1
142.18485475478923,2.907886087762608,65,0
215.19112131151329,4.154012740996672,65,2
293.994241912526,6.873717386847091,100,2
46.04656713892732,5.29786356482415,100,1
278.076207694767,6.243041050681296,65,1
156.70918435257082,6.937177386160651,65,2
192.9654092190174,9.183632949425638,65,2
263.36070207315385,9.43975832949832,65,1
122.89625176569508,8.404699985140113,65,2
125.6077724670152,0.650614965109978,65,0
158.1545509041301,9.793350046453114,100,2
5.730625349055174,7.0363072617027385,65,2
148.99985428300525,6.933921491260452,65,2
87.3261794982691,0.2310598220936666,100,2
278.3862547175344,4.793999212953039,65,1
26.320589625909395,6.264996895156622,65,1
137.79613860594054,2.7850940385040355,100,1
284.2404511132083,0.8324003278844272,65,1
270.31057509554324,5.324448611250153,65,1
210.40453271236507,4.4629455824520905,65,1
176.80831559882242,0.440803241385822,100,2
84.21928113985204,5.194180965915223,65,0
110.08713382573644,1.077168367886031,65,1
27.04045942623817,4.2455077552739535,100,1
235.8324893274713,2.7041291023875647,65,2
97.16093037114352,9.704708113777908,65,1
200.3345697090622,0.3473323687771834,100,2
107.27843315958404,5.600232360909704,100,0
139.2991324188788,1.5192032210595696,100,0
166.5007417129185,3.192941115712613,100,0
240.55572251718107,1.839009715307931,65,2
63.34691326220412,9.951468797123551,65,2
119.62961604895692,0.3236206711320766,65,0
39.02447156754527,5.413564591406672,65,1
22.72815147637779,6.08042714658387,100,2
181.4023068506376,7.721678956955529,65,1
56.7273133076708,6.259835163317904,65,2
17.939802577829646,2.3134690678373016,65,2
269.1293793619216,5.980388829968575,100,2
160.29432593561876,9.749668766753668,100,1
40.38846222089539,8.484517686047601,100,2
16.027838234264912,4.534971138552021,65,0
35.95801602409684,4.774082177737754,100,2
141.4011720961842,1.3290839762233442,65,0
200.53957655066927,5.69925122835963,100,1
192.38402249581367,2.802433929964514,65,1
43.32692587934955,1.0811425542469877,65,1
190.04668555131263,4.742094054142564,100,1
121.45968726527984,0.4507128402216243,100,0
139.4231352898395,1.201317434298894,100,2
240.42912187359516,2.1904398587395315,65,2
99.7498118038915,9.906346168791988,65,2
44.09971414900613,8.084816002702894,100,2
262.0359400699021,5.417583363656534,65,1
63.6391727599014,2.325653842314068,100,2
88.20896116639281,5.189198888498055,65,2
211.97701767078672,6.489970860780717,100,2
205.06509511728217,0.0456391702254499,100,2
240.1200063851486,9.878936040816122,100,2
55.15999243438232,6.267810005280847,100,2
105.68396799426098,9.88246474567894,65,2
37.764971686878326,4.690657930981324,100,2
162.31174415058126,6.235073505622747,65,1
87.77117776161036,4.614607422184392,100,2
206.6806923025688,0.0948364277726243,65,1
0.1033103953623215,8.498917160952997,65,2
17.904899537873774,4.490016105023933,65,2
129.768090155803,4.709361919267762,100,0
287.4552467926705,3.5996413935292737,65,2
267.2554162077549,4.3265646753901095,65,1
298.20270841859497,7.255507166350357,65,1
125.04906745921346,7.006244813591657,65,2
13.970545882125462,8.08378955676464,65,2
91.78684260592873,9.74667069176325,100,1
202.73125565218544,3.9116523252295954,100,0
40.549142930224576,3.3895951786252345,65,2
89.99165362800031,4.935250647767212,100,2
16.849849363457604,1.5438956247763125,100,0
142.49011151707026,7.580296120286251,65,1
62.67620330852638,5.8113792509313145,65,2
27.374408069700703,2.1134072633695755,65,2
123.36474284474372,8.640350520056263,100,2
105.36762131224648,6.190625173897032,65,2
161.2553210836477,0.3403932032538925,100,2
224.71159659409173,1.965168887159208,65,1
33.77062092795157,8.910934871926031,65,1
237.33767706300256,3.8104555641165,65,1
7.886993962554034,9.843515857275806,65,2
132.93057074875435,5.297522869609392,100,0
176.2290860657646,2.07915146922475,100,2
287.0996019419393,5.938945598565542,100,2
172.1769080608949,1.0235093851367627,100,0
47.62475798141658,8.075147175000643,65,1
155.26254160317274,6.2784020910128415,100,2
118.73518415742484,9.639466197949512,100,1
143.8066702800731,6.901077906924965,65,2
59.129104397726174,0.4915035566549075,65,2
150.24811269338156,4.764282405352343,100,2
45.01192928726305,5.313102423893735,100,0
223.21292420726093,9.167759658120744,100,1
178.17187806767936,4.32466791556636,100,2
23.55830747753499,5.935135727652595,65,0
266.88434037869393,1.8595610469037227,65,2
184.9138813846915,2.4462614079332723,100,2
94.83211653834942,5.485867645183811,65,2
13.692719858193092,6.969845637682129,65,0
189.66800873148992,4.354607009209911,100,1
112.03207840450104,4.326685647154925,65,2
272.2854314635463,2.5599428703976743,100,2
10.463349814252364,6.981307656215899,65,2
11.730730602673,0.0547287571078825,65,2
284.78978607208063,5.12768640308113,65,1
289.46218370385185,0.0356475503165221,100,1
8.32266803179158,5.934679098254813,65,2
214.80997048239823,0.3090649159133907,100,1
66.44845569865214,9.400670798976384,100,1
210.41782988582176,4.7795376222118175,65,1
260.6198389973951,6.840227313787992,100,1
30.24944365868262,8.53598474565094,100,1
71.6299250286126,2.354221141446607,65,0
7.223300497948449,5.400539021346633,65,2
13.14895363333224,8.634495842408935,65,1
8.885357465332255,5.377736080092311,100,2
240.20470692792435,3.927724962045982,100,1
89.487803529233,3.688698076136945,100,0
147.96343187159673,3.841083600922499,100,1
236.3532790791049,6.1543128833449,100,1
148.4830988120154,0.4566114551783073,100,0
128.75881878737883,4.153828745822054,100,2
3.471961946837643,5.60589128746821,100,1
170.41185076102684,7.863807874336549,100,2
37.42292344112592,5.299937456079618,65,0
229.39447223730787,9.261727351144868,65,1
77.32131714450587,4.437729923703895,100,1
202.2562232425965,6.507941511563512,65,2
193.86705834740383,0.1758111279419083,100,2
185.002680879006,2.384480673905105,65,2
80.08560226115779,8.154573463985903,100,1
80.12693315267045,5.862150551551009,65,2
258.9144130323989,9.461730610306097,100,1
3.842199789128098,7.52876437316287,65,2
54.45679003618737,4.4966385825028885,65,2
183.0512752925955,7.787112680783531,65,2
245.1138763209509,4.677867816240116,100,1
107.5036526018576,3.301688714215953,100,0
196.03303758324003,0.470960719829645,65,1
167.1469258860709,8.656233638198733,100,1
19.36203134461062,4.189417358894446,65,2
186.52505907920343,6.8517028502442106,100,0
244.17104168174805,1.5305948529765023,100,1
297.7344960898228,8.28962356951751,65,1
8.892021795516857,8.2420044603869,100,1
198.0174517751604,4.82147596249793,100,2
124.36486594438864,6.7214470810768665,65,0
2.936366611861585,5.214538418828122,100,2
184.3082831125534,5.522659720690399,65,2
36.72818956669065,8.888015671887535,65,1
113.57005505674098,9.669157313406076,100,1
78.41012774652069,3.6749894310333286,65,2
108.3490206813298,3.317331262437672,65,0
147.80867445028488,3.03807436079506,65,0
107.76285974685436,7.707587938091672,100,2
165.81956117686175,7.228974596306105,100,1
71.59490706985613,0.4380007604925862,65,2
190.60853022851447,0.8844089070575578,65,2
256.12890123745603,6.462049003064708,65,1
67.22011407456372,2.749586242239288,100,2
152.36316475668676,0.915803160649502,100,0
194.6069353649666,4.136637118025832,65,2
169.38783936402484,8.77482829262491,100,2
109.6948338576678,3.663117835134724,100,0
192.6599124017245,6.956300387833839,100,2
8.473861863022869,9.00574869576131,65,1
110.97186959892991,1.6931308134390222,100,1
159.78366439230095,6.0970173184192,65,2
6.183947650759403,9.076592420778727,100,1
152.29464890528993,1.9341309438911305,65,0
196.2763382296885,9.887126137883724,100,2
227.76230931391356,3.650835298469132,65,2
34.01222442282912,2.1752581020440878,100,2
297.1694624675085,8.378194514832966,65,2
181.85031040052863,4.679089853213132,65,2
108.958137783699,6.706781794550349,65,1
74.72785633701415,4.896072140755521,100,2
171.86905850502438,6.4352779793768455,65,1
264.5134941499712,0.3536881499690048,100,1
156.16961884240942,3.5018022653248506,100,1
198.44161668148809,6.57311859302041,100,2
107.30893186216804,3.507805820453042,65,2
116.44568642669178,7.7575462009429375,65,2
85.8525317315676,9.608845089316642,65,2
211.69118831047192,0.3741144785555306,100,2
107.75626602496952,8.55318155245047,100,2
57.21492121237177,1.6906401749676403,65,2
110.82017134987136,9.173370942145612,100,2
256.14816234982686,9.46792746098452,100,2
221.47561307307703,5.691796046171994,100,1
100.39225333906916,4.790121214881128,65,0
272.0426894510107,7.584998953091039,100,2
22.449790535240087,9.180215118610636,100,1
14.926137424092968,2.3244607206232293,65,2
38.241106435572384,3.8244144180352544,65,1
34.93642675758093,4.175359949048804,100,2
26.350294503702155,8.4582124721472,100,2
198.4027835993977,1.3691702100429215,65,2
180.2527138966272,6.230441822561943,100,2
194.2816531745144,3.5094130353783246,65,1
206.509816248609,8.85514125354327,65,2
227.06392574420397,3.3979087845237133,65,1
62.15307824592311,9.77946284826768,100,2
186.69105397043995,0.1563210901389677,65,1
174.014597800912,2.395536226966801,65,2
283.0980077410421,4.573209132433972,100,1
69.71031727189457,2.563245829841969,100,2
17.616880312299422,7.373935111403973,100,1
196.04852091436297,8.145514690690876,100,1
222.05185207101357,6.975079945422467,100,2
84.9588017422652,9.703984833089404,100,2
171.2545292819007,4.560380015360261,65,0
17.860819660245177,9.797697953768584,65,1
288.0134523504867,1.2461063044989906,65,1
32.97749198975058,8.459446542530193,100,1
20.27116084559871,0.3844128885778963,100,2
13.233047848385716,5.319165664283611,65,2
128.1815719510058,4.844716128770613,65,2
29.147923037157007,8.562996167322737,65,1
223.39447228667257,7.007324402289807,65,2
269.6622481879217,4.410565202466569,100,1
78.06567969745711,8.956715540147002,65,2
188.6319357754197,8.858693971585211,100,2
12.701534103545333,0.2473183332809525,65,2
115.96934150783862,8.710185792233622,65,2
87.8826340283185,5.2658535665068325,100,1
68.58572893210764,8.389608326644769,100,1
193.4170468886097,1.8132359604617343,65,1
39.068383907560886,1.5109551937925192,100,2
258.2131569890965,7.222031457029518,100,1
199.4507719106204,2.7535769519009423,100,2
213.2205536064174,5.58840551505265,100,1
280.6032925973004,6.888155387944344,100,2
282.7118614507544,6.104075089729521,65,1
165.49569714577075,6.989654734107646,100,2
148.61394518579414,6.203572827750506,100,0
100.61448246807304,3.7912803116476033,100,2
214.67148306074048,0.904944156727122,100,1
161.46266609394388,8.553451479566025,65,1
279.8625239220374,8.460082198881139,100,1
71.58778461378161,0.056790625351375,100,2
93.07580587514722,8.408654976200182,65,2
94.82713422599062,1.5098880607468568,100,2
241.7995363670121,3.3286260306393665,100,2
29.7120995526457,4.133486417031502,65,1
136.69473629669392,6.796308488782048,65,2
128.2742210919142,0.9241548527305176,100,1
21.94188630412758,8.266455892134614,65,2
123.23909956330414,9.427477862870044,100,2
154.0133949851944,9.526958686313398,100,1
19.53140775147397,0.9183800151895116,65,1
152.9586385334002,9.193802535702474,65,2
287.7713714050203,5.6782889704150765,100,1
293.6742969484597,7.269285625833536,100,1
159.50393357694335,9.305967064992457,65,2
154.52907978088768,6.609954565914285,65,0
85.65244992491743,4.56739445679299,65,2
299.13464151363047,5.251118333696205,65,1
82.26875130756781,6.84503479039147,65,1
135.8703901319869,9.44698901255866,100,2
0.8802173408029579,8.898086980624091,100,2
104.76968727274108,5.770672553159917,100,1
21.43209018264717,2.110102690779331,65,2
223.1474311155397,3.467291246846258,65,2
168.30433590897968,3.6180749825992775,100,2
171.65156318629695,2.891740339853255,100,0
85.9533857699109,7.467455841016601,65,1
244.46888707589207,8.359876016280008,65,2
0.9812775993750522,3.1983089417649344,100,0
100.08035374925764,8.46125986548245,65,1
197.8492471376603,7.344374078796595,100,1
272.3767612250763,4.411164796345377,100,1
70.38478707756992,6.986630299108879,100,2
162.33001551822542,7.693383112842795,65,1
161.39742615999631,5.610311042698535,65,2
262.2523107131099,4.431133892764727,65,1
15.155066867952703,1.0171444692194789,65,1
127.3426683212122,0.0136967111948138,65,2
54.73970243757946,9.372513105826416,100,2
6.459780089579414,2.6748477911149915,100,2
44.10928215614484,6.629840205834841,100,1
292.94120185445973,9.433611585013026,65,1
64.45455285608037,8.182912783790817,65,1
280.50923200074,1.225828042493744,65,2
61.5763027892825,8.019124504453412,65,1
279.38856821534534,7.263930989760119,65,1
196.38628056009432,3.2939710268723177,65,2
33.96557325057803,6.896017983506722,100,1
174.57454653797333,8.25887225649845,100,2
95.55421126208358,2.914219088697245,100,0
114.94594679342106,8.69029274680798,100,2
132.05128735049192,0.7881438406407559,65,1
126.81210675910036,5.274544542312556,100,0
199.23266714490867,2.332196564605493,65,2
230.51042057722893,7.280104945350767,100,1
98.7533067603364,1.7486599142830284,65,2
277.3091885057069,3.414537891720792,65,2
281.53989420566296,1.2738575679471464,100,2
12.20713114534302,8.119147389555101,100,2
4.472636664905549,1.3227478399124482,100,1
127.5198990453183,7.231516059877334,100,2
177.19357529629755,7.072302179572338,100,1
83.37142423561849,1.423683871615984,65,1
77.82412532573231,5.660510763517282,65,2
203.5001489127572,4.968793183125032,65,2
180.51128539667093,5.945045689824755,100,1
50.14406249793289,9.372276325135385,65,1
265.35028897954766,0.8053702243535188,65,1
203.99282104832096,8.205037303723469,100,2
108.7728747507025,8.621074619474168,65,1
205.087406997345,1.2627409032922632,65,1
33.79592603034478,6.561061383591726,100,1
140.47683737221683,7.02123147889142,65,2
50.69532286786779,5.486662825182007,100,2
12.429373838530989,5.029299582923315,65,0
101.49788108648993,3.178184261252458,65,2
45.22064504423498,6.8908158626290135,65,2
190.05538708614745,2.855466580556282,100,2
202.2203682053131,4.60023187037104,65,2
44.607691867981,8.573691673170316,100,2
7.383901681027883,0.8954001310625737,100,2
237.84316849054807,5.283702569689202,65,1
0.617106218568686,4.86074060521,100,2
103.17392675513662,3.784813980869522,65,1
148.37498941370094,5.9752969283829085,100,1
245.59265656152985,0.1562650170645652,100,1
251.5675928238422,4.924695749501958,100,2
217.48183218313665,4.856905404317594,65,2
74.15928676196935,5.161122916423077,100,2
216.05608029575123,2.124402563171354,100,2
73.9617593630825,2.075965005709421,65,0
64.3824575195105,6.472025582623911,65,0
164.13838626915972,0.9272750588997392,100,2
203.6563331502188,3.0592152257775584,65,2
15.915529773504176,8.308159265355876,65,2
18.006780337382533,1.0376377081321495,65,2
235.25120604503692,4.680659893526772,100,2
257.84917528964394,6.686307477945304,100,2
181.3322749025682,1.4164436104768583,100,2
128.6484029120658,3.1246286404649477,65,0
253.59494387975576,5.587561807982272,100,2
218.64510983259905,3.272278548967431,65,1
173.8782595293806,1.0993777791777792,65,2
95.927136584629,2.3240636209139898,65,2
59.39851849704488,1.094153450149965,100,1
125.6019117814547,9.83555713045802,65,2
86.04677278806346,2.3564860381306687,100,2
101.77757632033828,5.3055397063038034,65,2
154.68931659360973,4.285219099683934,65,2
50.728187085482936,5.695135964159953,100,2
241.85300402214764,4.980911119868018,100,2
43.65883851443023,7.271618406684521,100,1
144.2980918262857,8.730138970481875,100,1
223.79140142413095,2.8529938728966897,100,2
145.5062123068789,1.8360676552431587,100,1
108.30661907659164,9.84339847680901,100,2
142.46739174682529,8.660724599352974,65,2
254.60120966224216,3.6391828629628256,100,1
297.12950948518727,8.947868065729791,65,2
189.34298678683064,6.705463113530142,65,2
238.03321279461025,4.374206400107381,100,1
4.3466058477866,8.734219519460515,100,2
264.1093228573718,6.752827186331976,100,1
286.21492797837544,8.264512228572865,100,2
172.55080252727114,4.1775974305230354,100,2
226.14145861806597,7.987154527838223,100,2
153.82342288802246,3.669269391940592,100,1
85.86112213667691,7.350790865007168,65,1
255.67439159490385,4.355305418462479,100,1
179.05101359878253,4.0519460481774505,100,2
173.8149251374221,7.966329488715274,100,2
197.73966115236192,1.2503678154392772,100,1
256.8009497486545,9.28209021490593,65,1
219.5718377312893,5.086807323061816,100,2
63.33725826472357,6.3607439874102445,65,1
140.04706332219587,4.052614928599542,100,0
294.08949959586187,6.458746494792665,100,2
166.3682141288324,7.098514498098689,65,2
281.4736060412396,8.684773354970053,65,1
244.0108458939168,8.54378714587408,100,1
199.80703254262764,3.578147000403964,100,2
104.80956079792657,6.158528709731044,100,1
91.2958042576317,7.8057729839297725,65,2
193.0263195892764,7.648634901018825,100,1
129.76837225392325,8.909314488955628,100,2
239.6260868450181,8.319435395305138,65,1
228.1370218620588,7.178559262211771,100,1
93.63914602155428,7.488552349145273,100,2
210.8186349185286,8.07443756421509,100,2
148.36505702915522,8.378885106523652,100,1
96.98763024419912,3.526690287367976,100,2
123.889977829392,7.818107338361971,100,2
268.60556016367855,9.492089863073982,65,1
107.85530763676216,2.329633882711338,100,2
86.21978199583741,0.4823495839853564,100,2
105.54216621304134,0.7239629145940996,100,2
64.38553086260751,2.167181803737757,100,0
163.3904962188986,9.19790366610396,65,2
44.23093089675967,1.2679608388349473,65,2
245.2331359310749,7.476030443558185,65,1
67.67407417368783,8.670438311189045,65,1
179.4165082618937,8.775210218837566,65,1
37.50764967596807,4.167485849112248,100,1
293.53594446429787,4.952617349823082,65,2
136.37263766809414,3.2324885566441885,65,0
246.65140222764435,1.4734438987681064,65,1
230.59435069499511,2.1217127487341534,100,2
214.10791414370365,1.3478514207200265,65,2
248.2094613613829,4.0752226816727575,100,1
30.13908259791175,1.7034558339886483,100,2
203.54915924158863,4.034007626472436,100,2
79.74817058213435,8.511891287399997,100,2
235.7614992199769,6.54515628177051,65,2
287.0606279543666,6.62751780095645,100,2
270.4468589528087,8.118660772875291,100,2
34.48566674209983,0.4119350730697124,65,2
110.8657262018463,7.945108947770535,100,2
109.29682715927991,1.9634884214127624,100,0
36.68887990785918,3.459269046027924,100,2
29.437816004048237,3.080428235540186,65,1
115.4670404907545,1.056555479052359,65,2
297.6214651489534,1.737099209677223,100,1
170.68279531988256,9.563471968931715,100,1
186.5344885812769,6.002722567988084,100,0
141.30567300560472,4.739717612944735,65,0
198.69916569120684,7.57794782524617,100,2
286.99862422343085,8.137393757112774,100,1
176.60938608431755,1.1026285390554669,65,2
19.51153791635798,7.409054154641047,65,1
147.8671707504596,9.32396538488209,65,1
297.82538197558534,5.854360817691903,65,1
116.22081617827898,6.14156951487997,100,0
178.16437116434165,8.70407290102308,100,2
31.9910290286451,6.794825593918636,100,2
42.35414962097007,9.952675116626834,100,2
262.4044359461888,2.8269363602310307,65,2
90.10338847548344,8.454805779343399,65,2
91.6353820063779,6.124092208771837,65,1
116.16389880069843,3.657355405859706,100,2
289.94360187135675,8.83059670590898,100,2
25.31714881106293,9.962462561099985,65,2
245.62923076540048,0.5784936882546876,65,1
102.46736293979592,9.255227566662931,65,2
254.84040779564248,2.031110026274199,65,1
297.5266948513627,2.0518802190649907,65,1
104.60022306352435,0.4175609193760565,65,2
38.80690986370657,9.221877339216588,100,1
43.31264939487848,7.593980389483716,100,2
227.6222672847558,0.5344918720596015,100,2
43.47646570144096,6.335352094020657,100,1
78.12647056039098,1.201344394184274,65,2
61.319503098623926,7.514052214522088,100,2
106.70356920929476,4.090538429544306,100,1
22.30997254490624,0.5177683362962959,100,1
257.02274472217744,8.294074490487336,65,1
258.0438935402981,5.724132747533886,65,1
123.87986954480694,7.72868178636624,65,1
183.62627070704255,6.745308510669328,65,1
192.5854712712914,4.343961747050934,65,2
224.77743460377863,6.986664595350609,100,1
156.20702626321534,0.1475346091355933,100,2
153.1008136325058,3.3973755898202427,100,0
189.39113319846325,7.778533960269276,100,2
210.91451870096327,7.630619068136955,65,2
104.00711310877551,8.874093672096532,100,1
99.11114198064452,6.110455203582075,65,2
80.91552122877276,9.42196802094204,65,1
164.65396659382455,5.577122066160269,100,1
108.04670686673172,5.004540067075794,65,2
162.09398031228957,1.972166089607156,100,2
121.79542974807649,7.788364191746733,100,2
251.02025476579823,6.920571548710033,65,1
21.93907192363822,4.607606846614418,65,1
171.66317808140238,0.871087481047752,100,2
172.68712517615933,1.2570238078454454,100,2
115.11519316160997,1.144611959542261,100,1
126.30626836894297,3.755993080891961,65,0
240.03940826487857,1.5897757404680202,100,1
84.20211307810045,8.608420992632066,65,2
261.42113742784886,8.993461204826652,65,1
268.902991240408,8.567690646256908,65,1
195.1857913206588,6.088549384353267,65,2
231.85731411242952,5.96355398476708,65,1
183.88425850634653,8.909240864758278,100,1
157.57773412397748,4.063081606638055,65,2
290.0033262750689,0.6234431919088446,100,1
84.79648926823926,4.70393157115168,65,2
46.24528399293364,5.537104626310506,65,1
86.24560894275459,5.49452144980179,65,2
184.38768251383357,1.5900407951108309,100,2
55.55503143034311,7.834129733285869,100,1
272.64421296789425,7.3196690927124894,65,1
123.3073201996178,2.2985293373080493,65,0
254.98886348755303,5.5122927972718205,100,2
74.77096335864502,7.903282086868517,100,2
93.95050652482426,0.0768462297417726,65,2
17.767019151748976,2.7515480679055218,100,1
77.33030765567219,4.720378677533745,100,2
147.0941456889904,8.45031600224057,100,1
283.8410753169727,7.98967269870568,65,1
116.67089216744944,1.5099252394785925,100,2
191.92316384500376,4.627418937455296,100,2
128.3130352406364,3.0463670917372685,65,2
14.03755523038237,4.014336595689192,100,0
151.0597877690108,5.406248117973406,100,1
19.774094011176256,4.993405641541294,100,1
265.1099773792608,1.415746394333136,100,1
225.9110885852742,1.2168812270846696,65,2
113.59544137570984,1.302689068430973,100,1
192.06559985738693,8.412882829415532,100,1
33.60844659399963,0.1993535489054132,65,1
210.7664960887953,2.024046335913604,100,1
246.81972269744085,9.558917781176833,65,2
246.5236945614704,0.6602133323292814,65,1
85.28326430719675,0.3632144781217616,100,2
79.12385858304799,3.873293247425138,65,0
156.41930637080355,1.512005628201284,65,0
290.3316485789545,5.657635500578559,65,2
276.1568932818256,3.385809759176933,100,2
107.89154452679452,2.0896941261575988,65,2
233.94885185491324,9.986017164717694,100,1
276.39532922743723,3.411041224626711,100,1
78.2779397152815,6.410064486395823,65,0
249.08869488088197,8.741130398055963,100,1
80.36868807275297,9.223871531983775,100,2
102.9846377661632,4.10127303278926,65,1
59.64620725522624,9.761562579660522,65,2
152.12393972181405,7.245653183985244,100,2
252.99326827837237,5.832757513163708,65,1
158.41564123065368,6.932793327116063,100,2
37.03200290792926,3.6013777314507056,65,0
75.532779668151,4.244053837063372,100,2
168.85856018440168,5.862690537623607,65,2
174.95623667116806,3.26834129427076,100,2
173.07177106346094,7.688117415554078,65,1
23.10104775186479,2.5108680062791846,100,0
226.10876779042627,7.968055098088142,65,1
272.828459696702,1.5215733778438334,65,2
153.15568431896995,2.1739086777168435,65,2
215.64878603155887,7.530939205312629,100,2
274.20464761096537,2.631415610381753,100,2
192.7868264844048,7.953942519079669,100,2
202.29771732931533,7.838699966561087,100,2
216.4213240151864,2.573012392225995,65,1
78.15073543621955,0.730810161279537,100,2
174.8033624150482,1.66360581285678,65,0
252.65253436333688,7.52526728467616,100,2
88.8488190782252,8.46994205494568,65,1
269.1511498790581,3.830555120808063,100,1
186.1145849296896,1.6421883124025791,65,2
126.95245542991688,0.7546974939076134,65,2
186.95488842008788,2.1581602519211,65,0
120.55797170672292,9.796848609457912,100,1
251.4106805544524,1.702730166304578,65,1
144.69557402027914,0.8616700531945898,100,2
270.364007926301,7.854735229339901,100,2
152.94242425434794,6.1541149541656335,100,2
198.11051689121612,5.348213507723068,65,1
299.3233263020552,4.478525519567009,65,2
44.089752302562346,7.018412875140863,65,2
221.0187446200217,6.983549936135126,100,1
41.66166837478007,4.244259071794296,65,2
251.65990972931883,2.342278450313916,65,2
178.9360143486035,8.412634560270817,100,1
281.4478681819378,1.6462230260078514,100,2
259.7869805834605,5.340063135258557,100,1
22.461611240647027,6.926741155481225,100,2
41.19076250365828,6.388769649965699,65,2
180.3512785820476,6.187943305368442,65,0
155.49439198262246,6.625061951460653,65,1
50.569539184033374,8.756549164755507,100,1
38.80776848149494,3.653925709863981,65,0
169.19723503248397,6.274365066559733,65,2
14.676464392499843,6.96966680782216,65,2
262.1205908860317,5.903265535401836,65,2
242.12487594078613,9.030026421471025,65,1
235.6109915133268,6.5477876181793935,65,2
4.79914411222232,4.244290778166025,100,0
14.292283023821383,8.455871011442062,65,1
164.9517363452186,4.895679976460119,65,2
298.3277066682533,5.301632739043748,100,2
102.69486029140552,5.822795040222516,65,2
103.3124449216032,3.227846871379035,100,2
40.283390058595,7.225398325950792,65,2
202.3007411218504,0.9812618711327348,65,2
194.0030066982017,8.688492015914965,65,2
30.39672491374772,7.545377522551885,65,1
140.2236861205053,3.5363180194596366,100,0
200.12247264659229,2.2639310502720376,65,2
148.0548408965781,3.878979455313675,65,1
202.30907455942665,8.050525774819134,65,2
244.8811192294469,0.3157079314239785,65,2
205.7446299365303,4.679242568922522,65,1
184.8342707491572,2.541102128708866,65,2
256.07707708334794,8.749513999200131,65,1
270.17657036093647,4.1384157389516,100,2
116.66593115274124,6.978983278806124,100,1
51.97496631716578,3.578924903331544,100,0
245.3581212024152,3.296996681710821,100,2
64.12593218984495,3.258728741691624,100,1
278.68520092472573,6.781746111659592,65,2
6.863383566571035,9.642408935724864,65,2
276.3813547857911,2.0814475389782983,65,2
176.75489778361882,6.439012346666534,100,2
232.4226349538644,2.654344325611806,65,1
119.54777611932134,5.493500523413476,100,1
297.514887572664,5.415988506671559,65,1
68.26542826988712,4.500460193620689,100,2
79.30309879145243,4.9864414750215404,100,1
15.42973321124188,8.802311481464377,100,1
282.1420089184315,0.8860452519433304,100,1
136.80879107960283,8.302831410221561,65,1
202.45572441580475,4.623133312860381,100,0
206.2322182388522,3.335940356999484,100,1
262.35062768480327,1.7714597443906357,100,2
199.4775751939228,8.148064585899679,65,1
168.60635469125614,5.920422315361201,100,1
213.09555725731303,7.2837572090678435,100,2
225.29123970093795,3.149632565649625,100,1
55.77838387454459,3.929592622917767,100,2
32.9001116930259,9.136437288252,100,1
22.454655145668934,9.611822854373818,100,2
112.216048356761,7.398421789662738,65,2
149.40007195132355,7.494260152900298,100,1
184.69496948695823,6.944002770699375,100,2
287.410355906883,5.872099361405738,100,2
99.23634606210187,5.95078329939338,100,0
228.26221562318236,9.638028903639675,65,1
159.40728587846547,7.509115267716195,100,2
66.02697962607506,6.55341296096433,100,1
184.5916287386277,1.890696028792601,65,1
290.15285348691106,9.770739747605568,65,2
37.29248977538172,5.202933697240338,100,2
152.1839293647687,9.437132297461808,65,1
15.482506245158469,7.135575375715088,100,1
96.36488966890867,0.4008083929456973,65,2
186.18080327819737,5.389954997549631,65,2
252.3170808092264,8.926821186053077,100,1
219.0985265178213,0.5178068550843007,65,2
138.85703346464217,8.667275503264962,65,2
272.766827131244,6.133912922210016,65,2
90.8143995071312,0.4452726202053736,100,0
226.1950230675499,3.735983306686712,65,2
142.20270652429875,0.301705942440077,100,1
269.5907264018327,0.0171629775634096,100,1
239.2298464961281,8.964251295111763,65,2
270.44089839212853,7.485783008770356,100,2
64.27435468262202,2.89472007149472,65,2
200.4451296348624,1.1371053057344294,65,2
221.539022424492,0.5443258200686651,65,2
222.7242795847781,9.172223307171553,100,1
151.20013514020127,6.255568521927042,100,2
3.375156704385762,1.605588876649,65,2
78.42923516072247,6.814619634479463,100,1
96.99026250131432,9.988907161325468,65,2
255.6109851845285,7.880274203907581,100,2
252.26574513126607,4.465323069883071,65,1
31.40403121133498,8.141766706144285,100,1
284.9507645313773,7.443066819104128,100,2
54.737245995447296,0.8865319779397485,65,0
124.30783539027634,9.256966253051806,100,2
64.54708983322662,8.841032479397331,100,2
258.09974064880726,5.905595230066324,65,1
224.8206095577936,5.081492057085736,100,2
106.0586420663412,2.277413760641238,65,0
204.56358780781665,8.344578896099744,65,1
55.3100652514627,4.318864095803326,100,2
114.68912771280048,5.793066912111566,65,2
113.13227650143246,1.700874849721956,100,0
71.38100451641934,2.138227581904361,100,0
262.8936148748648,9.852013242242858,65,1
203.65372064373787,4.939999698974223,65,1
83.98179316913979,8.157428784034227,100,1
72.6362281887112,8.297300025354334,100,2
5.386041299771716,9.815103305919717,65,1
103.9746761377064,9.829040154843144,100,1
158.03138499459547,4.569554181914083,100,1
83.31328257251293,9.503203775181785,65,2
210.137482928931,3.654544194830749,65,1
123.52485870337988,6.076391268666632,100,2
94.89535110320035,8.217124299654818,65,1
281.71729763709936,9.137865373453248,100,1
78.84026318644172,5.238392242252408,65,2
119.4772860289969,4.178594581145855,100,1
114.68723655623158,7.285180536398341,65,2
72.35950370137449,4.559275683648336,65,2
65.24302194312502,6.718014293629487,100,2
90.71400564402109,8.042189078923684,100,1
259.2708509793543,8.411272677215678,65,2
230.12486616878715,2.5431404168249285,65,2
204.2998542480157,5.714581210396483,65,0
137.13089779274804,0.2503426334573344,100,1
152.32619538978105,7.977562116013333,65,1
80.1416536480381,1.2509517300750306,100,0
22.29477415077529,8.716845005012509,100,1
99.31216701614468,4.068096048715755,65,1
148.67512679770985,1.6726827782306508,65,2
17.193913955799733,7.958149143997514,100,1
26.46999061713193,2.002863870334472,65,2
78.90756986537018,3.94414673675063,100,2
110.12411207782849,5.668761962167804,100,0
117.99504333561156,3.6002993853771192,100,2
35.36581988640154,1.7902874247449108,65,2
67.74640636043664,4.060937960394306,65,0
78.49417561908261,1.4424437058844397,65,0
20.290462860373857,7.191554625952729,65,1
97.82991017690918,1.7150496431882578,65,2
21.666471826652167,4.823825363703879,65,2
211.03735293290103,5.603782536948749,100,1
115.81432996719312,9.45066939354006,100,1
98.0257168135124,0.7825835410090143,65,2
37.95665145108207,9.30455275018596,100,2
67.95109663346875,2.082263573252808,100,0
69.81156268173709,8.409362646397616,65,2
295.5612644619909,0.9049525417767512,65,2
250.604813852548,9.887023772824625,100,2
4.578687490029488,8.076327528888338,65,2
185.05097723054396,0.6295109934795962,65,1
76.77302892657713,2.141110434320155,100,2
31.31307864587528,5.485449931177554,100,2
211.6799289359264,5.235720111403708,100,2
39.48166484050477,6.29269202956075,100,2
133.1222338589207,4.635066771583849,100,2
189.6495494519773,7.341643057962399,65,1
166.3484268464966,3.4848560374634765,100,0
293.2887294908229,1.7638683678438285,100,2
235.7227839367568,0.3377948502000916,100,1
232.2580128382469,3.247656127924871,100,2
106.67861822430936,4.268788326106522,100,2
2.5186476252425094,6.590687148023172,100,2
220.3232789012065,8.064563462240391,65,2
299.9196252887017,2.4006280160390334,100,1
121.76373232308468,4.932025742693179,65,2
295.65554968713525,2.3373387224547693,100,2
42.51243286030393,9.51165348729867,100,1
88.95370549101523,6.475467568286078,100,2
51.2180795227412,6.779024007160031,100,2
142.55279187804473,5.312241493569239,100,2
239.09442045216613,2.8182976896510112,65,1
102.19850746138616,2.004298809392393,100,2
271.8686811455614,6.566455140829906,65,1
163.44912399893553,9.217071849899565,100,2
139.62732412256318,2.1289369702277563,65,0
236.1107526585829,5.717643343734469,65,2
30.43304911253537,5.293249717969973,100,1
232.1257413632024,6.416530964299325,100,1
72.88560005184802,5.877899432544627,100,0
84.24376415497127,2.727946067322156,65,2
179.83613199602397,6.914416917188727,65,2
270.5803275138616,2.7265981327974043,65,1
173.52208493125946,6.529936797693213,100,1
194.6848046383461,2.999333530963483,65,2
232.97837688158225,0.8242274374613767,65,2
77.79742769774603,1.272233051605084,65,2
248.17010184124277,8.340962474377552,100,1
125.38804472014492,1.2135526111881867,100,0
52.69670804734875,3.305132207324504,100,0
105.03542383833748,2.876417514347761,100,0
73.8393335154676,0.5785970912109462,100,1
68.61408154069376,5.9951953337261,100,2
84.76895961574984,7.987854708761457,100,2
54.279244422626846,9.92329786932079,100,2
200.31052712479288,9.360320849797318,100,1
173.99752711053517,0.4932611167365031,100,1
194.5325678950285,2.575086985542352,65,0
103.11741714844813,4.121182615300186,100,2
230.9200207722133,8.75014347363174,65,2
38.88262228624942,3.600847783506657,100,1
171.34101283840806,5.703123439177585,65,2
82.63589167394217,6.595929975455968,100,0
158.2829702092834,2.9795873657108576,100,2
97.09115257207176,5.819405442136567,100,1
237.15352952738857,0.5088550539641246,65,1
267.3815516514284,4.801832840712112,100,1
222.77436701148935,3.785357385509845,100,2
52.67511385477404,3.5575459738101287,100,2
82.4600695165087,2.348928993110576,65,1
275.8074196555248,8.177342360339804,100,2
131.16603829746035,8.819230045590192,100,2
282.35412280478005,8.881284767717318,65,2
117.73550665868004,3.9610698382856016,100,1
285.5323981771991,2.59161298006413,100,1
277.7216963199993,0.9841229257412344,100,1
198.15806699598488,6.724076692894153,100,2
2.648114538450852,3.3016776509166865,100,2
120.10040459278108,2.766662651846552,100,2
273.3705389086787,3.714381200044397,65,2
265.5330867324344,5.547236785334687,65,2
56.2163400288341,1.6192526266031726,100,2
119.7547487907308,9.613375491022666,100,1
250.6529783638415,7.326140945405609,100,2
173.3633559750163,0.4678566354407487,100,2
254.18977003386016,3.067877856109169,100,2
247.9702153345689,0.502724371688561,100,2
272.24460208574493,2.2948919937014702,100,1
35.16617645837451,2.865908899055733,65,2
43.5645424360547,7.179797279347058,65,2
24.842708690715757,7.187398554862774,100,1
280.58065232862947,0.4532530863217743,65,1
142.54871531336795,5.8812764683769805,65,0
19.297585044734443,9.609106311925409,100,2
96.45897075421236,6.283650452977527,65,2
105.42379233899004,9.605473257452513,100,2
242.8679470430272,3.805591169698345,100,2
220.64306765127688,4.5977829115221365,100,1
206.8161148687707,4.954865119964586,100,2
6.55906577741362,9.239470947050153,65,1
273.20873892791366,3.802810528497932,100,2
64.66658007472248,9.834184083669465,65,1
188.71842140780333,5.431260351434317,100,2
18.54571290342575,2.181207225336692,65,0
24.45782756161635,1.0368804859719982,100,0
2.8731888390366445,1.7287275020088233,100,0
169.77829336359918,0.3928274292052547,100,0
188.8139008850714,6.923102532649756,100,1
15.138690969968629,5.169041800773241,65,1
87.14546542921167,7.379238925560896,100,2
255.43632425340505,7.822621216757472,65,2
30.392510046874232,9.313631547190791,100,2
64.96414936599936,1.1699832768883034,100,1
127.31736254172812,1.8610324411884327,65,0
252.6822307899348,5.482743215433141,100,1
76.45471634256127,1.2952431288518118,100,2
299.14110460900264,0.927217265052177,65,2
106.57854394155852,6.663375988472318,65,1
115.93459754508692,7.247115157685488,65,1
36.6318612692383,8.434004928947234,65,2
204.05937025695923,9.157466783846674,65,1
73.03955483534448,4.424994446545983,65,0
188.6602785885139,9.79874338209716,100,2
66.94731852087797,0.3788699270258533,65,0
116.36168016794038,8.701276220172703,100,2
257.00162758632524,3.214758580703455,65,1
221.671773442221,9.217145021280578,100,1
46.37726998311703,2.226043870231366,65,2
182.3124502122304,7.409936544478564,65,1
188.5921955021428,4.254567760313054,65,0
27.17054205055831,3.814648400257188,100,1
139.74169630078077,0.5941945128628978,100,0
78.20051870028237,7.059117267174235,100,1
140.13904282904488,1.753527602966264,65,1
233.1212973968625,4.629931681908131,100,1
47.47786794309591,1.4130811416941802,65,2
36.99126167641313,6.044778181320027,100,0
80.79494853173188,2.3106123471947013,65,0
285.682635103975,5.943965308312691,100,1
224.3472633554899,9.466157803826563,65,1
5.836758844363976,9.209185003835538,65,2
120.301452745013,2.0046435910899807,65,2
77.21939372411556,0.991856094603122,65,2
